/*******************************************************************************
 * Size: 32 px
 * Bpp: 4
 * Source: Inter, weight 700; regenerate with tools/regenerate_studio_fonts.py
 ******************************************************************************/

#ifdef LV_LVGL_H_INCLUDE_SIMPLE
#include "lvgl.h"
#else
#include "lvgl.h"
#endif

#ifndef UI_STUDIO_FONT_32
#define UI_STUDIO_FONT_32 1
#endif

#if UI_STUDIO_FONT_32

/*-----------------
 *    BITMAPS
 *----------------*/

/*Store the image of the glyphs*/
static LV_ATTRIBUTE_LARGE_CONST const uint8_t glyph_bitmap[] = {
    /* U+0020 " " */

    /* U+0021 "!" */
    0xe, 0xff, 0xff, 0x10, 0xdf, 0xff, 0xf0, 0xd,
    0xff, 0xff, 0x0, 0xcf, 0xff, 0xf0, 0xc, 0xff,
    0xff, 0x0, 0xcf, 0xff, 0xf0, 0xb, 0xff, 0xfe,
    0x0, 0xbf, 0xff, 0xe0, 0xb, 0xff, 0xfe, 0x0,
    0xaf, 0xff, 0xd0, 0xa, 0xff, 0xfd, 0x0, 0x9f,
    0xff, 0xc0, 0x9, 0xff, 0xfc, 0x0, 0x9f, 0xff,
    0xc0, 0x8, 0xff, 0xfb, 0x0, 0x8f, 0xff, 0xb0,
    0x0, 0x0, 0x0, 0x0, 0x0, 0x31, 0x0, 0x4,
    0xff, 0xf7, 0x0, 0xef, 0xff, 0xf2, 0x1f, 0xff,
    0xff, 0x40, 0xdf, 0xff, 0xf1, 0x2, 0xcf, 0xd4,
    0x0,

    /* U+0022 "\"" */
    0x5f, 0xff, 0xf0, 0xb, 0xff, 0xf8, 0x4f, 0xff,
    0xe0, 0xa, 0xff, 0xf8, 0x3f, 0xff, 0xd0, 0xa,
    0xff, 0xf7, 0x2f, 0xff, 0xc0, 0x9, 0xff, 0xf6,
    0x1f, 0xff, 0xc0, 0x8, 0xff, 0xf5, 0x1f, 0xff,
    0xb0, 0x7, 0xff, 0xf4, 0xf, 0xff, 0xa0, 0x6,
    0xff, 0xf4, 0xf, 0xff, 0x90, 0x6, 0xff, 0xf3,
    0xe, 0xff, 0x80, 0x5, 0xff, 0xf2, 0x0, 0x11,
    0x0, 0x0, 0x11, 0x10,

    /* U+0023 "#" */
    0x0, 0x0, 0x0, 0xdf, 0xfa, 0x0, 0x0, 0xaf,
    0xfd, 0x0, 0x0, 0x0, 0x0, 0xf, 0xff, 0x70,
    0x0, 0xd, 0xff, 0xa0, 0x0, 0x0, 0x0, 0x3,
    0xff, 0xf5, 0x0, 0x0, 0xff, 0xf8, 0x0, 0x0,
    0x0, 0x0, 0x5f, 0xff, 0x20, 0x0, 0x2f, 0xff,
    0x50, 0x0, 0x0, 0x0, 0x8, 0xff, 0xf0, 0x0,
    0x5, 0xff, 0xf2, 0x0, 0x0, 0x0, 0x0, 0xbf,
    0xfd, 0x0, 0x0, 0x8f, 0xff, 0x0, 0x0, 0x0,
    0xff, 0xff, 0xff, 0xff, 0xff, 0xff, 0xff, 0xff,
    0xff, 0x10, 0x2f, 0xff, 0xff, 0xff, 0xff, 0xff,
    0xff, 0xff, 0xff, 0xe0, 0x5, 0xff, 0xff, 0xff,
    0xff, 0xff, 0xff, 0xff, 0xff, 0xfc, 0x0, 0x37,
    0x7b, 0xff, 0xf8, 0x77, 0x79, 0xff, 0xfa, 0x77,
    0x40, 0x0, 0x0, 0x8f, 0xff, 0x0, 0x0, 0x5f,
    0xff, 0x20, 0x0, 0x0, 0x0, 0xb, 0xff, 0xd0,
    0x0, 0x8, 0xff, 0xf0, 0x0, 0x0, 0x0, 0x0,
    0xdf, 0xfa, 0x0, 0x0, 0xaf, 0xfd, 0x0, 0x0,
    0x0, 0x0, 0xf, 0xff, 0x70, 0x0, 0xd, 0xff,
    0xa0, 0x0, 0x0, 0x5f, 0xff, 0xff, 0xff, 0xff,
    0xff, 0xff, 0xff, 0xff, 0xc0, 0x8, 0xff, 0xff,
    0xff, 0xff, 0xff, 0xff, 0xff, 0xff, 0xf9, 0x0,
    0xbf, 0xff, 0xff, 0xff, 0xff, 0xff, 0xff, 0xff,
    0xff, 0x60, 0x6, 0x77, 0xdf, 0xfe, 0x77, 0x77,
    0xcf, 0xff, 0x77, 0x72, 0x0, 0x0, 0xd, 0xff,
    0xa0, 0x0, 0xa, 0xff, 0xd0, 0x0, 0x0, 0x0,
    0x0, 0xff, 0xf8, 0x0, 0x0, 0xdf, 0xfa, 0x0,
    0x0, 0x0, 0x0, 0x2f, 0xff, 0x50, 0x0, 0xf,
    0xff, 0x80, 0x0, 0x0, 0x0, 0x5, 0xff, 0xf2,
    0x0, 0x2, 0xff, 0xf5, 0x0, 0x0, 0x0, 0x0,
    0x8f, 0xff, 0x0, 0x0, 0x5f, 0xff, 0x20, 0x0,
    0x0, 0x0,

    /* U+0024 "$" */
    0x0, 0x0, 0x0, 0x0, 0x58, 0x60, 0x0, 0x0,
    0x0, 0x0, 0x0, 0x0, 0x0, 0xa, 0xfd, 0x0,
    0x0, 0x0, 0x0, 0x0, 0x0, 0x0, 0x0, 0xaf,
    0xd0, 0x0, 0x0, 0x0, 0x0, 0x0, 0x0, 0x0,
    0xa, 0xfd, 0x0, 0x0, 0x0, 0x0, 0x0, 0x0,
    0x5, 0xad, 0xff, 0xfd, 0xa5, 0x0, 0x0, 0x0,
    0x0, 0x5e, 0xff, 0xff, 0xff, 0xff, 0xfe, 0x50,
    0x0, 0x0, 0x8f, 0xff, 0xff, 0xff, 0xff, 0xff,
    0xff, 0x70, 0x0, 0x5f, 0xff, 0xff, 0xff, 0xff,
    0xff, 0xff, 0xff, 0x30, 0xd, 0xff, 0xff, 0xc3,
    0xaf, 0xd3, 0xcf, 0xff, 0xfc, 0x2, 0xff, 0xff,
    0xd0, 0xa, 0xfd, 0x0, 0xdf, 0xff, 0xf1, 0x4f,
    0xff, 0xf9, 0x0, 0xaf, 0xd0, 0x6, 0xff, 0xff,
    0x33, 0xff, 0xff, 0xd0, 0xa, 0xfd, 0x0, 0x0,
    0x0, 0x0, 0xf, 0xff, 0xff, 0xc3, 0xaf, 0xd0,
    0x0, 0x0, 0x0, 0x0, 0x8f, 0xff, 0xff, 0xff,
    0xfe, 0x30, 0x0, 0x0, 0x0, 0x0, 0xaf, 0xff,
    0xff, 0xff, 0xff, 0xfb, 0x50, 0x0, 0x0, 0x0,
    0x6e, 0xff, 0xff, 0xff, 0xff, 0xff, 0xd3, 0x0,
    0x0, 0x0, 0x4, 0x9d, 0xff, 0xff, 0xff, 0xff,
    0xf5, 0x0, 0x0, 0x0, 0x0, 0xa, 0xff, 0xdf,
    0xff, 0xff, 0xf1, 0x0, 0x0, 0x0, 0x0, 0xaf,
    0xd0, 0x3d, 0xff, 0xff, 0x77, 0x99, 0x97, 0x0,
    0xa, 0xfd, 0x0, 0x3f, 0xff, 0xfa, 0xbf, 0xff,
    0xf1, 0x0, 0xaf, 0xd0, 0x1, 0xff, 0xff, 0xb8,
    0xff, 0xff, 0x90, 0xa, 0xfd, 0x0, 0x7f, 0xff,
    0xf9, 0x3f, 0xff, 0xff, 0xb3, 0xaf, 0xd2, 0x9f,
    0xff, 0xff, 0x50, 0xaf, 0xff, 0xff, 0xff, 0xff,
    0xff, 0xff, 0xff, 0xc0, 0x0, 0xcf, 0xff, 0xff,
    0xff, 0xff, 0xff, 0xff, 0xe2, 0x0, 0x0, 0x8f,
    0xff, 0xff, 0xff, 0xff, 0xff, 0xa1, 0x0, 0x0,
    0x0, 0x16, 0xbd, 0xff, 0xfe, 0xb7, 0x20, 0x0,
    0x0, 0x0, 0x0, 0x0, 0xa, 0xfd, 0x0, 0x0,
    0x0, 0x0, 0x0, 0x0, 0x0, 0x0, 0xaf, 0xd0,
    0x0, 0x0, 0x0, 0x0, 0x0, 0x0, 0x0, 0xa,
    0xfd, 0x0, 0x0, 0x0, 0x0,

    /* U+0025 "%" */
    0x0, 0x29, 0xef, 0xfb, 0x40, 0x0, 0x0, 0x0,
    0x0, 0x8, 0xff, 0xc0, 0x0, 0x0, 0x4f, 0xff,
    0xff, 0xff, 0x80, 0x0, 0x0, 0x0, 0x3, 0xff,
    0xf2, 0x0, 0x0, 0xe, 0xff, 0xfd, 0xef, 0xff,
    0x40, 0x0, 0x0, 0x0, 0xdf, 0xf6, 0x0, 0x0,
    0x6, 0xff, 0xf3, 0x0, 0xdf, 0xfb, 0x0, 0x0,
    0x0, 0x9f, 0xfb, 0x0, 0x0, 0x0, 0x9f, 0xfc,
    0x0, 0x7, 0xff, 0xd0, 0x0, 0x0, 0x4f, 0xfe,
    0x10, 0x0, 0x0, 0x9, 0xff, 0xb0, 0x0, 0x6f,
    0xfe, 0x0, 0x0, 0x1e, 0xff, 0x50, 0x0, 0x0,
    0x0, 0x8f, 0xfc, 0x0, 0x7, 0xff, 0xd0, 0x0,
    0xa, 0xff, 0xa0, 0x0, 0x0, 0x0, 0x5, 0xff,
    0xf6, 0x2, 0xef, 0xfa, 0x0, 0x6, 0xff, 0xe1,
    0x0, 0x0, 0x0, 0x0, 0xd, 0xff, 0xff, 0xff,
    0xff, 0x20, 0x2, 0xff, 0xf4, 0x0, 0x0, 0x0,
    0x0, 0x0, 0x2d, 0xff, 0xff, 0xff, 0x50, 0x0,
    0xcf, 0xf9, 0x0, 0x0, 0x0, 0x0, 0x0, 0x0,
    0x6, 0xbc, 0xc8, 0x20, 0x0, 0x7f, 0xfd, 0x0,
    0x0, 0x0, 0x0, 0x0, 0x0, 0x0, 0x0, 0x0,
    0x0, 0x0, 0x2f, 0xff, 0x30, 0x0, 0x7b, 0xcb,
    0x60, 0x0, 0x0, 0x0, 0x0, 0x0, 0x0, 0xd,
    0xff, 0x70, 0x2, 0xef, 0xff, 0xff, 0xd2, 0x0,
    0x0, 0x0, 0x0, 0x0, 0x8, 0xff, 0xc0, 0x0,
    0xdf, 0xff, 0xff, 0xff, 0xd0, 0x0, 0x0, 0x0,
    0x0, 0x4, 0xff, 0xf2, 0x0, 0x6f, 0xff, 0x40,
    0x5f, 0xff, 0x50, 0x0, 0x0, 0x0, 0x0, 0xef,
    0xf6, 0x0, 0xa, 0xff, 0xa0, 0x0, 0xcf, 0xf9,
    0x0, 0x0, 0x0, 0x0, 0xaf, 0xfb, 0x0, 0x0,
    0xcf, 0xf7, 0x0, 0x9, 0xff, 0xb0, 0x0, 0x0,
    0x0, 0x5f, 0xfe, 0x10, 0x0, 0xc, 0xff, 0x70,
    0x0, 0x9f, 0xfb, 0x0, 0x0, 0x0, 0x1e, 0xff,
    0x40, 0x0, 0x0, 0xbf, 0xf9, 0x0, 0xb, 0xff,
    0xa0, 0x0, 0x0, 0xb, 0xff, 0x90, 0x0, 0x0,
    0x7, 0xff, 0xf2, 0x3, 0xff, 0xf6, 0x0, 0x0,
    0x6, 0xff, 0xd0, 0x0, 0x0, 0x0, 0x1f, 0xff,
    0xfd, 0xff, 0xfe, 0x0, 0x0, 0x2, 0xff, 0xf3,
    0x0, 0x0, 0x0, 0x0, 0x4f, 0xff, 0xff, 0xff,
    0x30, 0x0, 0x0, 0xcf, 0xf8, 0x0, 0x0, 0x0,
    0x0, 0x0, 0x2a, 0xef, 0xea, 0x20, 0x0,

    /* U+0026 "&" */
    0x0, 0x0, 0x7, 0xcf, 0xfe, 0xb5, 0x0, 0x0,
    0x0, 0x0, 0x0, 0x0, 0x2d, 0xff, 0xff, 0xff,
    0xfb, 0x0, 0x0, 0x0, 0x0, 0x0, 0xd, 0xff,
    0xff, 0xff, 0xff, 0xf9, 0x0, 0x0, 0x0, 0x0,
    0x7, 0xff, 0xff, 0xdb, 0xef, 0xff, 0xf1, 0x0,
    0x0, 0x0, 0x0, 0xcf, 0xff, 0x90, 0x0, 0xcf,
    0xff, 0x50, 0x0, 0x0, 0x0, 0xe, 0xff, 0xf2,
    0x0, 0x6, 0xff, 0xf6, 0x0, 0x0, 0x0, 0x0,
    0xdf, 0xff, 0x30, 0x0, 0xaf, 0xff, 0x30, 0x0,
    0x0, 0x0, 0xa, 0xff, 0xfa, 0x0, 0x7f, 0xff,
    0xd0, 0x0, 0x0, 0x0, 0x0, 0x4f, 0xff, 0xf7,
    0xcf, 0xff, 0xf3, 0x0, 0x0, 0x0, 0x0, 0x0,
    0xbf, 0xff, 0xff, 0xff, 0xf5, 0x0, 0x0, 0x0,
    0x0, 0x0, 0x1, 0xef, 0xff, 0xff, 0xd3, 0x0,
    0x0, 0x0, 0x0, 0x0, 0x0, 0x8f, 0xff, 0xff,
    0xf1, 0x0, 0x0, 0x11, 0x11, 0x0, 0x0, 0xbf,
    0xff, 0xff, 0xff, 0xb0, 0x0, 0x3f, 0xff, 0xb0,
    0x0, 0xbf, 0xff, 0xfc, 0xff, 0xff, 0xa0, 0x5,
    0xff, 0xfa, 0x0, 0x6f, 0xff, 0xf8, 0x8, 0xff,
    0xff, 0x80, 0xaf, 0xff, 0x80, 0xc, 0xff, 0xfc,
    0x0, 0xa, 0xff, 0xff, 0x8f, 0xff, 0xf4, 0x0,
    0xef, 0xff, 0x90, 0x0, 0xb, 0xff, 0xff, 0xff,
    0xfe, 0x0, 0xe, 0xff, 0xfd, 0x0, 0x0, 0xc,
    0xff, 0xff, 0xff, 0x70, 0x0, 0xaf, 0xff, 0xf9,
    0x0, 0x0, 0x5f, 0xff, 0xff, 0xd0, 0x0, 0x3,
    0xff, 0xff, 0xff, 0xbb, 0xef, 0xff, 0xff, 0xfe,
    0x10, 0x0, 0x8, 0xff, 0xff, 0xff, 0xff, 0xff,
    0xff, 0xff, 0xfd, 0x10, 0x0, 0x6, 0xff, 0xff,
    0xff, 0xff, 0xfe, 0x7f, 0xff, 0xfc, 0x0, 0x0,
    0x1, 0x7c, 0xef, 0xfd, 0xa5, 0x0, 0x4f, 0xff,
    0xfa, 0x0,

    /* U+0027 "'" */
    0x5f, 0xff, 0xf4, 0xff, 0xfe, 0x3f, 0xff, 0xd2,
    0xff, 0xfc, 0x1f, 0xff, 0xc1, 0xff, 0xfb, 0xf,
    0xff, 0xa0, 0xff, 0xf9, 0xe, 0xff, 0x80, 0x1,
    0x10,

    /* U+0028 "(" */
    0x0, 0x1, 0xaa, 0xaa, 0x30, 0x0, 0x9f, 0xff,
    0xe0, 0x0, 0x1f, 0xff, 0xf8, 0x0, 0x8, 0xff,
    0xff, 0x20, 0x0, 0xef, 0xff, 0xc0, 0x0, 0x3f,
    0xff, 0xf7, 0x0, 0x8, 0xff, 0xff, 0x30, 0x0,
    0xcf, 0xff, 0xe0, 0x0, 0xf, 0xff, 0xfb, 0x0,
    0x3, 0xff, 0xff, 0x80, 0x0, 0x6f, 0xff, 0xf5,
    0x0, 0x8, 0xff, 0xff, 0x20, 0x0, 0xaf, 0xff,
    0xf1, 0x0, 0xb, 0xff, 0xff, 0x0, 0x0, 0xcf,
    0xff, 0xf0, 0x0, 0xc, 0xff, 0xfe, 0x0, 0x0,
    0xbf, 0xff, 0xf0, 0x0, 0xa, 0xff, 0xff, 0x0,
    0x0, 0x9f, 0xff, 0xf2, 0x0, 0x7, 0xff, 0xff,
    0x40, 0x0, 0x4f, 0xff, 0xf7, 0x0, 0x0, 0xff,
    0xff, 0xb0, 0x0, 0xc, 0xff, 0xff, 0x0, 0x0,
    0x7f, 0xff, 0xf4, 0x0, 0x2, 0xff, 0xff, 0xa0,
    0x0, 0xb, 0xff, 0xff, 0x0, 0x0, 0x4f, 0xff,
    0xf6, 0x0, 0x0, 0xcf, 0xff, 0xc0, 0x0, 0x4,
    0xff, 0xff, 0x30,

    /* U+0029 ")" */
    0xa, 0xaa, 0xa4, 0x0, 0x0, 0xa, 0xff, 0xfd,
    0x0, 0x0, 0x3, 0xff, 0xff, 0x50, 0x0, 0x0,
    0xdf, 0xff, 0xc0, 0x0, 0x0, 0x8f, 0xff, 0xf2,
    0x0, 0x0, 0x3f, 0xff, 0xf7, 0x0, 0x0, 0xe,
    0xff, 0xfc, 0x0, 0x0, 0xa, 0xff, 0xff, 0x0,
    0x0, 0x7, 0xff, 0xff, 0x40, 0x0, 0x3, 0xff,
    0xff, 0x70, 0x0, 0x1, 0xff, 0xff, 0xa0, 0x0,
    0x0, 0xef, 0xff, 0xc0, 0x0, 0x0, 0xcf, 0xff,
    0xe0, 0x0, 0x0, 0xbf, 0xff, 0xf0, 0x0, 0x0,
    0xaf, 0xff, 0xf0, 0x0, 0x0, 0xaf, 0xff, 0xf0,
    0x0, 0x0, 0xbf, 0xff, 0xf0, 0x0, 0x0, 0xcf,
    0xff, 0xf0, 0x0, 0x0, 0xef, 0xff, 0xd0, 0x0,
    0x0, 0xff, 0xff, 0xb0, 0x0, 0x3, 0xff, 0xff,
    0x80, 0x0, 0x7, 0xff, 0xff, 0x40, 0x0, 0xb,
    0xff, 0xff, 0x0, 0x0, 0xf, 0xff, 0xfb, 0x0,
    0x0, 0x5f, 0xff, 0xf6, 0x0, 0x0, 0xbf, 0xff,
    0xf0, 0x0, 0x1, 0xff, 0xff, 0x80, 0x0, 0x8,
    0xff, 0xff, 0x10, 0x0, 0xe, 0xff, 0xf8, 0x0,
    0x0,

    /* U+002A "*" */
    0x0, 0x0, 0xb, 0xff, 0x20, 0x0, 0x0, 0x0,
    0x0, 0xa, 0xff, 0x10, 0x0, 0x0, 0x8, 0x90,
    0x9, 0xff, 0x0, 0x4d, 0x10, 0x2f, 0xfe, 0x48,
    0xff, 0x1a, 0xff, 0x90, 0x6f, 0xff, 0xfe, 0xff,
    0xef, 0xff, 0xd0, 0x2, 0x9f, 0xff, 0xff, 0xff,
    0xd5, 0x0, 0x0, 0x4, 0xff, 0xff, 0xfa, 0x0,
    0x0, 0x2, 0xaf, 0xff, 0xff, 0xff, 0xd6, 0x0,
    0x6f, 0xff, 0xfd, 0xff, 0xdf, 0xff, 0xd0, 0x1f,
    0xfd, 0x38, 0xff, 0x9, 0xff, 0x80, 0x7, 0x80,
    0x9, 0xff, 0x10, 0x3b, 0x0, 0x0, 0x0, 0xa,
    0xff, 0x20, 0x0, 0x0, 0x0, 0x0, 0xa, 0xee,
    0x20, 0x0, 0x0,

    /* U+002B "+" */
    0x0, 0x0, 0x0, 0x5f, 0xff, 0x90, 0x0, 0x0,
    0x0, 0x0, 0x0, 0x5, 0xff, 0xf9, 0x0, 0x0,
    0x0, 0x0, 0x0, 0x0, 0x5f, 0xff, 0x90, 0x0,
    0x0, 0x0, 0x0, 0x0, 0x5, 0xff, 0xf9, 0x0,
    0x0, 0x0, 0x0, 0x0, 0x0, 0x5f, 0xff, 0x90,
    0x0, 0x0, 0x0, 0x0, 0x0, 0x5, 0xff, 0xf9,
    0x0, 0x0, 0x0, 0x5f, 0xff, 0xff, 0xff, 0xff,
    0xff, 0xff, 0xff, 0xa5, 0xff, 0xff, 0xff, 0xff,
    0xff, 0xff, 0xff, 0xfa, 0x5f, 0xff, 0xff, 0xff,
    0xff, 0xff, 0xff, 0xff, 0xa3, 0xbb, 0xbb, 0xbc,
    0xff, 0xfe, 0xbb, 0xbb, 0xb7, 0x0, 0x0, 0x0,
    0x5f, 0xff, 0x90, 0x0, 0x0, 0x0, 0x0, 0x0,
    0x5, 0xff, 0xf9, 0x0, 0x0, 0x0, 0x0, 0x0,
    0x0, 0x5f, 0xff, 0x90, 0x0, 0x0, 0x0, 0x0,
    0x0, 0x5, 0xff, 0xf9, 0x0, 0x0, 0x0, 0x0,
    0x0, 0x0, 0x5f, 0xff, 0x90, 0x0, 0x0, 0x0,
    0x0, 0x0, 0x5, 0xff, 0xf9, 0x0, 0x0, 0x0,

    /* U+002C "," */
    0x9, 0xff, 0xfe, 0x0, 0xbf, 0xff, 0x90, 0xd,
    0xff, 0xf5, 0x0, 0xff, 0xff, 0x0, 0x2f, 0xff,
    0xb0, 0x4, 0xff, 0xf7, 0x0, 0x6f, 0xff, 0x20,
    0x8, 0xff, 0xd0, 0x0, 0xbf, 0xf9, 0x0, 0x0,

    /* U+002D "-" */
    0xa, 0xaa, 0xaa, 0xaa, 0xaa, 0xa6, 0xf, 0xff,
    0xff, 0xff, 0xff, 0xf9, 0xf, 0xff, 0xff, 0xff,
    0xff, 0xf9, 0xf, 0xff, 0xff, 0xff, 0xff, 0xf9,

    /* U+002E "." */
    0x0, 0x13, 0x10, 0x0, 0x5f, 0xff, 0x60, 0xf,
    0xff, 0xff, 0x11, 0xff, 0xff, 0xf3, 0xd, 0xff,
    0xfe, 0x0, 0x2c, 0xfd, 0x30,

    /* U+002F "/" */
    0x0, 0x0, 0x0, 0x2, 0x88, 0x85, 0x0, 0x0,
    0x0, 0x8, 0xff, 0xf7, 0x0, 0x0, 0x0, 0xd,
    0xff, 0xf3, 0x0, 0x0, 0x0, 0x1f, 0xff, 0xe0,
    0x0, 0x0, 0x0, 0x5f, 0xff, 0xa0, 0x0, 0x0,
    0x0, 0xaf, 0xff, 0x60, 0x0, 0x0, 0x0, 0xef,
    0xff, 0x20, 0x0, 0x0, 0x2, 0xff, 0xfd, 0x0,
    0x0, 0x0, 0x7, 0xff, 0xf9, 0x0, 0x0, 0x0,
    0xb, 0xff, 0xf4, 0x0, 0x0, 0x0, 0xf, 0xff,
    0xf0, 0x0, 0x0, 0x0, 0x4f, 0xff, 0xc0, 0x0,
    0x0, 0x0, 0x8f, 0xff, 0x70, 0x0, 0x0, 0x0,
    0xdf, 0xff, 0x30, 0x0, 0x0, 0x1, 0xff, 0xfe,
    0x0, 0x0, 0x0, 0x5, 0xff, 0xfa, 0x0, 0x0,
    0x0, 0xa, 0xff, 0xf6, 0x0, 0x0, 0x0, 0xe,
    0xff, 0xf2, 0x0, 0x0, 0x0, 0x2f, 0xff, 0xd0,
    0x0, 0x0, 0x0, 0x7f, 0xff, 0x90, 0x0, 0x0,
    0x0, 0xbf, 0xff, 0x40, 0x0, 0x0, 0x0, 0xff,
    0xff, 0x0, 0x0, 0x0, 0x4, 0xff, 0xfc, 0x0,
    0x0, 0x0, 0x8, 0xff, 0xf7, 0x0, 0x0, 0x0,
    0xd, 0xff, 0xf3, 0x0, 0x0, 0x0, 0x1f, 0xff,
    0xe0, 0x0, 0x0, 0x0, 0x5f, 0xff, 0xa0, 0x0,
    0x0, 0x0, 0xaf, 0xff, 0x60, 0x0, 0x0, 0x0,

    /* U+0030 "0" */
    0x0, 0x0, 0x2, 0x8c, 0xff, 0xfd, 0x93, 0x0,
    0x0, 0x0, 0x0, 0x9, 0xff, 0xff, 0xff, 0xff,
    0xfa, 0x10, 0x0, 0x0, 0xc, 0xff, 0xff, 0xff,
    0xff, 0xff, 0xfd, 0x10, 0x0, 0xa, 0xff, 0xff,
    0xff, 0xdf, 0xff, 0xff, 0xfc, 0x0, 0x4, 0xff,
    0xff, 0xf6, 0x0, 0x5, 0xef, 0xff, 0xf6, 0x0,
    0xbf, 0xff, 0xf5, 0x0, 0x0, 0x3, 0xff, 0xff,
    0xe0, 0x1f, 0xff, 0xfc, 0x0, 0x0, 0x0, 0xa,
    0xff, 0xff, 0x45, 0xff, 0xff, 0x60, 0x0, 0x0,
    0x0, 0x4f, 0xff, 0xf8, 0x9f, 0xff, 0xf2, 0x0,
    0x0, 0x0, 0x0, 0xff, 0xff, 0xbb, 0xff, 0xff,
    0x0, 0x0, 0x0, 0x0, 0xd, 0xff, 0xfd, 0xcf,
    0xff, 0xe0, 0x0, 0x0, 0x0, 0x0, 0xcf, 0xff,
    0xec, 0xff, 0xfe, 0x0, 0x0, 0x0, 0x0, 0xb,
    0xff, 0xff, 0xcf, 0xff, 0xe0, 0x0, 0x0, 0x0,
    0x0, 0xcf, 0xff, 0xeb, 0xff, 0xff, 0x0, 0x0,
    0x0, 0x0, 0xd, 0xff, 0xfd, 0x9f, 0xff, 0xf2,
    0x0, 0x0, 0x0, 0x0, 0xff, 0xff, 0xb5, 0xff,
    0xff, 0x60, 0x0, 0x0, 0x0, 0x4f, 0xff, 0xf8,
    0x1f, 0xff, 0xfc, 0x0, 0x0, 0x0, 0xa, 0xff,
    0xff, 0x40, 0xbf, 0xff, 0xf6, 0x0, 0x0, 0x3,
    0xff, 0xff, 0xe0, 0x4, 0xff, 0xff, 0xf7, 0x0,
    0x5, 0xff, 0xff, 0xf6, 0x0, 0xa, 0xff, 0xff,
    0xff, 0xdf, 0xff, 0xff, 0xfc, 0x0, 0x0, 0xc,
    0xff, 0xff, 0xff, 0xff, 0xff, 0xfd, 0x10, 0x0,
    0x0, 0x9, 0xff, 0xff, 0xff, 0xff, 0xfa, 0x10,
    0x0, 0x0, 0x0, 0x2, 0x8c, 0xff, 0xfd, 0x93,
    0x0, 0x0, 0x0,

    /* U+0031 "1" */
    0x0, 0x0, 0x5, 0xef, 0xff, 0xf2, 0x0, 0x1,
    0xbf, 0xff, 0xff, 0xf2, 0x0, 0x6f, 0xff, 0xff,
    0xff, 0xf2, 0xb, 0xff, 0xff, 0xff, 0xff, 0xf2,
    0xf, 0xff, 0xfd, 0xbf, 0xff, 0xf2, 0xf, 0xff,
    0x80, 0x8f, 0xff, 0xf2, 0xf, 0xd3, 0x0, 0x8f,
    0xff, 0xf2, 0x8, 0x0, 0x0, 0x8f, 0xff, 0xf2,
    0x0, 0x0, 0x0, 0x8f, 0xff, 0xf2, 0x0, 0x0,
    0x0, 0x8f, 0xff, 0xf2, 0x0, 0x0, 0x0, 0x8f,
    0xff, 0xf2, 0x0, 0x0, 0x0, 0x8f, 0xff, 0xf2,
    0x0, 0x0, 0x0, 0x8f, 0xff, 0xf2, 0x0, 0x0,
    0x0, 0x8f, 0xff, 0xf2, 0x0, 0x0, 0x0, 0x8f,
    0xff, 0xf2, 0x0, 0x0, 0x0, 0x8f, 0xff, 0xf2,
    0x0, 0x0, 0x0, 0x8f, 0xff, 0xf2, 0x0, 0x0,
    0x0, 0x8f, 0xff, 0xf2, 0x0, 0x0, 0x0, 0x8f,
    0xff, 0xf2, 0x0, 0x0, 0x0, 0x8f, 0xff, 0xf2,
    0x0, 0x0, 0x0, 0x8f, 0xff, 0xf2, 0x0, 0x0,
    0x0, 0x8f, 0xff, 0xf2, 0x0, 0x0, 0x0, 0x8f,
    0xff, 0xf2,

    /* U+0032 "2" */
    0x0, 0x0, 0x18, 0xce, 0xff, 0xda, 0x50, 0x0,
    0x0, 0x0, 0x8, 0xff, 0xff, 0xff, 0xff, 0xfd,
    0x30, 0x0, 0x0, 0xaf, 0xff, 0xff, 0xff, 0xff,
    0xff, 0xf4, 0x0, 0x6, 0xff, 0xff, 0xfe, 0xcd,
    0xff, 0xff, 0xff, 0x10, 0xe, 0xff, 0xff, 0x60,
    0x0, 0x2c, 0xff, 0xff, 0x80, 0x4f, 0xff, 0xf7,
    0x0, 0x0, 0x1, 0xef, 0xff, 0xd0, 0x8f, 0xff,
    0xf1, 0x0, 0x0, 0x0, 0xaf, 0xff, 0xe0, 0x7c,
    0xcc, 0xb0, 0x0, 0x0, 0x0, 0x9f, 0xff, 0xe0,
    0x0, 0x0, 0x0, 0x0, 0x0, 0x0, 0xdf, 0xff,
    0xb0, 0x0, 0x0, 0x0, 0x0, 0x0, 0x5, 0xff,
    0xff, 0x60, 0x0, 0x0, 0x0, 0x0, 0x0, 0x3f,
    0xff, 0xfd, 0x0, 0x0, 0x0, 0x0, 0x0, 0x3,
    0xff, 0xff, 0xf3, 0x0, 0x0, 0x0, 0x0, 0x0,
    0x4f, 0xff, 0xff, 0x50, 0x0, 0x0, 0x0, 0x0,
    0x6, 0xff, 0xff, 0xf6, 0x0, 0x0, 0x0, 0x0,
    0x0, 0x9f, 0xff, 0xff, 0x50, 0x0, 0x0, 0x0,
    0x0, 0xb, 0xff, 0xff, 0xf4, 0x0, 0x0, 0x0,
    0x0, 0x1, 0xcf, 0xff, 0xfe, 0x20, 0x0, 0x0,
    0x0, 0x0, 0x2e, 0xff, 0xff, 0xd1, 0x0, 0x0,
    0x0, 0x0, 0x4, 0xff, 0xff, 0xfb, 0x0, 0x0,
    0x0, 0x0, 0x0, 0x4f, 0xff, 0xff, 0xfe, 0xee,
    0xee, 0xee, 0xee, 0xe2, 0x7f, 0xff, 0xff, 0xff,
    0xff, 0xff, 0xff, 0xff, 0xf2, 0x7f, 0xff, 0xff,
    0xff, 0xff, 0xff, 0xff, 0xff, 0xf2, 0x7f, 0xff,
    0xff, 0xff, 0xff, 0xff, 0xff, 0xff, 0xf2,

    /* U+0033 "3" */
    0x0, 0x0, 0x16, 0xbe, 0xff, 0xec, 0x82, 0x0,
    0x0, 0x0, 0x6, 0xff, 0xff, 0xff, 0xff, 0xff,
    0x90, 0x0, 0x0, 0x9f, 0xff, 0xff, 0xff, 0xff,
    0xff, 0xfc, 0x0, 0x5, 0xff, 0xff, 0xfe, 0xbb,
    0xdf, 0xff, 0xff, 0x90, 0xd, 0xff, 0xff, 0x60,
    0x0, 0x5, 0xff, 0xff, 0xf0, 0x2f, 0xff, 0xf9,
    0x0, 0x0, 0x0, 0x8f, 0xff, 0xf3, 0x18, 0x88,
    0x83, 0x0, 0x0, 0x0, 0x5f, 0xff, 0xf2, 0x0,
    0x0, 0x0, 0x0, 0x0, 0x0, 0xaf, 0xff, 0xe0,
    0x0, 0x0, 0x0, 0x0, 0x0, 0x3a, 0xff, 0xff,
    0x50, 0x0, 0x0, 0x0, 0x6f, 0xff, 0xff, 0xff,
    0xe5, 0x0, 0x0, 0x0, 0x0, 0x6f, 0xff, 0xff,
    0xf9, 0x10, 0x0, 0x0, 0x0, 0x0, 0x6f, 0xff,
    0xff, 0xff, 0xf8, 0x0, 0x0, 0x0, 0x0, 0x37,
    0x78, 0xbf, 0xff, 0xff, 0xa0, 0x0, 0x0, 0x0,
    0x0, 0x0, 0x2, 0xdf, 0xff, 0xf5, 0x0, 0x0,
    0x0, 0x0, 0x0, 0x0, 0x2f, 0xff, 0xfc, 0x68,
    0x88, 0x80, 0x0, 0x0, 0x0, 0xe, 0xff, 0xff,
    0x9f, 0xff, 0xf2, 0x0, 0x0, 0x0, 0xe, 0xff,
    0xff, 0x6f, 0xff, 0xf9, 0x0, 0x0, 0x0, 0x5f,
    0xff, 0xfd, 0x1f, 0xff, 0xff, 0x81, 0x0, 0x6,
    0xff, 0xff, 0xf8, 0x7, 0xff, 0xff, 0xff, 0xdd,
    0xff, 0xff, 0xff, 0xe1, 0x0, 0xaf, 0xff, 0xff,
    0xff, 0xff, 0xff, 0xfe, 0x20, 0x0, 0x7, 0xff,
    0xff, 0xff, 0xff, 0xff, 0xa1, 0x0, 0x0, 0x0,
    0x17, 0xbe, 0xff, 0xec, 0x82, 0x0, 0x0,

    /* U+0034 "4" */
    0x0, 0x0, 0x0, 0x0, 0x2, 0xff, 0xff, 0xff,
    0x20, 0x0, 0x0, 0x0, 0x0, 0x0, 0xc, 0xff,
    0xff, 0xff, 0x20, 0x0, 0x0, 0x0, 0x0, 0x0,
    0x6f, 0xff, 0xff, 0xff, 0x20, 0x0, 0x0, 0x0,
    0x0, 0x2, 0xff, 0xff, 0xff, 0xff, 0x20, 0x0,
    0x0, 0x0, 0x0, 0xc, 0xff, 0xff, 0xff, 0xff,
    0x20, 0x0, 0x0, 0x0, 0x0, 0x6f, 0xff, 0xf8,
    0xff, 0xff, 0x20, 0x0, 0x0, 0x0, 0x2, 0xff,
    0xff, 0x75, 0xff, 0xff, 0x20, 0x0, 0x0, 0x0,
    0xb, 0xff, 0xfc, 0x5, 0xff, 0xff, 0x20, 0x0,
    0x0, 0x0, 0x6f, 0xff, 0xf2, 0x5, 0xff, 0xff,
    0x20, 0x0, 0x0, 0x2, 0xff, 0xff, 0x80, 0x5,
    0xff, 0xff, 0x20, 0x0, 0x0, 0xb, 0xff, 0xfd,
    0x0, 0x5, 0xff, 0xff, 0x20, 0x0, 0x0, 0x6f,
    0xff, 0xf3, 0x0, 0x5, 0xff, 0xff, 0x20, 0x0,
    0x2, 0xff, 0xff, 0x80, 0x0, 0x5, 0xff, 0xff,
    0x20, 0x0, 0xb, 0xff, 0xfd, 0x0, 0x0, 0x5,
    0xff, 0xff, 0x20, 0x0, 0x6f, 0xff, 0xf4, 0x0,
    0x0, 0x5, 0xff, 0xff, 0x20, 0x0, 0xcf, 0xff,
    0xff, 0xff, 0xff, 0xff, 0xff, 0xff, 0xff, 0xf2,
    0xcf, 0xff, 0xff, 0xff, 0xff, 0xff, 0xff, 0xff,
    0xff, 0xf2, 0xcf, 0xff, 0xff, 0xff, 0xff, 0xff,
    0xff, 0xff, 0xff, 0xf2, 0x9c, 0xcc, 0xcc, 0xcc,
    0xcc, 0xcd, 0xff, 0xff, 0xdc, 0xc1, 0x0, 0x0,
    0x0, 0x0, 0x0, 0x6, 0xff, 0xff, 0x20, 0x0,
    0x0, 0x0, 0x0, 0x0, 0x0, 0x6, 0xff, 0xff,
    0x20, 0x0, 0x0, 0x0, 0x0, 0x0, 0x0, 0x6,
    0xff, 0xff, 0x20, 0x0, 0x0, 0x0, 0x0, 0x0,
    0x0, 0x6, 0xff, 0xff, 0x20, 0x0,

    /* U+0035 "5" */
    0x9, 0xff, 0xff, 0xff, 0xff, 0xff, 0xff, 0xff,
    0x0, 0xa, 0xff, 0xff, 0xff, 0xff, 0xff, 0xff,
    0xff, 0x0, 0xb, 0xff, 0xff, 0xff, 0xff, 0xff,
    0xff, 0xff, 0x0, 0xc, 0xff, 0xff, 0xdd, 0xdd,
    0xdd, 0xdd, 0xdd, 0x0, 0xd, 0xff, 0xf8, 0x0,
    0x0, 0x0, 0x0, 0x0, 0x0, 0xf, 0xff, 0xf6,
    0x0, 0x0, 0x0, 0x0, 0x0, 0x0, 0xf, 0xff,
    0xf5, 0x0, 0x0, 0x0, 0x0, 0x0, 0x0, 0x1f,
    0xff, 0xf3, 0x2, 0x68, 0x85, 0x10, 0x0, 0x0,
    0x2f, 0xff, 0xf4, 0xcf, 0xff, 0xff, 0xf9, 0x10,
    0x0, 0x3f, 0xff, 0xff, 0xff, 0xff, 0xff, 0xff,
    0xd2, 0x0, 0x4f, 0xff, 0xff, 0xff, 0xff, 0xff,
    0xff, 0xfd, 0x0, 0x5f, 0xff, 0xff, 0x72, 0x1,
    0x6e, 0xff, 0xff, 0x70, 0x4b, 0xce, 0xf3, 0x0,
    0x0, 0x2, 0xff, 0xff, 0xe0, 0x0, 0x0, 0x0,
    0x0, 0x0, 0x0, 0x9f, 0xff, 0xf2, 0x0, 0x0,
    0x0, 0x0, 0x0, 0x0, 0x5f, 0xff, 0xf4, 0x0,
    0x0, 0x0, 0x0, 0x0, 0x0, 0x4f, 0xff, 0xf4,
    0xcf, 0xff, 0xd0, 0x0, 0x0, 0x0, 0x7f, 0xff,
    0xf3, 0x9f, 0xff, 0xf3, 0x0, 0x0, 0x0, 0xdf,
    0xff, 0xf0, 0x4f, 0xff, 0xfe, 0x40, 0x0, 0x1b,
    0xff, 0xff, 0x90, 0xb, 0xff, 0xff, 0xfd, 0xbc,
    0xff, 0xff, 0xfe, 0x10, 0x1, 0xdf, 0xff, 0xff,
    0xff, 0xff, 0xff, 0xf3, 0x0, 0x0, 0x9, 0xff,
    0xff, 0xff, 0xff, 0xfc, 0x20, 0x0, 0x0, 0x0,
    0x28, 0xce, 0xff, 0xda, 0x40, 0x0, 0x0,

    /* U+0036 "6" */
    0x0, 0x0, 0x2, 0x8c, 0xef, 0xfd, 0x93, 0x0,
    0x0, 0x0, 0x0, 0x8, 0xff, 0xff, 0xff, 0xff,
    0xfb, 0x10, 0x0, 0x0, 0xa, 0xff, 0xff, 0xff,
    0xff, 0xff, 0xfe, 0x10, 0x0, 0x8, 0xff, 0xff,
    0xff, 0xde, 0xff, 0xff, 0xfc, 0x0, 0x2, 0xff,
    0xff, 0xe4, 0x0, 0x3, 0xdf, 0xff, 0xf4, 0x0,
    0xaf, 0xff, 0xe2, 0x0, 0x0, 0x2, 0xff, 0xff,
    0xa0, 0xf, 0xff, 0xf7, 0x0, 0x0, 0x0, 0x3,
    0x33, 0x32, 0x4, 0xff, 0xff, 0x10, 0x4, 0x78,
    0x74, 0x0, 0x0, 0x0, 0x8f, 0xff, 0xe0, 0x5e,
    0xff, 0xff, 0xfe, 0x60, 0x0, 0xa, 0xff, 0xfc,
    0x7f, 0xff, 0xff, 0xff, 0xff, 0xb0, 0x0, 0xbf,
    0xff, 0xef, 0xff, 0xff, 0xff, 0xff, 0xff, 0x90,
    0xc, 0xff, 0xff, 0xff, 0x71, 0x2, 0x9f, 0xff,
    0xff, 0x30, 0xcf, 0xff, 0xff, 0x40, 0x0, 0x0,
    0x7f, 0xff, 0xf9, 0xb, 0xff, 0xff, 0xa0, 0x0,
    0x0, 0x0, 0xef, 0xff, 0xd0, 0xaf, 0xff, 0xf6,
    0x0, 0x0, 0x0, 0xa, 0xff, 0xff, 0x7, 0xff,
    0xff, 0x50, 0x0, 0x0, 0x0, 0x9f, 0xff, 0xf0,
    0x3f, 0xff, 0xf8, 0x0, 0x0, 0x0, 0xc, 0xff,
    0xfe, 0x0, 0xef, 0xff, 0xe1, 0x0, 0x0, 0x4,
    0xff, 0xff, 0xa0, 0x7, 0xff, 0xff, 0xd3, 0x0,
    0x5, 0xff, 0xff, 0xf4, 0x0, 0xd, 0xff, 0xff,
    0xfd, 0xce, 0xff, 0xff, 0xfb, 0x0, 0x0, 0x2e,
    0xff, 0xff, 0xff, 0xff, 0xff, 0xfc, 0x10, 0x0,
    0x0, 0x1b, 0xff, 0xff, 0xff, 0xff, 0xf9, 0x0,
    0x0, 0x0, 0x0, 0x3, 0x9d, 0xff, 0xfc, 0x82,
    0x0, 0x0, 0x0,

    /* U+0037 "7" */
    0x1f, 0xff, 0xff, 0xff, 0xff, 0xff, 0xff, 0xff,
    0xf2, 0x1f, 0xff, 0xff, 0xff, 0xff, 0xff, 0xff,
    0xff, 0xf2, 0x1f, 0xff, 0xff, 0xff, 0xff, 0xff,
    0xff, 0xff, 0xf2, 0x1f, 0xff, 0xff, 0xff, 0xff,
    0xff, 0xff, 0xff, 0xf2, 0x0, 0x0, 0x0, 0x0,
    0x0, 0x1, 0xff, 0xff, 0xd0, 0x0, 0x0, 0x0,
    0x0, 0x0, 0x8, 0xff, 0xff, 0x50, 0x0, 0x0,
    0x0, 0x0, 0x0, 0x1f, 0xff, 0xfd, 0x0, 0x0,
    0x0, 0x0, 0x0, 0x0, 0x9f, 0xff, 0xf5, 0x0,
    0x0, 0x0, 0x0, 0x0, 0x1, 0xff, 0xff, 0xc0,
    0x0, 0x0, 0x0, 0x0, 0x0, 0x9, 0xff, 0xff,
    0x40, 0x0, 0x0, 0x0, 0x0, 0x0, 0x2f, 0xff,
    0xfc, 0x0, 0x0, 0x0, 0x0, 0x0, 0x0, 0x9f,
    0xff, 0xf4, 0x0, 0x0, 0x0, 0x0, 0x0, 0x2,
    0xff, 0xff, 0xc0, 0x0, 0x0, 0x0, 0x0, 0x0,
    0xa, 0xff, 0xff, 0x40, 0x0, 0x0, 0x0, 0x0,
    0x0, 0x2f, 0xff, 0xfc, 0x0, 0x0, 0x0, 0x0,
    0x0, 0x0, 0xaf, 0xff, 0xf3, 0x0, 0x0, 0x0,
    0x0, 0x0, 0x2, 0xff, 0xff, 0xb0, 0x0, 0x0,
    0x0, 0x0, 0x0, 0xa, 0xff, 0xff, 0x30, 0x0,
    0x0, 0x0, 0x0, 0x0, 0x3f, 0xff, 0xfb, 0x0,
    0x0, 0x0, 0x0, 0x0, 0x0, 0xbf, 0xff, 0xf3,
    0x0, 0x0, 0x0, 0x0, 0x0, 0x3, 0xff, 0xff,
    0xb0, 0x0, 0x0, 0x0, 0x0, 0x0, 0xb, 0xff,
    0xff, 0x20, 0x0, 0x0, 0x0, 0x0, 0x0, 0x3f,
    0xff, 0xfa, 0x0, 0x0, 0x0, 0x0, 0x0,

    /* U+0038 "8" */
    0x0, 0x0, 0x17, 0xbe, 0xff, 0xec, 0x82, 0x0,
    0x0, 0x0, 0x8, 0xff, 0xff, 0xff, 0xff, 0xff,
    0xa0, 0x0, 0x0, 0xbf, 0xff, 0xff, 0xff, 0xff,
    0xff, 0xfc, 0x0, 0x6, 0xff, 0xff, 0xfc, 0x98,
    0xcf, 0xff, 0xff, 0x90, 0xd, 0xff, 0xff, 0x60,
    0x0, 0x4, 0xff, 0xff, 0xf0, 0xf, 0xff, 0xfc,
    0x0, 0x0, 0x0, 0x9f, 0xff, 0xf2, 0xe, 0xff,
    0xfa, 0x0, 0x0, 0x0, 0x8f, 0xff, 0xf1, 0xa,
    0xff, 0xfe, 0x10, 0x0, 0x0, 0xcf, 0xff, 0xd0,
    0x2, 0xff, 0xff, 0xc4, 0x0, 0x3b, 0xff, 0xff,
    0x40, 0x0, 0x3d, 0xff, 0xff, 0xff, 0xff, 0xff,
    0xe4, 0x0, 0x0, 0x0, 0x7e, 0xff, 0xff, 0xff,
    0xf8, 0x0, 0x0, 0x0, 0x3c, 0xff, 0xff, 0xff,
    0xff, 0xff, 0xd4, 0x0, 0x4, 0xff, 0xff, 0xfc,
    0x88, 0xbf, 0xff, 0xff, 0x60, 0x1e, 0xff, 0xff,
    0x40, 0x0, 0x3, 0xef, 0xff, 0xf3, 0x7f, 0xff,
    0xf7, 0x0, 0x0, 0x0, 0x4f, 0xff, 0xfa, 0xbf,
    0xff, 0xf2, 0x0, 0x0, 0x0, 0xf, 0xff, 0xfe,
    0xcf, 0xff, 0xf1, 0x0, 0x0, 0x0, 0xf, 0xff,
    0xff, 0xbf, 0xff, 0xf6, 0x0, 0x0, 0x0, 0x3f,
    0xff, 0xfe, 0x6f, 0xff, 0xfe, 0x30, 0x0, 0x2,
    0xdf, 0xff, 0xf9, 0xd, 0xff, 0xff, 0xfb, 0x87,
    0xaf, 0xff, 0xff, 0xf1, 0x2, 0xef, 0xff, 0xff,
    0xff, 0xff, 0xff, 0xff, 0x40, 0x0, 0x1a, 0xff,
    0xff, 0xff, 0xff, 0xff, 0xc2, 0x0, 0x0, 0x0,
    0x28, 0xce, 0xff, 0xec, 0x83, 0x0, 0x0,

    /* U+0039 "9" */
    0x0, 0x0, 0x17, 0xce, 0xff, 0xda, 0x50, 0x0,
    0x0, 0x0, 0x0, 0x8f, 0xff, 0xff, 0xff, 0xff,
    0xd3, 0x0, 0x0, 0x0, 0xbf, 0xff, 0xff, 0xff,
    0xff, 0xff, 0xf4, 0x0, 0x0, 0x8f, 0xff, 0xff,
    0xec, 0xcf, 0xff, 0xff, 0xf1, 0x0, 0x2f, 0xff,
    0xff, 0x70, 0x0, 0x1a, 0xff, 0xff, 0xa0, 0x7,
    0xff, 0xff, 0x70, 0x0, 0x0, 0xc, 0xff, 0xff,
    0x20, 0xbf, 0xff, 0xf0, 0x0, 0x0, 0x0, 0x4f,
    0xff, 0xf7, 0xc, 0xff, 0xfd, 0x0, 0x0, 0x0,
    0x2, 0xff, 0xff, 0xb0, 0xbf, 0xff, 0xe0, 0x0,
    0x0, 0x0, 0x3f, 0xff, 0xfd, 0x9, 0xff, 0xff,
    0x40, 0x0, 0x0, 0xa, 0xff, 0xff, 0xf0, 0x4f,
    0xff, 0xfe, 0x30, 0x0, 0x7, 0xff, 0xff, 0xff,
    0x0, 0xcf, 0xff, 0xff, 0xb8, 0x9d, 0xff, 0xff,
    0xff, 0xf0, 0x2, 0xef, 0xff, 0xff, 0xff, 0xff,
    0xfb, 0xff, 0xff, 0x0, 0x2, 0xdf, 0xff, 0xff,
    0xff, 0xe4, 0x9f, 0xff, 0xd0, 0x0, 0x0, 0x5b,
    0xef, 0xfc, 0x71, 0xb, 0xff, 0xfb, 0x0, 0x0,
    0x0, 0x0, 0x0, 0x0, 0x0, 0xff, 0xff, 0x70,
    0x48, 0x88, 0x80, 0x0, 0x0, 0x0, 0x5f, 0xff,
    0xf3, 0x5, 0xff, 0xff, 0x60, 0x0, 0x0, 0x1e,
    0xff, 0xfd, 0x0, 0x1f, 0xff, 0xff, 0x60, 0x0,
    0x3d, 0xff, 0xff, 0x50, 0x0, 0x7f, 0xff, 0xff,
    0xfd, 0xef, 0xff, 0xff, 0xb0, 0x0, 0x0, 0xaf,
    0xff, 0xff, 0xff, 0xff, 0xff, 0xc1, 0x0, 0x0,
    0x0, 0x8f, 0xff, 0xff, 0xff, 0xff, 0xa0, 0x0,
    0x0, 0x0, 0x0, 0x28, 0xce, 0xff, 0xd9, 0x30,
    0x0, 0x0, 0x0,

    /* U+003A ":" */
    0x0, 0x13, 0x10, 0x0, 0x5f, 0xff, 0x60, 0xf,
    0xff, 0xff, 0x11, 0xff, 0xff, 0xf3, 0xd, 0xff,
    0xfe, 0x0, 0x2c, 0xfd, 0x30, 0x0, 0x0, 0x0,
    0x0, 0x0, 0x0, 0x0, 0x0, 0x0, 0x0, 0x0,
    0x0, 0x0, 0x0, 0x0, 0x0, 0x0, 0x0, 0x1,
    0x31, 0x0, 0x5, 0xff, 0xf6, 0x0, 0xff, 0xff,
    0xf1, 0x1f, 0xff, 0xff, 0x30, 0xdf, 0xff, 0xe0,
    0x2, 0xcf, 0xd3, 0x0,

    /* U+003B ";" */
    0x0, 0x3, 0x20, 0x0, 0x3e, 0xff, 0x80, 0xc,
    0xff, 0xff, 0x30, 0xef, 0xff, 0xf5, 0xa, 0xff,
    0xff, 0x20, 0x1b, 0xfd, 0x50, 0x0, 0x0, 0x0,
    0x0, 0x0, 0x0, 0x0, 0x0, 0x0, 0x0, 0x0,
    0x0, 0x0, 0x0, 0x0, 0x0, 0x0, 0x0, 0x0,
    0x0, 0x0, 0x0, 0x0, 0x0, 0x0, 0x9f, 0xff,
    0xe0, 0xb, 0xff, 0xf9, 0x0, 0xdf, 0xff, 0x50,
    0xf, 0xff, 0xf0, 0x2, 0xff, 0xfb, 0x0, 0x4f,
    0xff, 0x70, 0x6, 0xff, 0xf2, 0x0, 0x8f, 0xfd,
    0x0, 0xb, 0xff, 0x90, 0x0,

    /* U+003C "<" */
    0x0, 0x0, 0x0, 0x0, 0x0, 0x0, 0x0, 0x0,
    0x0, 0x0, 0x0, 0x0, 0x0, 0x0, 0x0, 0x3,
    0xb4, 0x0, 0x0, 0x0, 0x0, 0x0, 0x0, 0x5c,
    0xff, 0x50, 0x0, 0x0, 0x0, 0x0, 0x17, 0xef,
    0xff, 0xf5, 0x0, 0x0, 0x0, 0x2, 0x9f, 0xff,
    0xff, 0xff, 0x50, 0x0, 0x0, 0x4b, 0xff, 0xff,
    0xff, 0xff, 0xb2, 0x0, 0x6, 0xdf, 0xff, 0xff,
    0xff, 0xe8, 0x10, 0x1, 0x8e, 0xff, 0xff, 0xff,
    0xfb, 0x50, 0x0, 0x0, 0x9f, 0xff, 0xff, 0xfe,
    0x82, 0x0, 0x0, 0x0, 0x9, 0xff, 0xff, 0xd5,
    0x0, 0x0, 0x0, 0x0, 0x0, 0x9f, 0xff, 0xff,
    0xa3, 0x0, 0x0, 0x0, 0x0, 0x7, 0xff, 0xff,
    0xff, 0xfd, 0x71, 0x0, 0x0, 0x0, 0x3, 0xaf,
    0xff, 0xff, 0xff, 0xfa, 0x30, 0x0, 0x0, 0x0,
    0x18, 0xef, 0xff, 0xff, 0xff, 0xd6, 0x10, 0x0,
    0x0, 0x0, 0x6d, 0xff, 0xff, 0xff, 0xff, 0x30,
    0x0, 0x0, 0x0, 0x4, 0xbf, 0xff, 0xff, 0xf5,
    0x0, 0x0, 0x0, 0x0, 0x0, 0x29, 0xff, 0xff,
    0x50, 0x0, 0x0, 0x0, 0x0, 0x0, 0x0, 0x7e,
    0xf5, 0x0, 0x0, 0x0, 0x0, 0x0, 0x0, 0x0,
    0x5, 0x30,

    /* U+003D "=" */
    0x2f, 0xff, 0xff, 0xff, 0xff, 0xff, 0xff, 0xff,
    0x62, 0xff, 0xff, 0xff, 0xff, 0xff, 0xff, 0xff,
    0xf6, 0x2f, 0xff, 0xff, 0xff, 0xff, 0xff, 0xff,
    0xff, 0x61, 0xdd, 0xdd, 0xdd, 0xdd, 0xdd, 0xdd,
    0xdd, 0xd5, 0x0, 0x0, 0x0, 0x0, 0x0, 0x0,
    0x0, 0x0, 0x0, 0x0, 0x0, 0x0, 0x0, 0x0,
    0x0, 0x0, 0x0, 0x0, 0x0, 0x0, 0x0, 0x0,
    0x0, 0x0, 0x0, 0x1, 0xdd, 0xdd, 0xdd, 0xdd,
    0xdd, 0xdd, 0xdd, 0xd5, 0x2f, 0xff, 0xff, 0xff,
    0xff, 0xff, 0xff, 0xff, 0x62, 0xff, 0xff, 0xff,
    0xff, 0xff, 0xff, 0xff, 0xf6, 0x2f, 0xff, 0xff,
    0xff, 0xff, 0xff, 0xff, 0xff, 0x60,

    /* U+003E ">" */
    0x0, 0x0, 0x0, 0x0, 0x0, 0x0, 0x0, 0x0,
    0x0, 0xc5, 0x0, 0x0, 0x0, 0x0, 0x0, 0x0,
    0x0, 0xf, 0xfe, 0x71, 0x0, 0x0, 0x0, 0x0,
    0x0, 0x0, 0xff, 0xff, 0xf9, 0x20, 0x0, 0x0,
    0x0, 0x0, 0xf, 0xff, 0xff, 0xff, 0xb4, 0x0,
    0x0, 0x0, 0x0, 0x9f, 0xff, 0xff, 0xff, 0xfd,
    0x60, 0x0, 0x0, 0x0, 0x6, 0xcf, 0xff, 0xff,
    0xff, 0xe8, 0x10, 0x0, 0x0, 0x0, 0x39, 0xff,
    0xff, 0xff, 0xff, 0xa3, 0x0, 0x0, 0x0, 0x0,
    0x6c, 0xff, 0xff, 0xff, 0xd0, 0x0, 0x0, 0x0,
    0x0, 0x3, 0xaf, 0xff, 0xfd, 0x0, 0x0, 0x0,
    0x0, 0x2, 0x8e, 0xff, 0xff, 0xd0, 0x0, 0x0,
    0x0, 0x5b, 0xff, 0xff, 0xff, 0xfc, 0x0, 0x0,
    0x28, 0xef, 0xff, 0xff, 0xff, 0xc5, 0x0, 0x5,
    0xbf, 0xff, 0xff, 0xff, 0xfa, 0x30, 0x0, 0xe,
    0xff, 0xff, 0xff, 0xfe, 0x81, 0x0, 0x0, 0x0,
    0xff, 0xff, 0xff, 0xd6, 0x0, 0x0, 0x0, 0x0,
    0xf, 0xff, 0xfb, 0x40, 0x0, 0x0, 0x0, 0x0,
    0x0, 0xff, 0x92, 0x0, 0x0, 0x0, 0x0, 0x0,
    0x0, 0x7, 0x10, 0x0, 0x0, 0x0, 0x0, 0x0,
    0x0, 0x0,

    /* U+003F "?" */
    0x0, 0x0, 0x6b, 0xef, 0xfe, 0xb6, 0x0, 0x0,
    0x0, 0x4e, 0xff, 0xff, 0xff, 0xff, 0xe5, 0x0,
    0x5, 0xff, 0xff, 0xff, 0xff, 0xff, 0xff, 0x60,
    0x1f, 0xff, 0xff, 0xeb, 0xcf, 0xff, 0xff, 0xf1,
    0x7f, 0xff, 0xf9, 0x0, 0x1, 0xcf, 0xff, 0xf6,
    0xbf, 0xff, 0xd0, 0x0, 0x0, 0x2f, 0xff, 0xf9,
    0xce, 0xee, 0x80, 0x0, 0x0, 0xf, 0xff, 0xf9,
    0x0, 0x0, 0x0, 0x0, 0x0, 0x4f, 0xff, 0xf7,
    0x0, 0x0, 0x0, 0x0, 0x1, 0xdf, 0xff, 0xf1,
    0x0, 0x0, 0x0, 0x0, 0x5e, 0xff, 0xff, 0x70,
    0x0, 0x0, 0x0, 0x1b, 0xff, 0xff, 0xf8, 0x0,
    0x0, 0x0, 0x0, 0xcf, 0xff, 0xfe, 0x40, 0x0,
    0x0, 0x0, 0x4, 0xff, 0xff, 0xb0, 0x0, 0x0,
    0x0, 0x0, 0x8, 0xff, 0xfe, 0x0, 0x0, 0x0,
    0x0, 0x0, 0xa, 0xff, 0xf9, 0x0, 0x0, 0x0,
    0x0, 0x0, 0x9, 0xee, 0xe7, 0x0, 0x0, 0x0,
    0x0, 0x0, 0x0, 0x0, 0x0, 0x0, 0x0, 0x0,
    0x0, 0x0, 0x0, 0x13, 0x10, 0x0, 0x0, 0x0,
    0x0, 0x0, 0x6, 0xff, 0xf5, 0x0, 0x0, 0x0,
    0x0, 0x0, 0x1f, 0xff, 0xff, 0x0, 0x0, 0x0,
    0x0, 0x0, 0x3f, 0xff, 0xff, 0x20, 0x0, 0x0,
    0x0, 0x0, 0xe, 0xff, 0xfe, 0x0, 0x0, 0x0,
    0x0, 0x0, 0x3, 0xdf, 0xc2, 0x0, 0x0, 0x0,

    /* U+0040 "@" */
    0x0, 0x0, 0x0, 0x0, 0x1, 0x6a, 0xce, 0xff,
    0xfe, 0xc9, 0x40, 0x0, 0x0, 0x0, 0x0, 0x0,
    0x0, 0x0, 0x0, 0x4b, 0xff, 0xff, 0xff, 0xff,
    0xff, 0xff, 0xf9, 0x10, 0x0, 0x0, 0x0, 0x0,
    0x0, 0x1, 0xbf, 0xff, 0xff, 0xff, 0xff, 0xff,
    0xff, 0xff, 0xff, 0x70, 0x0, 0x0, 0x0, 0x0,
    0x3, 0xef, 0xff, 0xff, 0xfe, 0xb9, 0x99, 0xbd,
    0xff, 0xff, 0xff, 0xb0, 0x0, 0x0, 0x0, 0x3,
    0xff, 0xff, 0xfd, 0x71, 0x0, 0x0, 0x0, 0x1,
    0x7e, 0xff, 0xff, 0xb0, 0x0, 0x0, 0x1, 0xef,
    0xff, 0xf7, 0x0, 0x0, 0x0, 0x0, 0x0, 0x0,
    0x9, 0xff, 0xff, 0x90, 0x0, 0x0, 0xbf, 0xff,
    0xf4, 0x0, 0x0, 0x15, 0x65, 0x20, 0x1, 0x11,
    0x7, 0xff, 0xff, 0x30, 0x0, 0x3f, 0xff, 0xf5,
    0x0, 0x2, 0xbf, 0xff, 0xff, 0xb3, 0xff, 0xf1,
    0x9, 0xff, 0xfc, 0x0, 0xb, 0xff, 0xfa, 0x0,
    0x3, 0xff, 0xff, 0xff, 0xff, 0xef, 0xff, 0x10,
    0xe, 0xff, 0xf3, 0x1, 0xff, 0xff, 0x20, 0x1,
    0xef, 0xff, 0xff, 0xff, 0xff, 0xff, 0xf1, 0x0,
    0x8f, 0xff, 0x80, 0x5f, 0xff, 0xc0, 0x0, 0x8f,
    0xff, 0xd4, 0x0, 0x4d, 0xff, 0xff, 0x10, 0x3,
    0xff, 0xfc, 0x8, 0xff, 0xf7, 0x0, 0xe, 0xff,
    0xe1, 0x0, 0x0, 0x2f, 0xff, 0xf1, 0x0, 0xf,
    0xff, 0xf0, 0xaf, 0xff, 0x40, 0x3, 0xff, 0xf8,
    0x0, 0x0, 0x0, 0xaf, 0xff, 0x10, 0x0, 0xdf,
    0xff, 0x1c, 0xff, 0xf3, 0x0, 0x5f, 0xff, 0x40,
    0x0, 0x0, 0x7, 0xff, 0xf1, 0x0, 0xb, 0xff,
    0xf2, 0xcf, 0xff, 0x20, 0x6, 0xff, 0xf2, 0x0,
    0x0, 0x0, 0x5f, 0xff, 0x10, 0x0, 0xbf, 0xff,
    0x2c, 0xff, 0xf3, 0x0, 0x6f, 0xff, 0x30, 0x0,
    0x0, 0x6, 0xff, 0xf1, 0x0, 0xc, 0xff, 0xf1,
    0xbf, 0xff, 0x40, 0x4, 0xff, 0xf6, 0x0, 0x0,
    0x0, 0x8f, 0xff, 0x10, 0x0, 0xef, 0xff, 0x9,
    0xff, 0xf7, 0x0, 0x1f, 0xff, 0xb0, 0x0, 0x0,
    0xd, 0xff, 0xf1, 0x0, 0x1f, 0xff, 0xc0, 0x5f,
    0xff, 0xb0, 0x0, 0xcf, 0xff, 0x60, 0x0, 0x8,
    0xff, 0xff, 0x20, 0x8, 0xff, 0xf7, 0x1, 0xff,
    0xff, 0x10, 0x5, 0xff, 0xff, 0xc8, 0x8c, 0xff,
    0xff, 0xfa, 0x37, 0xff, 0xff, 0x10, 0xc, 0xff,
    0xf9, 0x0, 0xb, 0xff, 0xff, 0xff, 0xff, 0xfd,
    0xff, 0xff, 0xff, 0xff, 0x70, 0x0, 0x5f, 0xff,
    0xf4, 0x0, 0xb, 0xff, 0xff, 0xff, 0xf7, 0x4f,
    0xff, 0xff, 0xff, 0x80, 0x0, 0x0, 0xcf, 0xff,
    0xf3, 0x0, 0x5, 0xbe, 0xfe, 0xb4, 0x0, 0x3b,
    0xef, 0xeb, 0x40, 0x0, 0x0, 0x2, 0xff, 0xff,
    0xf7, 0x0, 0x0, 0x0, 0x0, 0x0, 0x0, 0x0,
    0x0, 0x0, 0x0, 0x0, 0x0, 0x4, 0xff, 0xff,
    0xfd, 0x71, 0x0, 0x0, 0x0, 0x0, 0x14, 0x10,
    0x0, 0x0, 0x0, 0x0, 0x0, 0x4, 0xff, 0xff,
    0xff, 0xfe, 0xb9, 0x99, 0xac, 0xef, 0xf8, 0x0,
    0x0, 0x0, 0x0, 0x0, 0x0, 0x2, 0xcf, 0xff,
    0xff, 0xff, 0xff, 0xff, 0xff, 0xff, 0xe0, 0x0,
    0x0, 0x0, 0x0, 0x0, 0x0, 0x0, 0x4b, 0xff,
    0xff, 0xff, 0xff, 0xff, 0xff, 0xfd, 0x20, 0x0,
    0x0, 0x0, 0x0, 0x0, 0x0, 0x0, 0x1, 0x69,
    0xce, 0xff, 0xfe, 0xca, 0x62, 0x0, 0x0, 0x0,
    0x0, 0x0,

    /* U+0041 "A" */
    0x0, 0x0, 0x0, 0x0, 0xaf, 0xff, 0xff, 0xe0,
    0x0, 0x0, 0x0, 0x0, 0x0, 0x0, 0x0, 0xf,
    0xff, 0xff, 0xff, 0x30, 0x0, 0x0, 0x0, 0x0,
    0x0, 0x0, 0x6, 0xff, 0xff, 0xff, 0xf9, 0x0,
    0x0, 0x0, 0x0, 0x0, 0x0, 0x0, 0xbf, 0xff,
    0xff, 0xff, 0xe0, 0x0, 0x0, 0x0, 0x0, 0x0,
    0x0, 0x1f, 0xff, 0xfb, 0xff, 0xff, 0x40, 0x0,
    0x0, 0x0, 0x0, 0x0, 0x6, 0xff, 0xff, 0x3f,
    0xff, 0xfa, 0x0, 0x0, 0x0, 0x0, 0x0, 0x0,
    0xcf, 0xff, 0xe0, 0xbf, 0xff, 0xf0, 0x0, 0x0,
    0x0, 0x0, 0x0, 0x2f, 0xff, 0xfa, 0x6, 0xff,
    0xff, 0x50, 0x0, 0x0, 0x0, 0x0, 0x7, 0xff,
    0xff, 0x50, 0x2f, 0xff, 0xfb, 0x0, 0x0, 0x0,
    0x0, 0x0, 0xdf, 0xff, 0xf1, 0x0, 0xdf, 0xff,
    0xf1, 0x0, 0x0, 0x0, 0x0, 0x3f, 0xff, 0xfc,
    0x0, 0x8, 0xff, 0xff, 0x60, 0x0, 0x0, 0x0,
    0x8, 0xff, 0xff, 0x70, 0x0, 0x3f, 0xff, 0xfc,
    0x0, 0x0, 0x0, 0x0, 0xef, 0xff, 0xf2, 0x0,
    0x0, 0xef, 0xff, 0xf2, 0x0, 0x0, 0x0, 0x3f,
    0xff, 0xfc, 0x0, 0x0, 0x9, 0xff, 0xff, 0x70,
    0x0, 0x0, 0x9, 0xff, 0xff, 0xff, 0xff, 0xff,
    0xff, 0xff, 0xfd, 0x0, 0x0, 0x0, 0xef, 0xff,
    0xff, 0xff, 0xff, 0xff, 0xff, 0xff, 0xf3, 0x0,
    0x0, 0x4f, 0xff, 0xff, 0xff, 0xff, 0xff, 0xff,
    0xff, 0xff, 0x90, 0x0, 0xa, 0xff, 0xff, 0xdc,
    0xcc, 0xcc, 0xcc, 0xcf, 0xff, 0xfe, 0x0, 0x0,
    0xff, 0xff, 0xf2, 0x0, 0x0, 0x0, 0x0, 0xef,
    0xff, 0xf4, 0x0, 0x5f, 0xff, 0xfc, 0x0, 0x0,
    0x0, 0x0, 0x9, 0xff, 0xff, 0xa0, 0xb, 0xff,
    0xff, 0x70, 0x0, 0x0, 0x0, 0x0, 0x4f, 0xff,
    0xff, 0x1, 0xff, 0xff, 0xf2, 0x0, 0x0, 0x0,
    0x0, 0x0, 0xef, 0xff, 0xf5, 0x6f, 0xff, 0xfc,
    0x0, 0x0, 0x0, 0x0, 0x0, 0x9, 0xff, 0xff,
    0xb0,

    /* U+0042 "B" */
    0x1f, 0xff, 0xff, 0xff, 0xff, 0xfe, 0xc9, 0x30,
    0x0, 0x1, 0xff, 0xff, 0xff, 0xff, 0xff, 0xff,
    0xff, 0xa0, 0x0, 0x1f, 0xff, 0xff, 0xff, 0xff,
    0xff, 0xff, 0xff, 0xc0, 0x1, 0xff, 0xff, 0xec,
    0xcc, 0xcd, 0xff, 0xff, 0xff, 0x60, 0x1f, 0xff,
    0xfa, 0x0, 0x0, 0x2, 0xcf, 0xff, 0xfc, 0x1,
    0xff, 0xff, 0xa0, 0x0, 0x0, 0x1, 0xff, 0xff,
    0xe0, 0x1f, 0xff, 0xfa, 0x0, 0x0, 0x0, 0xd,
    0xff, 0xfe, 0x1, 0xff, 0xff, 0xa0, 0x0, 0x0,
    0x0, 0xff, 0xff, 0xb0, 0x1f, 0xff, 0xfa, 0x0,
    0x0, 0x0, 0x8f, 0xff, 0xf4, 0x1, 0xff, 0xff,
    0xc6, 0x66, 0x67, 0xcf, 0xff, 0xf7, 0x0, 0x1f,
    0xff, 0xff, 0xff, 0xff, 0xff, 0xff, 0xa3, 0x0,
    0x1, 0xff, 0xff, 0xff, 0xff, 0xff, 0xff, 0xfe,
    0x92, 0x0, 0x1f, 0xff, 0xff, 0xff, 0xff, 0xff,
    0xff, 0xff, 0xf4, 0x1, 0xff, 0xff, 0xa0, 0x0,
    0x0, 0x39, 0xff, 0xff, 0xe1, 0x1f, 0xff, 0xfa,
    0x0, 0x0, 0x0, 0x9, 0xff, 0xff, 0x71, 0xff,
    0xff, 0xa0, 0x0, 0x0, 0x0, 0x2f, 0xff, 0xfb,
    0x1f, 0xff, 0xfa, 0x0, 0x0, 0x0, 0x1, 0xff,
    0xff, 0xd1, 0xff, 0xff, 0xa0, 0x0, 0x0, 0x0,
    0x6f, 0xff, 0xfc, 0x1f, 0xff, 0xfa, 0x0, 0x0,
    0x0, 0x5f, 0xff, 0xff, 0x81, 0xff, 0xff, 0xec,
    0xcc, 0xcd, 0xff, 0xff, 0xff, 0xf2, 0x1f, 0xff,
    0xff, 0xff, 0xff, 0xff, 0xff, 0xff, 0xf6, 0x1,
    0xff, 0xff, 0xff, 0xff, 0xff, 0xff, 0xff, 0xf6,
    0x0, 0x1f, 0xff, 0xff, 0xff, 0xff, 0xff, 0xeb,
    0x61, 0x0, 0x0,

    /* U+0043 "C" */
    0x0, 0x0, 0x0, 0x17, 0xbe, 0xff, 0xec, 0x83,
    0x0, 0x0, 0x0, 0x0, 0x0, 0x19, 0xff, 0xff,
    0xff, 0xff, 0xff, 0xc3, 0x0, 0x0, 0x0, 0x3,
    0xef, 0xff, 0xff, 0xff, 0xff, 0xff, 0xff, 0x50,
    0x0, 0x0, 0x2e, 0xff, 0xff, 0xff, 0xff, 0xff,
    0xff, 0xff, 0xf4, 0x0, 0x0, 0xdf, 0xff, 0xff,
    0xc6, 0x32, 0x49, 0xff, 0xff, 0xfe, 0x10, 0x7,
    0xff, 0xff, 0xf6, 0x0, 0x0, 0x0, 0x2e, 0xff,
    0xff, 0x80, 0xe, 0xff, 0xff, 0x70, 0x0, 0x0,
    0x0, 0x3, 0xff, 0xff, 0xe0, 0x4f, 0xff, 0xfd,
    0x0, 0x0, 0x0, 0x0, 0x0, 0xbf, 0xff, 0xf2,
    0x8f, 0xff, 0xf7, 0x0, 0x0, 0x0, 0x0, 0x0,
    0x12, 0x22, 0x20, 0xaf, 0xff, 0xf3, 0x0, 0x0,
    0x0, 0x0, 0x0, 0x0, 0x0, 0x0, 0xcf, 0xff,
    0xf1, 0x0, 0x0, 0x0, 0x0, 0x0, 0x0, 0x0,
    0x0, 0xcf, 0xff, 0xf0, 0x0, 0x0, 0x0, 0x0,
    0x0, 0x0, 0x0, 0x0, 0xcf, 0xff, 0xf1, 0x0,
    0x0, 0x0, 0x0, 0x0, 0x0, 0x0, 0x0, 0xaf,
    0xff, 0xf3, 0x0, 0x0, 0x0, 0x0, 0x0, 0x0,
    0x0, 0x0, 0x8f, 0xff, 0xf7, 0x0, 0x0, 0x0,
    0x0, 0x0, 0x12, 0x22, 0x20, 0x4f, 0xff, 0xfd,
    0x0, 0x0, 0x0, 0x0, 0x0, 0xbf, 0xff, 0xf3,
    0xe, 0xff, 0xff, 0x60, 0x0, 0x0, 0x0, 0x3,
    0xff, 0xff, 0xe0, 0x7, 0xff, 0xff, 0xf6, 0x0,
    0x0, 0x0, 0x2e, 0xff, 0xff, 0x80, 0x0, 0xdf,
    0xff, 0xff, 0xc6, 0x33, 0x59, 0xff, 0xff, 0xfe,
    0x10, 0x0, 0x2e, 0xff, 0xff, 0xff, 0xff, 0xff,
    0xff, 0xff, 0xf4, 0x0, 0x0, 0x2, 0xef, 0xff,
    0xff, 0xff, 0xff, 0xff, 0xff, 0x50, 0x0, 0x0,
    0x0, 0x19, 0xff, 0xff, 0xff, 0xff, 0xff, 0xb2,
    0x0, 0x0, 0x0, 0x0, 0x0, 0x17, 0xbe, 0xff,
    0xec, 0x83, 0x0, 0x0, 0x0,

    /* U+0044 "D" */
    0x1f, 0xff, 0xff, 0xff, 0xff, 0xfd, 0xa5, 0x0,
    0x0, 0x0, 0x1, 0xff, 0xff, 0xff, 0xff, 0xff,
    0xff, 0xfe, 0x70, 0x0, 0x0, 0x1f, 0xff, 0xff,
    0xff, 0xff, 0xff, 0xff, 0xff, 0xc1, 0x0, 0x1,
    0xff, 0xff, 0xff, 0xff, 0xff, 0xff, 0xff, 0xff,
    0xd0, 0x0, 0x1f, 0xff, 0xfb, 0x0, 0x0, 0x26,
    0xcf, 0xff, 0xff, 0xa0, 0x1, 0xff, 0xff, 0xb0,
    0x0, 0x0, 0x0, 0x6f, 0xff, 0xff, 0x30, 0x1f,
    0xff, 0xfb, 0x0, 0x0, 0x0, 0x0, 0x8f, 0xff,
    0xfa, 0x1, 0xff, 0xff, 0xb0, 0x0, 0x0, 0x0,
    0x0, 0xff, 0xff, 0xf0, 0x1f, 0xff, 0xfb, 0x0,
    0x0, 0x0, 0x0, 0xa, 0xff, 0xff, 0x31, 0xff,
    0xff, 0xb0, 0x0, 0x0, 0x0, 0x0, 0x6f, 0xff,
    0xf6, 0x1f, 0xff, 0xfb, 0x0, 0x0, 0x0, 0x0,
    0x5, 0xff, 0xff, 0x71, 0xff, 0xff, 0xb0, 0x0,
    0x0, 0x0, 0x0, 0x4f, 0xff, 0xf8, 0x1f, 0xff,
    0xfb, 0x0, 0x0, 0x0, 0x0, 0x5, 0xff, 0xff,
    0x71, 0xff, 0xff, 0xb0, 0x0, 0x0, 0x0, 0x0,
    0x6f, 0xff, 0xf6, 0x1f, 0xff, 0xfb, 0x0, 0x0,
    0x0, 0x0, 0xa, 0xff, 0xff, 0x31, 0xff, 0xff,
    0xb0, 0x0, 0x0, 0x0, 0x0, 0xff, 0xff, 0xf0,
    0x1f, 0xff, 0xfb, 0x0, 0x0, 0x0, 0x0, 0x8f,
    0xff, 0xfa, 0x1, 0xff, 0xff, 0xb0, 0x0, 0x0,
    0x0, 0x6f, 0xff, 0xff, 0x30, 0x1f, 0xff, 0xfb,
    0x0, 0x0, 0x26, 0xcf, 0xff, 0xff, 0x90, 0x1,
    0xff, 0xff, 0xff, 0xff, 0xff, 0xff, 0xff, 0xff,
    0xc0, 0x0, 0x1f, 0xff, 0xff, 0xff, 0xff, 0xff,
    0xff, 0xff, 0xc1, 0x0, 0x1, 0xff, 0xff, 0xff,
    0xff, 0xff, 0xff, 0xfe, 0x60, 0x0, 0x0, 0x1f,
    0xff, 0xff, 0xff, 0xff, 0xfd, 0x95, 0x0, 0x0,
    0x0, 0x0,

    /* U+0045 "E" */
    0x1f, 0xff, 0xff, 0xff, 0xff, 0xff, 0xff, 0xff,
    0xf1, 0x1f, 0xff, 0xff, 0xff, 0xff, 0xff, 0xff,
    0xff, 0xf1, 0x1f, 0xff, 0xff, 0xff, 0xff, 0xff,
    0xff, 0xff, 0xf1, 0x1f, 0xff, 0xff, 0xff, 0xff,
    0xff, 0xff, 0xff, 0xf1, 0x1f, 0xff, 0xfb, 0x0,
    0x0, 0x0, 0x0, 0x0, 0x0, 0x1f, 0xff, 0xfb,
    0x0, 0x0, 0x0, 0x0, 0x0, 0x0, 0x1f, 0xff,
    0xfb, 0x0, 0x0, 0x0, 0x0, 0x0, 0x0, 0x1f,
    0xff, 0xfb, 0x0, 0x0, 0x0, 0x0, 0x0, 0x0,
    0x1f, 0xff, 0xfb, 0x0, 0x0, 0x0, 0x0, 0x0,
    0x0, 0x1f, 0xff, 0xff, 0xee, 0xee, 0xee, 0xee,
    0xee, 0x30, 0x1f, 0xff, 0xff, 0xff, 0xff, 0xff,
    0xff, 0xff, 0x40, 0x1f, 0xff, 0xff, 0xff, 0xff,
    0xff, 0xff, 0xff, 0x40, 0x1f, 0xff, 0xff, 0xff,
    0xff, 0xff, 0xff, 0xff, 0x40, 0x1f, 0xff, 0xfb,
    0x0, 0x0, 0x0, 0x0, 0x0, 0x0, 0x1f, 0xff,
    0xfb, 0x0, 0x0, 0x0, 0x0, 0x0, 0x0, 0x1f,
    0xff, 0xfb, 0x0, 0x0, 0x0, 0x0, 0x0, 0x0,
    0x1f, 0xff, 0xfb, 0x0, 0x0, 0x0, 0x0, 0x0,
    0x0, 0x1f, 0xff, 0xfb, 0x0, 0x0, 0x0, 0x0,
    0x0, 0x0, 0x1f, 0xff, 0xfb, 0x0, 0x0, 0x0,
    0x0, 0x0, 0x0, 0x1f, 0xff, 0xff, 0xff, 0xff,
    0xff, 0xff, 0xff, 0xf2, 0x1f, 0xff, 0xff, 0xff,
    0xff, 0xff, 0xff, 0xff, 0xf2, 0x1f, 0xff, 0xff,
    0xff, 0xff, 0xff, 0xff, 0xff, 0xf2, 0x1f, 0xff,
    0xff, 0xff, 0xff, 0xff, 0xff, 0xff, 0xf2,

    /* U+0046 "F" */
    0x1f, 0xff, 0xff, 0xff, 0xff, 0xff, 0xff, 0xff,
    0xb1, 0xff, 0xff, 0xff, 0xff, 0xff, 0xff, 0xff,
    0xfb, 0x1f, 0xff, 0xff, 0xff, 0xff, 0xff, 0xff,
    0xff, 0xb1, 0xff, 0xff, 0xff, 0xff, 0xff, 0xff,
    0xff, 0xfb, 0x1f, 0xff, 0xfb, 0x0, 0x0, 0x0,
    0x0, 0x0, 0x1, 0xff, 0xff, 0xb0, 0x0, 0x0,
    0x0, 0x0, 0x0, 0x1f, 0xff, 0xfb, 0x0, 0x0,
    0x0, 0x0, 0x0, 0x1, 0xff, 0xff, 0xb0, 0x0,
    0x0, 0x0, 0x0, 0x0, 0x1f, 0xff, 0xfb, 0x0,
    0x0, 0x0, 0x0, 0x0, 0x1, 0xff, 0xff, 0xb0,
    0x0, 0x0, 0x0, 0x0, 0x0, 0x1f, 0xff, 0xff,
    0xff, 0xff, 0xff, 0xff, 0xfd, 0x1, 0xff, 0xff,
    0xff, 0xff, 0xff, 0xff, 0xff, 0xd0, 0x1f, 0xff,
    0xff, 0xff, 0xff, 0xff, 0xff, 0xfd, 0x1, 0xff,
    0xff, 0xfe, 0xee, 0xee, 0xee, 0xee, 0xb0, 0x1f,
    0xff, 0xfb, 0x0, 0x0, 0x0, 0x0, 0x0, 0x1,
    0xff, 0xff, 0xb0, 0x0, 0x0, 0x0, 0x0, 0x0,
    0x1f, 0xff, 0xfb, 0x0, 0x0, 0x0, 0x0, 0x0,
    0x1, 0xff, 0xff, 0xb0, 0x0, 0x0, 0x0, 0x0,
    0x0, 0x1f, 0xff, 0xfb, 0x0, 0x0, 0x0, 0x0,
    0x0, 0x1, 0xff, 0xff, 0xb0, 0x0, 0x0, 0x0,
    0x0, 0x0, 0x1f, 0xff, 0xfb, 0x0, 0x0, 0x0,
    0x0, 0x0, 0x1, 0xff, 0xff, 0xb0, 0x0, 0x0,
    0x0, 0x0, 0x0, 0x1f, 0xff, 0xfb, 0x0, 0x0,
    0x0, 0x0, 0x0, 0x0,

    /* U+0047 "G" */
    0x0, 0x0, 0x0, 0x17, 0xbe, 0xff, 0xec, 0x83,
    0x0, 0x0, 0x0, 0x0, 0x0, 0x19, 0xff, 0xff,
    0xff, 0xff, 0xff, 0xc3, 0x0, 0x0, 0x0, 0x2,
    0xef, 0xff, 0xff, 0xff, 0xff, 0xff, 0xff, 0x60,
    0x0, 0x0, 0x2e, 0xff, 0xff, 0xff, 0xff, 0xff,
    0xff, 0xff, 0xf6, 0x0, 0x0, 0xdf, 0xff, 0xff,
    0xc6, 0x33, 0x48, 0xff, 0xff, 0xff, 0x20, 0x7,
    0xff, 0xff, 0xf6, 0x0, 0x0, 0x0, 0x1d, 0xff,
    0xff, 0xa0, 0xe, 0xff, 0xff, 0x70, 0x0, 0x0,
    0x0, 0x2, 0xff, 0xff, 0xf0, 0x4f, 0xff, 0xfd,
    0x0, 0x0, 0x0, 0x0, 0x0, 0x68, 0x88, 0x81,
    0x8f, 0xff, 0xf7, 0x0, 0x0, 0x0, 0x0, 0x0,
    0x0, 0x0, 0x0, 0xaf, 0xff, 0xf3, 0x0, 0x0,
    0x0, 0x0, 0x0, 0x0, 0x0, 0x0, 0xcf, 0xff,
    0xf1, 0x0, 0x0, 0x3, 0x99, 0x99, 0x99, 0x99,
    0x94, 0xcf, 0xff, 0xf0, 0x0, 0x0, 0x5, 0xff,
    0xff, 0xff, 0xff, 0xf6, 0xcf, 0xff, 0xf1, 0x0,
    0x0, 0x5, 0xff, 0xff, 0xff, 0xff, 0xf6, 0xaf,
    0xff, 0xf3, 0x0, 0x0, 0x5, 0xff, 0xff, 0xff,
    0xff, 0xf6, 0x8f, 0xff, 0xf7, 0x0, 0x0, 0x0,
    0x0, 0x0, 0x4f, 0xff, 0xf5, 0x4f, 0xff, 0xfd,
    0x0, 0x0, 0x0, 0x0, 0x0, 0x8f, 0xff, 0xf3,
    0xe, 0xff, 0xff, 0x70, 0x0, 0x0, 0x0, 0x0,
    0xef, 0xff, 0xf0, 0x6, 0xff, 0xff, 0xf6, 0x0,
    0x0, 0x0, 0x1b, 0xff, 0xff, 0x90, 0x0, 0xdf,
    0xff, 0xff, 0xc6, 0x33, 0x48, 0xef, 0xff, 0xff,
    0x10, 0x0, 0x2e, 0xff, 0xff, 0xff, 0xff, 0xff,
    0xff, 0xff, 0xf5, 0x0, 0x0, 0x2, 0xef, 0xff,
    0xff, 0xff, 0xff, 0xff, 0xff, 0x60, 0x0, 0x0,
    0x0, 0x19, 0xff, 0xff, 0xff, 0xff, 0xff, 0xc3,
    0x0, 0x0, 0x0, 0x0, 0x0, 0x17, 0xbe, 0xff,
    0xec, 0x93, 0x0, 0x0, 0x0,

    /* U+0048 "H" */
    0x1f, 0xff, 0xfb, 0x0, 0x0, 0x0, 0x0, 0x5,
    0xff, 0xff, 0x71, 0xff, 0xff, 0xb0, 0x0, 0x0,
    0x0, 0x0, 0x5f, 0xff, 0xf7, 0x1f, 0xff, 0xfb,
    0x0, 0x0, 0x0, 0x0, 0x5, 0xff, 0xff, 0x71,
    0xff, 0xff, 0xb0, 0x0, 0x0, 0x0, 0x0, 0x5f,
    0xff, 0xf7, 0x1f, 0xff, 0xfb, 0x0, 0x0, 0x0,
    0x0, 0x5, 0xff, 0xff, 0x71, 0xff, 0xff, 0xb0,
    0x0, 0x0, 0x0, 0x0, 0x5f, 0xff, 0xf7, 0x1f,
    0xff, 0xfb, 0x0, 0x0, 0x0, 0x0, 0x5, 0xff,
    0xff, 0x71, 0xff, 0xff, 0xb0, 0x0, 0x0, 0x0,
    0x0, 0x5f, 0xff, 0xf7, 0x1f, 0xff, 0xfb, 0x0,
    0x0, 0x0, 0x0, 0x5, 0xff, 0xff, 0x71, 0xff,
    0xff, 0xff, 0xff, 0xff, 0xff, 0xff, 0xff, 0xff,
    0xf7, 0x1f, 0xff, 0xff, 0xff, 0xff, 0xff, 0xff,
    0xff, 0xff, 0xff, 0x71, 0xff, 0xff, 0xff, 0xff,
    0xff, 0xff, 0xff, 0xff, 0xff, 0xf7, 0x1f, 0xff,
    0xff, 0xff, 0xff, 0xff, 0xff, 0xff, 0xff, 0xff,
    0x71, 0xff, 0xff, 0xb0, 0x0, 0x0, 0x0, 0x0,
    0x5f, 0xff, 0xf7, 0x1f, 0xff, 0xfb, 0x0, 0x0,
    0x0, 0x0, 0x5, 0xff, 0xff, 0x71, 0xff, 0xff,
    0xb0, 0x0, 0x0, 0x0, 0x0, 0x5f, 0xff, 0xf7,
    0x1f, 0xff, 0xfb, 0x0, 0x0, 0x0, 0x0, 0x5,
    0xff, 0xff, 0x71, 0xff, 0xff, 0xb0, 0x0, 0x0,
    0x0, 0x0, 0x5f, 0xff, 0xf7, 0x1f, 0xff, 0xfb,
    0x0, 0x0, 0x0, 0x0, 0x5, 0xff, 0xff, 0x71,
    0xff, 0xff, 0xb0, 0x0, 0x0, 0x0, 0x0, 0x5f,
    0xff, 0xf7, 0x1f, 0xff, 0xfb, 0x0, 0x0, 0x0,
    0x0, 0x5, 0xff, 0xff, 0x71, 0xff, 0xff, 0xb0,
    0x0, 0x0, 0x0, 0x0, 0x5f, 0xff, 0xf7, 0x1f,
    0xff, 0xfb, 0x0, 0x0, 0x0, 0x0, 0x5, 0xff,
    0xff, 0x70,

    /* U+0049 "I" */
    0x1f, 0xff, 0xfb, 0x1f, 0xff, 0xfb, 0x1f, 0xff,
    0xfb, 0x1f, 0xff, 0xfb, 0x1f, 0xff, 0xfb, 0x1f,
    0xff, 0xfb, 0x1f, 0xff, 0xfb, 0x1f, 0xff, 0xfb,
    0x1f, 0xff, 0xfb, 0x1f, 0xff, 0xfb, 0x1f, 0xff,
    0xfb, 0x1f, 0xff, 0xfb, 0x1f, 0xff, 0xfb, 0x1f,
    0xff, 0xfb, 0x1f, 0xff, 0xfb, 0x1f, 0xff, 0xfb,
    0x1f, 0xff, 0xfb, 0x1f, 0xff, 0xfb, 0x1f, 0xff,
    0xfb, 0x1f, 0xff, 0xfb, 0x1f, 0xff, 0xfb, 0x1f,
    0xff, 0xfb, 0x1f, 0xff, 0xfb,

    /* U+004A "J" */
    0x0, 0x0, 0x0, 0x0, 0x0, 0x5, 0xff, 0xff,
    0x70, 0x0, 0x0, 0x0, 0x0, 0x0, 0x5f, 0xff,
    0xf7, 0x0, 0x0, 0x0, 0x0, 0x0, 0x5, 0xff,
    0xff, 0x70, 0x0, 0x0, 0x0, 0x0, 0x0, 0x5f,
    0xff, 0xf7, 0x0, 0x0, 0x0, 0x0, 0x0, 0x5,
    0xff, 0xff, 0x70, 0x0, 0x0, 0x0, 0x0, 0x0,
    0x5f, 0xff, 0xf7, 0x0, 0x0, 0x0, 0x0, 0x0,
    0x5, 0xff, 0xff, 0x70, 0x0, 0x0, 0x0, 0x0,
    0x0, 0x5f, 0xff, 0xf7, 0x0, 0x0, 0x0, 0x0,
    0x0, 0x5, 0xff, 0xff, 0x70, 0x0, 0x0, 0x0,
    0x0, 0x0, 0x5f, 0xff, 0xf7, 0x0, 0x0, 0x0,
    0x0, 0x0, 0x5, 0xff, 0xff, 0x70, 0x0, 0x0,
    0x0, 0x0, 0x0, 0x5f, 0xff, 0xf7, 0x0, 0x0,
    0x0, 0x0, 0x0, 0x5, 0xff, 0xff, 0x70, 0x0,
    0x0, 0x0, 0x0, 0x0, 0x5f, 0xff, 0xf7, 0xa,
    0xaa, 0xa6, 0x0, 0x0, 0x5, 0xff, 0xff, 0x70,
    0xff, 0xff, 0xa0, 0x0, 0x0, 0x5f, 0xff, 0xf7,
    0xf, 0xff, 0xfa, 0x0, 0x0, 0x6, 0xff, 0xff,
    0x60, 0xdf, 0xff, 0xe0, 0x0, 0x0, 0xaf, 0xff,
    0xf4, 0x9, 0xff, 0xff, 0xb1, 0x0, 0x7f, 0xff,
    0xff, 0x10, 0x3f, 0xff, 0xff, 0xfe, 0xff, 0xff,
    0xff, 0xa0, 0x0, 0x8f, 0xff, 0xff, 0xff, 0xff,
    0xff, 0xe1, 0x0, 0x0, 0x7f, 0xff, 0xff, 0xff,
    0xff, 0xc1, 0x0, 0x0, 0x0, 0x28, 0xcf, 0xff,
    0xda, 0x40, 0x0, 0x0,

    /* U+004B "K" */
    0x1f, 0xff, 0xfb, 0x0, 0x0, 0x0, 0x0, 0x8f,
    0xff, 0xff, 0x41, 0xff, 0xff, 0xb0, 0x0, 0x0,
    0x0, 0x6f, 0xff, 0xff, 0x60, 0x1f, 0xff, 0xfb,
    0x0, 0x0, 0x0, 0x4f, 0xff, 0xff, 0x80, 0x1,
    0xff, 0xff, 0xb0, 0x0, 0x0, 0x2f, 0xff, 0xff,
    0xa0, 0x0, 0x1f, 0xff, 0xfb, 0x0, 0x0, 0x1e,
    0xff, 0xff, 0xc0, 0x0, 0x1, 0xff, 0xff, 0xb0,
    0x0, 0xc, 0xff, 0xff, 0xd1, 0x0, 0x0, 0x1f,
    0xff, 0xfb, 0x0, 0xa, 0xff, 0xff, 0xe2, 0x0,
    0x0, 0x1, 0xff, 0xff, 0xa0, 0x8, 0xff, 0xff,
    0xf3, 0x0, 0x0, 0x0, 0x1f, 0xff, 0xfa, 0x5,
    0xff, 0xff, 0xf4, 0x0, 0x0, 0x0, 0x1, 0xff,
    0xff, 0xa2, 0xff, 0xff, 0xf6, 0x0, 0x0, 0x0,
    0x0, 0x1f, 0xff, 0xfb, 0xdf, 0xff, 0xff, 0x60,
    0x0, 0x0, 0x0, 0x1, 0xff, 0xff, 0xff, 0xff,
    0xff, 0xff, 0x20, 0x0, 0x0, 0x0, 0x1f, 0xff,
    0xff, 0xff, 0xff, 0xff, 0xfb, 0x0, 0x0, 0x0,
    0x1, 0xff, 0xff, 0xff, 0xf7, 0xef, 0xff, 0xf7,
    0x0, 0x0, 0x0, 0x1f, 0xff, 0xff, 0xf8, 0x4,
    0xff, 0xff, 0xf2, 0x0, 0x0, 0x1, 0xff, 0xff,
    0xfa, 0x0, 0xa, 0xff, 0xff, 0xc0, 0x0, 0x0,
    0x1f, 0xff, 0xfd, 0x0, 0x0, 0x1e, 0xff, 0xff,
    0x70, 0x0, 0x1, 0xff, 0xff, 0xb0, 0x0, 0x0,
    0x4f, 0xff, 0xff, 0x30, 0x0, 0x1f, 0xff, 0xfb,
    0x0, 0x0, 0x0, 0xaf, 0xff, 0xfd, 0x0, 0x1,
    0xff, 0xff, 0xb0, 0x0, 0x0, 0x1, 0xef, 0xff,
    0xf8, 0x0, 0x1f, 0xff, 0xfb, 0x0, 0x0, 0x0,
    0x4, 0xff, 0xff, 0xf3, 0x1, 0xff, 0xff, 0xb0,
    0x0, 0x0, 0x0, 0xa, 0xff, 0xff, 0xe0, 0x1f,
    0xff, 0xfb, 0x0, 0x0, 0x0, 0x0, 0x1e, 0xff,
    0xff, 0x90,

    /* U+004C "L" */
    0x1f, 0xff, 0xfb, 0x0, 0x0, 0x0, 0x0, 0x0,
    0x1, 0xff, 0xff, 0xb0, 0x0, 0x0, 0x0, 0x0,
    0x0, 0x1f, 0xff, 0xfb, 0x0, 0x0, 0x0, 0x0,
    0x0, 0x1, 0xff, 0xff, 0xb0, 0x0, 0x0, 0x0,
    0x0, 0x0, 0x1f, 0xff, 0xfb, 0x0, 0x0, 0x0,
    0x0, 0x0, 0x1, 0xff, 0xff, 0xb0, 0x0, 0x0,
    0x0, 0x0, 0x0, 0x1f, 0xff, 0xfb, 0x0, 0x0,
    0x0, 0x0, 0x0, 0x1, 0xff, 0xff, 0xb0, 0x0,
    0x0, 0x0, 0x0, 0x0, 0x1f, 0xff, 0xfb, 0x0,
    0x0, 0x0, 0x0, 0x0, 0x1, 0xff, 0xff, 0xb0,
    0x0, 0x0, 0x0, 0x0, 0x0, 0x1f, 0xff, 0xfb,
    0x0, 0x0, 0x0, 0x0, 0x0, 0x1, 0xff, 0xff,
    0xb0, 0x0, 0x0, 0x0, 0x0, 0x0, 0x1f, 0xff,
    0xfb, 0x0, 0x0, 0x0, 0x0, 0x0, 0x1, 0xff,
    0xff, 0xb0, 0x0, 0x0, 0x0, 0x0, 0x0, 0x1f,
    0xff, 0xfb, 0x0, 0x0, 0x0, 0x0, 0x0, 0x1,
    0xff, 0xff, 0xb0, 0x0, 0x0, 0x0, 0x0, 0x0,
    0x1f, 0xff, 0xfb, 0x0, 0x0, 0x0, 0x0, 0x0,
    0x1, 0xff, 0xff, 0xb0, 0x0, 0x0, 0x0, 0x0,
    0x0, 0x1f, 0xff, 0xfb, 0x0, 0x0, 0x0, 0x0,
    0x0, 0x1, 0xff, 0xff, 0xff, 0xff, 0xff, 0xff,
    0xff, 0xf0, 0x1f, 0xff, 0xff, 0xff, 0xff, 0xff,
    0xff, 0xff, 0x1, 0xff, 0xff, 0xff, 0xff, 0xff,
    0xff, 0xff, 0xf0, 0x1f, 0xff, 0xff, 0xff, 0xff,
    0xff, 0xff, 0xff, 0x0,

    /* U+004D "M" */
    0x1f, 0xff, 0xff, 0xff, 0x30, 0x0, 0x0, 0x0,
    0x0, 0x1f, 0xff, 0xff, 0xff, 0x31, 0xff, 0xff,
    0xff, 0xf9, 0x0, 0x0, 0x0, 0x0, 0x7, 0xff,
    0xff, 0xff, 0xf3, 0x1f, 0xff, 0xff, 0xff, 0xe0,
    0x0, 0x0, 0x0, 0x0, 0xcf, 0xff, 0xff, 0xff,
    0x31, 0xff, 0xff, 0xff, 0xff, 0x40, 0x0, 0x0,
    0x0, 0x2f, 0xff, 0xff, 0xff, 0xf3, 0x1f, 0xff,
    0xff, 0xff, 0xfa, 0x0, 0x0, 0x0, 0x8, 0xff,
    0xff, 0xff, 0xff, 0x31, 0xff, 0xff, 0xdf, 0xff,
    0xf0, 0x0, 0x0, 0x0, 0xdf, 0xff, 0xcf, 0xff,
    0xf3, 0x1f, 0xff, 0xf9, 0xff, 0xff, 0x50, 0x0,
    0x0, 0x3f, 0xff, 0xf8, 0xff, 0xff, 0x31, 0xff,
    0xff, 0x8c, 0xff, 0xfb, 0x0, 0x0, 0x9, 0xff,
    0xfe, 0x6f, 0xff, 0xf3, 0x1f, 0xff, 0xf8, 0x7f,
    0xff, 0xf1, 0x0, 0x0, 0xef, 0xff, 0x97, 0xff,
    0xff, 0x31, 0xff, 0xff, 0x93, 0xff, 0xff, 0x70,
    0x0, 0x4f, 0xff, 0xf4, 0x7f, 0xff, 0xf3, 0x1f,
    0xff, 0xf9, 0xe, 0xff, 0xfc, 0x0, 0x9, 0xff,
    0xff, 0x7, 0xff, 0xff, 0x31, 0xff, 0xff, 0x90,
    0x9f, 0xff, 0xf1, 0x0, 0xef, 0xff, 0xa0, 0x8f,
    0xff, 0xf3, 0x1f, 0xff, 0xfa, 0x3, 0xff, 0xff,
    0x60, 0x3f, 0xff, 0xf5, 0x8, 0xff, 0xff, 0x31,
    0xff, 0xff, 0xa0, 0xd, 0xff, 0xfb, 0x7, 0xff,
    0xfe, 0x0, 0x8f, 0xff, 0xf3, 0x1f, 0xff, 0xfa,
    0x0, 0x8f, 0xff, 0xf0, 0xcf, 0xff, 0x90, 0x8,
    0xff, 0xff, 0x31, 0xff, 0xff, 0xa0, 0x2, 0xff,
    0xff, 0x4f, 0xff, 0xf3, 0x0, 0x8f, 0xff, 0xf3,
    0x1f, 0xff, 0xfa, 0x0, 0xc, 0xff, 0xfc, 0xff,
    0xfe, 0x0, 0x8, 0xff, 0xff, 0x31, 0xff, 0xff,
    0xa0, 0x0, 0x6f, 0xff, 0xff, 0xff, 0x80, 0x0,
    0x8f, 0xff, 0xf3, 0x1f, 0xff, 0xfa, 0x0, 0x1,
    0xff, 0xff, 0xff, 0xf2, 0x0, 0x8, 0xff, 0xff,
    0x31, 0xff, 0xff, 0xa0, 0x0, 0xa, 0xff, 0xff,
    0xfc, 0x0, 0x0, 0x8f, 0xff, 0xf3, 0x1f, 0xff,
    0xfa, 0x0, 0x0, 0x5f, 0xff, 0xff, 0x70, 0x0,
    0x8, 0xff, 0xff, 0x31, 0xff, 0xff, 0xa0, 0x0,
    0x0, 0xef, 0xff, 0xf1, 0x0, 0x0, 0x8f, 0xff,
    0xf3, 0x1f, 0xff, 0xfa, 0x0, 0x0, 0x9, 0xff,
    0xfb, 0x0, 0x0, 0x8, 0xff, 0xff, 0x30,

    /* U+004E "N" */
    0x1f, 0xff, 0xff, 0x60, 0x0, 0x0, 0x0, 0x0,
    0xff, 0xff, 0xd1, 0xff, 0xff, 0xff, 0x10, 0x0,
    0x0, 0x0, 0xf, 0xff, 0xfd, 0x1f, 0xff, 0xff,
    0xfa, 0x0, 0x0, 0x0, 0x0, 0xff, 0xff, 0xd1,
    0xff, 0xff, 0xff, 0xf4, 0x0, 0x0, 0x0, 0xf,
    0xff, 0xfd, 0x1f, 0xff, 0xff, 0xff, 0xe0, 0x0,
    0x0, 0x0, 0xff, 0xff, 0xd1, 0xff, 0xff, 0xff,
    0xff, 0x90, 0x0, 0x0, 0xf, 0xff, 0xfd, 0x1f,
    0xff, 0xfe, 0xff, 0xff, 0x30, 0x0, 0x0, 0xff,
    0xff, 0xd1, 0xff, 0xff, 0x9e, 0xff, 0xfd, 0x0,
    0x0, 0xf, 0xff, 0xfd, 0x1f, 0xff, 0xfa, 0x5f,
    0xff, 0xf7, 0x0, 0x0, 0xff, 0xff, 0xd1, 0xff,
    0xff, 0xa0, 0xdf, 0xff, 0xf2, 0x0, 0xf, 0xff,
    0xfd, 0x1f, 0xff, 0xfb, 0x3, 0xff, 0xff, 0xb0,
    0x0, 0xff, 0xff, 0xd1, 0xff, 0xff, 0xb0, 0xa,
    0xff, 0xff, 0x50, 0xf, 0xff, 0xfd, 0x1f, 0xff,
    0xfb, 0x0, 0x1e, 0xff, 0xfe, 0x10, 0xff, 0xff,
    0xd1, 0xff, 0xff, 0xb0, 0x0, 0x6f, 0xff, 0xf8,
    0xf, 0xff, 0xfd, 0x1f, 0xff, 0xfb, 0x0, 0x0,
    0xcf, 0xff, 0xf2, 0xef, 0xff, 0xd1, 0xff, 0xff,
    0xb0, 0x0, 0x2, 0xff, 0xff, 0xae, 0xff, 0xfd,
    0x1f, 0xff, 0xfb, 0x0, 0x0, 0x7, 0xff, 0xff,
    0xff, 0xff, 0xd1, 0xff, 0xff, 0xb0, 0x0, 0x0,
    0xd, 0xff, 0xff, 0xff, 0xfd, 0x1f, 0xff, 0xfb,
    0x0, 0x0, 0x0, 0x3f, 0xff, 0xff, 0xff, 0xd1,
    0xff, 0xff, 0xb0, 0x0, 0x0, 0x0, 0x9f, 0xff,
    0xff, 0xfd, 0x1f, 0xff, 0xfb, 0x0, 0x0, 0x0,
    0x0, 0xef, 0xff, 0xff, 0xd1, 0xff, 0xff, 0xb0,
    0x0, 0x0, 0x0, 0x5, 0xff, 0xff, 0xfd, 0x1f,
    0xff, 0xfb, 0x0, 0x0, 0x0, 0x0, 0xa, 0xff,
    0xff, 0xd0,

    /* U+004F "O" */
    0x0, 0x0, 0x0, 0x17, 0xbe, 0xff, 0xec, 0x83,
    0x0, 0x0, 0x0, 0x0, 0x0, 0x1, 0x9f, 0xff,
    0xff, 0xff, 0xff, 0xfb, 0x20, 0x0, 0x0, 0x0,
    0x2, 0xef, 0xff, 0xff, 0xff, 0xff, 0xff, 0xff,
    0x50, 0x0, 0x0, 0x2, 0xef, 0xff, 0xff, 0xff,
    0xff, 0xff, 0xff, 0xff, 0x50, 0x0, 0x0, 0xdf,
    0xff, 0xff, 0xb6, 0x33, 0x5a, 0xff, 0xff, 0xff,
    0x20, 0x0, 0x7f, 0xff, 0xff, 0x50, 0x0, 0x0,
    0x3, 0xef, 0xff, 0xfb, 0x0, 0xe, 0xff, 0xff,
    0x60, 0x0, 0x0, 0x0, 0x2, 0xff, 0xff, 0xf2,
    0x4, 0xff, 0xff, 0xd0, 0x0, 0x0, 0x0, 0x0,
    0x9, 0xff, 0xff, 0x80, 0x8f, 0xff, 0xf7, 0x0,
    0x0, 0x0, 0x0, 0x0, 0x3f, 0xff, 0xfc, 0xa,
    0xff, 0xff, 0x30, 0x0, 0x0, 0x0, 0x0, 0x0,
    0xff, 0xff, 0xe0, 0xcf, 0xff, 0xf1, 0x0, 0x0,
    0x0, 0x0, 0x0, 0xd, 0xff, 0xff, 0xc, 0xff,
    0xff, 0x0, 0x0, 0x0, 0x0, 0x0, 0x0, 0xcf,
    0xff, 0xf0, 0xcf, 0xff, 0xf1, 0x0, 0x0, 0x0,
    0x0, 0x0, 0xd, 0xff, 0xff, 0xa, 0xff, 0xff,
    0x30, 0x0, 0x0, 0x0, 0x0, 0x0, 0xff, 0xff,
    0xe0, 0x8f, 0xff, 0xf7, 0x0, 0x0, 0x0, 0x0,
    0x0, 0x3f, 0xff, 0xfc, 0x4, 0xff, 0xff, 0xd0,
    0x0, 0x0, 0x0, 0x0, 0x9, 0xff, 0xff, 0x80,
    0xe, 0xff, 0xff, 0x60, 0x0, 0x0, 0x0, 0x3,
    0xff, 0xff, 0xf2, 0x0, 0x7f, 0xff, 0xff, 0x50,
    0x0, 0x0, 0x3, 0xef, 0xff, 0xfb, 0x0, 0x0,
    0xdf, 0xff, 0xff, 0xc6, 0x33, 0x5a, 0xff, 0xff,
    0xff, 0x20, 0x0, 0x2, 0xef, 0xff, 0xff, 0xff,
    0xff, 0xff, 0xff, 0xff, 0x50, 0x0, 0x0, 0x2,
    0xef, 0xff, 0xff, 0xff, 0xff, 0xff, 0xff, 0x50,
    0x0, 0x0, 0x0, 0x1, 0x9f, 0xff, 0xff, 0xff,
    0xff, 0xfb, 0x20, 0x0, 0x0, 0x0, 0x0, 0x0,
    0x17, 0xbe, 0xff, 0xec, 0x83, 0x0, 0x0, 0x0,
    0x0,

    /* U+0050 "P" */
    0x1f, 0xff, 0xff, 0xff, 0xff, 0xfe, 0xb7, 0x10,
    0x0, 0x1, 0xff, 0xff, 0xff, 0xff, 0xff, 0xff,
    0xff, 0x70, 0x0, 0x1f, 0xff, 0xff, 0xff, 0xff,
    0xff, 0xff, 0xff, 0xa0, 0x1, 0xff, 0xff, 0xff,
    0xff, 0xff, 0xff, 0xff, 0xff, 0x60, 0x1f, 0xff,
    0xfb, 0x0, 0x0, 0x4, 0xdf, 0xff, 0xfe, 0x1,
    0xff, 0xff, 0xb0, 0x0, 0x0, 0x0, 0xdf, 0xff,
    0xf3, 0x1f, 0xff, 0xfb, 0x0, 0x0, 0x0, 0x7,
    0xff, 0xff, 0x61, 0xff, 0xff, 0xb0, 0x0, 0x0,
    0x0, 0x5f, 0xff, 0xf7, 0x1f, 0xff, 0xfb, 0x0,
    0x0, 0x0, 0x7, 0xff, 0xff, 0x61, 0xff, 0xff,
    0xb0, 0x0, 0x0, 0x0, 0xdf, 0xff, 0xf3, 0x1f,
    0xff, 0xfb, 0x0, 0x0, 0x4, 0xcf, 0xff, 0xfe,
    0x1, 0xff, 0xff, 0xfe, 0xee, 0xef, 0xff, 0xff,
    0xff, 0x60, 0x1f, 0xff, 0xff, 0xff, 0xff, 0xff,
    0xff, 0xff, 0x90, 0x1, 0xff, 0xff, 0xff, 0xff,
    0xff, 0xff, 0xff, 0x70, 0x0, 0x1f, 0xff, 0xff,
    0xff, 0xff, 0xfe, 0xb7, 0x10, 0x0, 0x1, 0xff,
    0xff, 0xb0, 0x0, 0x0, 0x0, 0x0, 0x0, 0x0,
    0x1f, 0xff, 0xfb, 0x0, 0x0, 0x0, 0x0, 0x0,
    0x0, 0x1, 0xff, 0xff, 0xb0, 0x0, 0x0, 0x0,
    0x0, 0x0, 0x0, 0x1f, 0xff, 0xfb, 0x0, 0x0,
    0x0, 0x0, 0x0, 0x0, 0x1, 0xff, 0xff, 0xb0,
    0x0, 0x0, 0x0, 0x0, 0x0, 0x0, 0x1f, 0xff,
    0xfb, 0x0, 0x0, 0x0, 0x0, 0x0, 0x0, 0x1,
    0xff, 0xff, 0xb0, 0x0, 0x0, 0x0, 0x0, 0x0,
    0x0, 0x1f, 0xff, 0xfb, 0x0, 0x0, 0x0, 0x0,
    0x0, 0x0, 0x0,

    /* U+0051 "Q" */
    0x0, 0x0, 0x0, 0x17, 0xbe, 0xff, 0xec, 0x83,
    0x0, 0x0, 0x0, 0x0, 0x0, 0x1, 0x9f, 0xff,
    0xff, 0xff, 0xff, 0xfb, 0x20, 0x0, 0x0, 0x0,
    0x2, 0xef, 0xff, 0xff, 0xff, 0xff, 0xff, 0xff,
    0x50, 0x0, 0x0, 0x2, 0xef, 0xff, 0xff, 0xff,
    0xff, 0xff, 0xff, 0xff, 0x50, 0x0, 0x0, 0xdf,
    0xff, 0xff, 0xb6, 0x33, 0x5a, 0xff, 0xff, 0xff,
    0x20, 0x0, 0x7f, 0xff, 0xff, 0x50, 0x0, 0x0,
    0x3, 0xef, 0xff, 0xfb, 0x0, 0xe, 0xff, 0xff,
    0x60, 0x0, 0x0, 0x0, 0x2, 0xff, 0xff, 0xf2,
    0x4, 0xff, 0xff, 0xd0, 0x0, 0x0, 0x0, 0x0,
    0x9, 0xff, 0xff, 0x80, 0x8f, 0xff, 0xf7, 0x0,
    0x0, 0x0, 0x0, 0x0, 0x3f, 0xff, 0xfc, 0xa,
    0xff, 0xff, 0x30, 0x0, 0x0, 0x0, 0x0, 0x0,
    0xff, 0xff, 0xe0, 0xcf, 0xff, 0xf1, 0x0, 0x0,
    0x0, 0x0, 0x0, 0xd, 0xff, 0xff, 0xc, 0xff,
    0xff, 0x0, 0x0, 0x0, 0x0, 0x0, 0x0, 0xcf,
    0xff, 0xf0, 0xcf, 0xff, 0xf1, 0x0, 0x0, 0x0,
    0x0, 0x0, 0xd, 0xff, 0xff, 0xa, 0xff, 0xff,
    0x30, 0x0, 0x0, 0x0, 0x0, 0x0, 0xff, 0xff,
    0xe0, 0x8f, 0xff, 0xf7, 0x0, 0x0, 0x11, 0x10,
    0x0, 0x3f, 0xff, 0xfc, 0x4, 0xff, 0xff, 0xd0,
    0x0, 0x2f, 0xff, 0xe1, 0x9, 0xff, 0xff, 0x80,
    0xe, 0xff, 0xff, 0x60, 0x0, 0x5f, 0xff, 0xb3,
    0xff, 0xff, 0xf2, 0x0, 0x7f, 0xff, 0xff, 0x50,
    0x0, 0x8f, 0xff, 0xff, 0xff, 0xfb, 0x0, 0x0,
    0xdf, 0xff, 0xff, 0xc6, 0x33, 0xef, 0xff, 0xff,
    0xff, 0x20, 0x0, 0x2, 0xef, 0xff, 0xff, 0xff,
    0xff, 0xff, 0xff, 0xff, 0x50, 0x0, 0x0, 0x2,
    0xef, 0xff, 0xff, 0xff, 0xff, 0xff, 0xff, 0x70,
    0x0, 0x0, 0x0, 0x1, 0x9f, 0xff, 0xff, 0xff,
    0xff, 0xff, 0xfe, 0x10, 0x0, 0x0, 0x0, 0x0,
    0x17, 0xbe, 0xff, 0xec, 0x89, 0xff, 0xfc, 0x0,
    0x0, 0x0, 0x0, 0x0, 0x0, 0x0, 0x0, 0x0,
    0xb, 0xff, 0xfa, 0x0, 0x0, 0x0, 0x0, 0x0,
    0x0, 0x0, 0x0, 0x0, 0x7, 0x88, 0x82, 0x0,

    /* U+0052 "R" */
    0x1f, 0xff, 0xff, 0xff, 0xff, 0xfe, 0xc8, 0x20,
    0x0, 0x0, 0x1f, 0xff, 0xff, 0xff, 0xff, 0xff,
    0xff, 0xf8, 0x0, 0x0, 0x1f, 0xff, 0xff, 0xff,
    0xff, 0xff, 0xff, 0xff, 0xb0, 0x0, 0x1f, 0xff,
    0xff, 0xee, 0xee, 0xff, 0xff, 0xff, 0xf7, 0x0,
    0x1f, 0xff, 0xfb, 0x0, 0x0, 0x3, 0xcf, 0xff,
    0xff, 0x0, 0x1f, 0xff, 0xfb, 0x0, 0x0, 0x0,
    0xc, 0xff, 0xff, 0x50, 0x1f, 0xff, 0xfb, 0x0,
    0x0, 0x0, 0x6, 0xff, 0xff, 0x70, 0x1f, 0xff,
    0xfb, 0x0, 0x0, 0x0, 0x4, 0xff, 0xff, 0x80,
    0x1f, 0xff, 0xfb, 0x0, 0x0, 0x0, 0x6, 0xff,
    0xff, 0x70, 0x1f, 0xff, 0xfb, 0x0, 0x0, 0x0,
    0xd, 0xff, 0xff, 0x40, 0x1f, 0xff, 0xfb, 0x0,
    0x0, 0x14, 0xcf, 0xff, 0xfe, 0x0, 0x1f, 0xff,
    0xff, 0xff, 0xff, 0xff, 0xff, 0xff, 0xf6, 0x0,
    0x1f, 0xff, 0xff, 0xff, 0xff, 0xff, 0xff, 0xff,
    0x90, 0x0, 0x1f, 0xff, 0xff, 0xff, 0xff, 0xff,
    0xff, 0xe5, 0x0, 0x0, 0x1f, 0xff, 0xff, 0xcc,
    0xcd, 0xff, 0xff, 0xb0, 0x0, 0x0, 0x1f, 0xff,
    0xfb, 0x0, 0x0, 0xef, 0xff, 0xf3, 0x0, 0x0,
    0x1f, 0xff, 0xfb, 0x0, 0x0, 0x6f, 0xff, 0xfc,
    0x0, 0x0, 0x1f, 0xff, 0xfb, 0x0, 0x0, 0xd,
    0xff, 0xff, 0x40, 0x0, 0x1f, 0xff, 0xfb, 0x0,
    0x0, 0x5, 0xff, 0xff, 0xc0, 0x0, 0x1f, 0xff,
    0xfb, 0x0, 0x0, 0x0, 0xdf, 0xff, 0xf5, 0x0,
    0x1f, 0xff, 0xfb, 0x0, 0x0, 0x0, 0x5f, 0xff,
    0xfd, 0x0, 0x1f, 0xff, 0xfb, 0x0, 0x0, 0x0,
    0xc, 0xff, 0xff, 0x60, 0x1f, 0xff, 0xfb, 0x0,
    0x0, 0x0, 0x4, 0xff, 0xff, 0xe0,

    /* U+0053 "S" */
    0x0, 0x0, 0x5, 0xad, 0xff, 0xfd, 0xa5, 0x0,
    0x0, 0x0, 0x0, 0x5e, 0xff, 0xff, 0xff, 0xff,
    0xfe, 0x50, 0x0, 0x0, 0x8f, 0xff, 0xff, 0xff,
    0xff, 0xff, 0xff, 0x70, 0x0, 0x5f, 0xff, 0xff,
    0xff, 0xef, 0xff, 0xff, 0xff, 0x30, 0xd, 0xff,
    0xff, 0xc3, 0x0, 0x3, 0xcf, 0xff, 0xfc, 0x2,
    0xff, 0xff, 0xd0, 0x0, 0x0, 0x0, 0xdf, 0xff,
    0xf1, 0x4f, 0xff, 0xf9, 0x0, 0x0, 0x0, 0x6,
    0xff, 0xff, 0x33, 0xff, 0xff, 0xd0, 0x0, 0x0,
    0x0, 0x0, 0x0, 0x0, 0xf, 0xff, 0xff, 0xc3,
    0x0, 0x0, 0x0, 0x0, 0x0, 0x0, 0x8f, 0xff,
    0xff, 0xfe, 0xa6, 0x30, 0x0, 0x0, 0x0, 0x0,
    0xaf, 0xff, 0xff, 0xff, 0xff, 0xfb, 0x50, 0x0,
    0x0, 0x0, 0x6e, 0xff, 0xff, 0xff, 0xff, 0xff,
    0xd3, 0x0, 0x0, 0x0, 0x4, 0x9d, 0xff, 0xff,
    0xff, 0xff, 0xf5, 0x0, 0x0, 0x0, 0x0, 0x1,
    0x48, 0xdf, 0xff, 0xff, 0xf1, 0x0, 0x0, 0x0,
    0x0, 0x0, 0x0, 0x3d, 0xff, 0xff, 0x77, 0x99,
    0x97, 0x0, 0x0, 0x0, 0x0, 0x3f, 0xff, 0xfa,
    0xbf, 0xff, 0xf1, 0x0, 0x0, 0x0, 0x1, 0xff,
    0xff, 0xb8, 0xff, 0xff, 0x90, 0x0, 0x0, 0x0,
    0x7f, 0xff, 0xf9, 0x3f, 0xff, 0xff, 0xb3, 0x0,
    0x2, 0x9f, 0xff, 0xff, 0x50, 0xaf, 0xff, 0xff,
    0xff, 0xff, 0xff, 0xff, 0xff, 0xc0, 0x0, 0xcf,
    0xff, 0xff, 0xff, 0xff, 0xff, 0xff, 0xe2, 0x0,
    0x0, 0x8f, 0xff, 0xff, 0xff, 0xff, 0xff, 0xa1,
    0x0, 0x0, 0x0, 0x16, 0xbd, 0xff, 0xfe, 0xb7,
    0x20, 0x0, 0x0,

    /* U+0054 "T" */
    0x1f, 0xff, 0xff, 0xff, 0xff, 0xff, 0xff, 0xff,
    0xff, 0xfe, 0x1f, 0xff, 0xff, 0xff, 0xff, 0xff,
    0xff, 0xff, 0xff, 0xfe, 0x1f, 0xff, 0xff, 0xff,
    0xff, 0xff, 0xff, 0xff, 0xff, 0xfe, 0x1f, 0xff,
    0xff, 0xff, 0xff, 0xff, 0xff, 0xff, 0xff, 0xfe,
    0x0, 0x0, 0x0, 0x0, 0xff, 0xff, 0xc0, 0x0,
    0x0, 0x0, 0x0, 0x0, 0x0, 0x0, 0xff, 0xff,
    0xc0, 0x0, 0x0, 0x0, 0x0, 0x0, 0x0, 0x0,
    0xff, 0xff, 0xc0, 0x0, 0x0, 0x0, 0x0, 0x0,
    0x0, 0x0, 0xff, 0xff, 0xc0, 0x0, 0x0, 0x0,
    0x0, 0x0, 0x0, 0x0, 0xff, 0xff, 0xc0, 0x0,
    0x0, 0x0, 0x0, 0x0, 0x0, 0x0, 0xff, 0xff,
    0xc0, 0x0, 0x0, 0x0, 0x0, 0x0, 0x0, 0x0,
    0xff, 0xff, 0xc0, 0x0, 0x0, 0x0, 0x0, 0x0,
    0x0, 0x0, 0xff, 0xff, 0xc0, 0x0, 0x0, 0x0,
    0x0, 0x0, 0x0, 0x0, 0xff, 0xff, 0xc0, 0x0,
    0x0, 0x0, 0x0, 0x0, 0x0, 0x0, 0xff, 0xff,
    0xc0, 0x0, 0x0, 0x0, 0x0, 0x0, 0x0, 0x0,
    0xff, 0xff, 0xc0, 0x0, 0x0, 0x0, 0x0, 0x0,
    0x0, 0x0, 0xff, 0xff, 0xc0, 0x0, 0x0, 0x0,
    0x0, 0x0, 0x0, 0x0, 0xff, 0xff, 0xc0, 0x0,
    0x0, 0x0, 0x0, 0x0, 0x0, 0x0, 0xff, 0xff,
    0xc0, 0x0, 0x0, 0x0, 0x0, 0x0, 0x0, 0x0,
    0xff, 0xff, 0xc0, 0x0, 0x0, 0x0, 0x0, 0x0,
    0x0, 0x0, 0xff, 0xff, 0xc0, 0x0, 0x0, 0x0,
    0x0, 0x0, 0x0, 0x0, 0xff, 0xff, 0xc0, 0x0,
    0x0, 0x0, 0x0, 0x0, 0x0, 0x0, 0xff, 0xff,
    0xc0, 0x0, 0x0, 0x0, 0x0, 0x0, 0x0, 0x0,
    0xff, 0xff, 0xc0, 0x0, 0x0, 0x0,

    /* U+0055 "U" */
    0x2f, 0xff, 0xf9, 0x0, 0x0, 0x0, 0x0, 0xa,
    0xff, 0xff, 0x12, 0xff, 0xff, 0x90, 0x0, 0x0,
    0x0, 0x0, 0xaf, 0xff, 0xf1, 0x2f, 0xff, 0xf9,
    0x0, 0x0, 0x0, 0x0, 0xa, 0xff, 0xff, 0x12,
    0xff, 0xff, 0x90, 0x0, 0x0, 0x0, 0x0, 0xaf,
    0xff, 0xf1, 0x2f, 0xff, 0xf9, 0x0, 0x0, 0x0,
    0x0, 0xa, 0xff, 0xff, 0x12, 0xff, 0xff, 0x90,
    0x0, 0x0, 0x0, 0x0, 0xaf, 0xff, 0xf1, 0x2f,
    0xff, 0xf9, 0x0, 0x0, 0x0, 0x0, 0xa, 0xff,
    0xff, 0x12, 0xff, 0xff, 0x90, 0x0, 0x0, 0x0,
    0x0, 0xaf, 0xff, 0xf1, 0x2f, 0xff, 0xf9, 0x0,
    0x0, 0x0, 0x0, 0xa, 0xff, 0xff, 0x12, 0xff,
    0xff, 0x90, 0x0, 0x0, 0x0, 0x0, 0xaf, 0xff,
    0xf1, 0x2f, 0xff, 0xf9, 0x0, 0x0, 0x0, 0x0,
    0xa, 0xff, 0xff, 0x12, 0xff, 0xff, 0x90, 0x0,
    0x0, 0x0, 0x0, 0xaf, 0xff, 0xf1, 0x2f, 0xff,
    0xf9, 0x0, 0x0, 0x0, 0x0, 0xa, 0xff, 0xff,
    0x12, 0xff, 0xff, 0x90, 0x0, 0x0, 0x0, 0x0,
    0xaf, 0xff, 0xf1, 0x2f, 0xff, 0xf9, 0x0, 0x0,
    0x0, 0x0, 0xa, 0xff, 0xff, 0x11, 0xff, 0xff,
    0xc0, 0x0, 0x0, 0x0, 0x0, 0xdf, 0xff, 0xf0,
    0xf, 0xff, 0xff, 0x20, 0x0, 0x0, 0x0, 0x3f,
    0xff, 0xfe, 0x0, 0xaf, 0xff, 0xfd, 0x10, 0x0,
    0x0, 0x1d, 0xff, 0xff, 0x90, 0x3, 0xff, 0xff,
    0xfe, 0x73, 0x23, 0x8f, 0xff, 0xff, 0xf3, 0x0,
    0x9, 0xff, 0xff, 0xff, 0xff, 0xff, 0xff, 0xff,
    0xf8, 0x0, 0x0, 0xa, 0xff, 0xff, 0xff, 0xff,
    0xff, 0xff, 0xfa, 0x0, 0x0, 0x0, 0x6, 0xef,
    0xff, 0xff, 0xff, 0xff, 0xe6, 0x0, 0x0, 0x0,
    0x0, 0x0, 0x6a, 0xdf, 0xff, 0xda, 0x50, 0x0,
    0x0, 0x0,

    /* U+0056 "V" */
    0x6f, 0xff, 0xfd, 0x0, 0x0, 0x0, 0x0, 0x0,
    0xa, 0xff, 0xff, 0x91, 0xff, 0xff, 0xf3, 0x0,
    0x0, 0x0, 0x0, 0x0, 0xef, 0xff, 0xf3, 0xb,
    0xff, 0xff, 0x80, 0x0, 0x0, 0x0, 0x0, 0x4f,
    0xff, 0xfe, 0x0, 0x5f, 0xff, 0xfd, 0x0, 0x0,
    0x0, 0x0, 0x9, 0xff, 0xff, 0x80, 0x0, 0xff,
    0xff, 0xf3, 0x0, 0x0, 0x0, 0x0, 0xef, 0xff,
    0xf2, 0x0, 0xa, 0xff, 0xff, 0x80, 0x0, 0x0,
    0x0, 0x4f, 0xff, 0xfd, 0x0, 0x0, 0x4f, 0xff,
    0xfd, 0x0, 0x0, 0x0, 0x9, 0xff, 0xff, 0x70,
    0x0, 0x0, 0xef, 0xff, 0xf3, 0x0, 0x0, 0x0,
    0xef, 0xff, 0xf2, 0x0, 0x0, 0x9, 0xff, 0xff,
    0x80, 0x0, 0x0, 0x3f, 0xff, 0xfc, 0x0, 0x0,
    0x0, 0x3f, 0xff, 0xfe, 0x0, 0x0, 0x8, 0xff,
    0xff, 0x70, 0x0, 0x0, 0x0, 0xdf, 0xff, 0xf3,
    0x0, 0x0, 0xef, 0xff, 0xf1, 0x0, 0x0, 0x0,
    0x8, 0xff, 0xff, 0x80, 0x0, 0x3f, 0xff, 0xfc,
    0x0, 0x0, 0x0, 0x0, 0x2f, 0xff, 0xfd, 0x0,
    0x8, 0xff, 0xff, 0x60, 0x0, 0x0, 0x0, 0x0,
    0xcf, 0xff, 0xf2, 0x0, 0xcf, 0xff, 0xf1, 0x0,
    0x0, 0x0, 0x0, 0x6, 0xff, 0xff, 0x70, 0x1f,
    0xff, 0xfb, 0x0, 0x0, 0x0, 0x0, 0x0, 0x1f,
    0xff, 0xfb, 0x5, 0xff, 0xff, 0x50, 0x0, 0x0,
    0x0, 0x0, 0x0, 0xbf, 0xff, 0xf0, 0xaf, 0xff,
    0xf0, 0x0, 0x0, 0x0, 0x0, 0x0, 0x5, 0xff,
    0xff, 0x5e, 0xff, 0xfa, 0x0, 0x0, 0x0, 0x0,
    0x0, 0x0, 0xf, 0xff, 0xfc, 0xff, 0xff, 0x50,
    0x0, 0x0, 0x0, 0x0, 0x0, 0x0, 0xaf, 0xff,
    0xff, 0xff, 0xf0, 0x0, 0x0, 0x0, 0x0, 0x0,
    0x0, 0x4, 0xff, 0xff, 0xff, 0xf9, 0x0, 0x0,
    0x0, 0x0, 0x0, 0x0, 0x0, 0xe, 0xff, 0xff,
    0xff, 0x40, 0x0, 0x0, 0x0, 0x0, 0x0, 0x0,
    0x0, 0x9f, 0xff, 0xff, 0xe0, 0x0, 0x0, 0x0,
    0x0,

    /* U+0057 "W" */
    0x7f, 0xff, 0xfb, 0x0, 0x0, 0x0, 0x5, 0xff,
    0xff, 0xd0, 0x0, 0x0, 0x0, 0x3f, 0xff, 0xfe,
    0x2, 0xff, 0xff, 0xe0, 0x0, 0x0, 0x0, 0x9f,
    0xff, 0xff, 0x10, 0x0, 0x0, 0x7, 0xff, 0xff,
    0xa0, 0xe, 0xff, 0xff, 0x20, 0x0, 0x0, 0xd,
    0xff, 0xff, 0xf5, 0x0, 0x0, 0x0, 0xbf, 0xff,
    0xf6, 0x0, 0xaf, 0xff, 0xf6, 0x0, 0x0, 0x1,
    0xff, 0xff, 0xff, 0x90, 0x0, 0x0, 0xf, 0xff,
    0xff, 0x10, 0x5, 0xff, 0xff, 0xa0, 0x0, 0x0,
    0x5f, 0xff, 0xff, 0xfd, 0x0, 0x0, 0x3, 0xff,
    0xff, 0xd0, 0x0, 0x1f, 0xff, 0xfe, 0x0, 0x0,
    0xa, 0xff, 0xff, 0xff, 0xf1, 0x0, 0x0, 0x7f,
    0xff, 0xf9, 0x0, 0x0, 0xdf, 0xff, 0xf2, 0x0,
    0x0, 0xef, 0xff, 0xef, 0xff, 0x50, 0x0, 0xa,
    0xff, 0xff, 0x40, 0x0, 0x8, 0xff, 0xff, 0x50,
    0x0, 0x2f, 0xff, 0xf8, 0xff, 0xf9, 0x0, 0x0,
    0xef, 0xff, 0xf0, 0x0, 0x0, 0x4f, 0xff, 0xf9,
    0x0, 0x6, 0xff, 0xfc, 0x5f, 0xff, 0xd0, 0x0,
    0x2f, 0xff, 0xfb, 0x0, 0x0, 0x0, 0xff, 0xff,
    0xd0, 0x0, 0xaf, 0xff, 0x92, 0xff, 0xff, 0x10,
    0x6, 0xff, 0xff, 0x70, 0x0, 0x0, 0xb, 0xff,
    0xff, 0x10, 0xe, 0xff, 0xf5, 0xe, 0xff, 0xf5,
    0x0, 0xaf, 0xff, 0xf3, 0x0, 0x0, 0x0, 0x7f,
    0xff, 0xf5, 0x1, 0xff, 0xff, 0x10, 0xaf, 0xff,
    0x90, 0xd, 0xff, 0xfe, 0x0, 0x0, 0x0, 0x2,
    0xff, 0xff, 0x80, 0x5f, 0xff, 0xd0, 0x5, 0xff,
    0xfd, 0x1, 0xff, 0xff, 0xa0, 0x0, 0x0, 0x0,
    0xe, 0xff, 0xfc, 0x9, 0xff, 0xf9, 0x0, 0x1f,
    0xff, 0xf0, 0x4f, 0xff, 0xf6, 0x0, 0x0, 0x0,
    0x0, 0xaf, 0xff, 0xf0, 0xcf, 0xff, 0x50, 0x0,
    0xdf, 0xff, 0x47, 0xff, 0xff, 0x10, 0x0, 0x0,
    0x0, 0x5, 0xff, 0xff, 0x2f, 0xff, 0xf0, 0x0,
    0x9, 0xff, 0xf7, 0xaf, 0xff, 0xd0, 0x0, 0x0,
    0x0, 0x0, 0x1f, 0xff, 0xf8, 0xff, 0xfc, 0x0,
    0x0, 0x5f, 0xff, 0xad, 0xff, 0xf9, 0x0, 0x0,
    0x0, 0x0, 0x0, 0xdf, 0xff, 0xef, 0xff, 0x80,
    0x0, 0x1, 0xff, 0xfe, 0xff, 0xff, 0x40, 0x0,
    0x0, 0x0, 0x0, 0x8, 0xff, 0xff, 0xff, 0xf4,
    0x0, 0x0, 0xc, 0xff, 0xff, 0xff, 0xf0, 0x0,
    0x0, 0x0, 0x0, 0x0, 0x4f, 0xff, 0xff, 0xff,
    0x0, 0x0, 0x0, 0x8f, 0xff, 0xff, 0xfc, 0x0,
    0x0, 0x0, 0x0, 0x0, 0x0, 0xff, 0xff, 0xff,
    0xb0, 0x0, 0x0, 0x4, 0xff, 0xff, 0xff, 0x70,
    0x0, 0x0, 0x0, 0x0, 0x0, 0xb, 0xff, 0xff,
    0xf7, 0x0, 0x0, 0x0, 0xf, 0xff, 0xff, 0xf3,
    0x0, 0x0, 0x0, 0x0, 0x0, 0x0, 0x7f, 0xff,
    0xff, 0x30, 0x0, 0x0, 0x0, 0xbf, 0xff, 0xfe,
    0x0, 0x0, 0x0, 0x0,

    /* U+0058 "X" */
    0x7, 0xff, 0xff, 0xe1, 0x0, 0x0, 0x0, 0x0,
    0xef, 0xff, 0xf6, 0x0, 0xc, 0xff, 0xff, 0xa0,
    0x0, 0x0, 0x0, 0x9f, 0xff, 0xfb, 0x0, 0x0,
    0x2f, 0xff, 0xff, 0x50, 0x0, 0x0, 0x4f, 0xff,
    0xff, 0x10, 0x0, 0x0, 0x7f, 0xff, 0xfe, 0x10,
    0x0, 0x1e, 0xff, 0xff, 0x50, 0x0, 0x0, 0x0,
    0xcf, 0xff, 0xfa, 0x0, 0x9, 0xff, 0xff, 0xb0,
    0x0, 0x0, 0x0, 0x2, 0xff, 0xff, 0xf4, 0x3,
    0xff, 0xff, 0xe1, 0x0, 0x0, 0x0, 0x0, 0x6,
    0xff, 0xff, 0xd0, 0xcf, 0xff, 0xf5, 0x0, 0x0,
    0x0, 0x0, 0x0, 0xb, 0xff, 0xff, 0xbf, 0xff,
    0xfa, 0x0, 0x0, 0x0, 0x0, 0x0, 0x0, 0x1f,
    0xff, 0xff, 0xff, 0xfe, 0x10, 0x0, 0x0, 0x0,
    0x0, 0x0, 0x0, 0x5f, 0xff, 0xff, 0xff, 0x40,
    0x0, 0x0, 0x0, 0x0, 0x0, 0x0, 0x0, 0xbf,
    0xff, 0xff, 0x90, 0x0, 0x0, 0x0, 0x0, 0x0,
    0x0, 0x0, 0x6, 0xff, 0xff, 0xf7, 0x0, 0x0,
    0x0, 0x0, 0x0, 0x0, 0x0, 0x2, 0xff, 0xff,
    0xff, 0xf3, 0x0, 0x0, 0x0, 0x0, 0x0, 0x0,
    0x0, 0xcf, 0xff, 0xff, 0xff, 0xd0, 0x0, 0x0,
    0x0, 0x0, 0x0, 0x0, 0x8f, 0xff, 0xff, 0xff,
    0xff, 0x80, 0x0, 0x0, 0x0, 0x0, 0x0, 0x3f,
    0xff, 0xfe, 0x3f, 0xff, 0xff, 0x40, 0x0, 0x0,
    0x0, 0x0, 0xd, 0xff, 0xff, 0x50, 0x7f, 0xff,
    0xfe, 0x0, 0x0, 0x0, 0x0, 0xa, 0xff, 0xff,
    0xb0, 0x0, 0xdf, 0xff, 0xfa, 0x0, 0x0, 0x0,
    0x5, 0xff, 0xff, 0xe1, 0x0, 0x3, 0xff, 0xff,
    0xf5, 0x0, 0x0, 0x1, 0xff, 0xff, 0xf5, 0x0,
    0x0, 0x8, 0xff, 0xff, 0xe1, 0x0, 0x0, 0xcf,
    0xff, 0xfa, 0x0, 0x0, 0x0, 0xd, 0xff, 0xff,
    0xb0, 0x0, 0x7f, 0xff, 0xfe, 0x10, 0x0, 0x0,
    0x0, 0x3f, 0xff, 0xff, 0x60, 0x3f, 0xff, 0xff,
    0x40, 0x0, 0x0, 0x0, 0x0, 0x7f, 0xff, 0xff,
    0x20,

    /* U+0059 "Y" */
    0x4f, 0xff, 0xff, 0x30, 0x0, 0x0, 0x0, 0x0,
    0x8f, 0xff, 0xfe, 0x0, 0xaf, 0xff, 0xfc, 0x0,
    0x0, 0x0, 0x0, 0x1f, 0xff, 0xff, 0x50, 0x1,
    0xff, 0xff, 0xf5, 0x0, 0x0, 0x0, 0xa, 0xff,
    0xff, 0xc0, 0x0, 0x7, 0xff, 0xff, 0xe0, 0x0,
    0x0, 0x2, 0xff, 0xff, 0xf3, 0x0, 0x0, 0xd,
    0xff, 0xff, 0x70, 0x0, 0x0, 0xbf, 0xff, 0xf9,
    0x0, 0x0, 0x0, 0x4f, 0xff, 0xff, 0x10, 0x0,
    0x4f, 0xff, 0xfe, 0x10, 0x0, 0x0, 0x0, 0xaf,
    0xff, 0xf9, 0x0, 0xc, 0xff, 0xff, 0x60, 0x0,
    0x0, 0x0, 0x1, 0xff, 0xff, 0xf2, 0x5, 0xff,
    0xff, 0xc0, 0x0, 0x0, 0x0, 0x0, 0x7, 0xff,
    0xff, 0xb0, 0xdf, 0xff, 0xf3, 0x0, 0x0, 0x0,
    0x0, 0x0, 0xd, 0xff, 0xff, 0x8f, 0xff, 0xfa,
    0x0, 0x0, 0x0, 0x0, 0x0, 0x0, 0x4f, 0xff,
    0xff, 0xff, 0xff, 0x10, 0x0, 0x0, 0x0, 0x0,
    0x0, 0x0, 0xaf, 0xff, 0xff, 0xff, 0x70, 0x0,
    0x0, 0x0, 0x0, 0x0, 0x0, 0x2, 0xff, 0xff,
    0xff, 0xd0, 0x0, 0x0, 0x0, 0x0, 0x0, 0x0,
    0x0, 0x7, 0xff, 0xff, 0xf4, 0x0, 0x0, 0x0,
    0x0, 0x0, 0x0, 0x0, 0x0, 0xf, 0xff, 0xfc,
    0x0, 0x0, 0x0, 0x0, 0x0, 0x0, 0x0, 0x0,
    0x0, 0xff, 0xff, 0xc0, 0x0, 0x0, 0x0, 0x0,
    0x0, 0x0, 0x0, 0x0, 0xf, 0xff, 0xfc, 0x0,
    0x0, 0x0, 0x0, 0x0, 0x0, 0x0, 0x0, 0x0,
    0xff, 0xff, 0xc0, 0x0, 0x0, 0x0, 0x0, 0x0,
    0x0, 0x0, 0x0, 0xf, 0xff, 0xfc, 0x0, 0x0,
    0x0, 0x0, 0x0, 0x0, 0x0, 0x0, 0x0, 0xff,
    0xff, 0xc0, 0x0, 0x0, 0x0, 0x0, 0x0, 0x0,
    0x0, 0x0, 0xf, 0xff, 0xfc, 0x0, 0x0, 0x0,
    0x0, 0x0, 0x0, 0x0, 0x0, 0x0, 0xff, 0xff,
    0xc0, 0x0, 0x0, 0x0, 0x0, 0x0, 0x0, 0x0,
    0x0, 0xf, 0xff, 0xfc, 0x0, 0x0, 0x0, 0x0,
    0x0,

    /* U+005A "Z" */
    0x9f, 0xff, 0xff, 0xff, 0xff, 0xff, 0xff, 0xff,
    0xff, 0x69, 0xff, 0xff, 0xff, 0xff, 0xff, 0xff,
    0xff, 0xff, 0xf6, 0x9f, 0xff, 0xff, 0xff, 0xff,
    0xff, 0xff, 0xff, 0xff, 0x68, 0xff, 0xff, 0xff,
    0xff, 0xff, 0xff, 0xff, 0xff, 0xf3, 0x0, 0x0,
    0x0, 0x0, 0x0, 0x0, 0xcf, 0xff, 0xf7, 0x0,
    0x0, 0x0, 0x0, 0x0, 0x0, 0xaf, 0xff, 0xfb,
    0x0, 0x0, 0x0, 0x0, 0x0, 0x0, 0x7f, 0xff,
    0xfd, 0x10, 0x0, 0x0, 0x0, 0x0, 0x0, 0x4f,
    0xff, 0xff, 0x30, 0x0, 0x0, 0x0, 0x0, 0x0,
    0x1e, 0xff, 0xff, 0x60, 0x0, 0x0, 0x0, 0x0,
    0x0, 0xc, 0xff, 0xff, 0x90, 0x0, 0x0, 0x0,
    0x0, 0x0, 0x9, 0xff, 0xff, 0xc0, 0x0, 0x0,
    0x0, 0x0, 0x0, 0x6, 0xff, 0xff, 0xf2, 0x0,
    0x0, 0x0, 0x0, 0x0, 0x2, 0xff, 0xff, 0xf4,
    0x0, 0x0, 0x0, 0x0, 0x0, 0x1, 0xdf, 0xff,
    0xf8, 0x0, 0x0, 0x0, 0x0, 0x0, 0x0, 0xbf,
    0xff, 0xfb, 0x0, 0x0, 0x0, 0x0, 0x0, 0x0,
    0x7f, 0xff, 0xfe, 0x10, 0x0, 0x0, 0x0, 0x0,
    0x0, 0x4f, 0xff, 0xff, 0x30, 0x0, 0x0, 0x0,
    0x0, 0x0, 0x1e, 0xff, 0xff, 0x60, 0x0, 0x0,
    0x0, 0x0, 0x0, 0xc, 0xff, 0xff, 0x80, 0x0,
    0x0, 0x0, 0x0, 0x0, 0x8, 0xff, 0xff, 0xff,
    0xff, 0xff, 0xff, 0xff, 0xff, 0xf7, 0xbf, 0xff,
    0xff, 0xff, 0xff, 0xff, 0xff, 0xff, 0xff, 0x7b,
    0xff, 0xff, 0xff, 0xff, 0xff, 0xff, 0xff, 0xff,
    0xf7, 0xbf, 0xff, 0xff, 0xff, 0xff, 0xff, 0xff,
    0xff, 0xff, 0x70,

    /* U+005B "[" */
    0x58, 0x88, 0x88, 0x88, 0x9f, 0xff, 0xff, 0xff,
    0x9f, 0xff, 0xff, 0xff, 0x9f, 0xff, 0xff, 0xff,
    0x9f, 0xff, 0xf0, 0x0, 0x9f, 0xff, 0xf0, 0x0,
    0x9f, 0xff, 0xf0, 0x0, 0x9f, 0xff, 0xf0, 0x0,
    0x9f, 0xff, 0xf0, 0x0, 0x9f, 0xff, 0xf0, 0x0,
    0x9f, 0xff, 0xf0, 0x0, 0x9f, 0xff, 0xf0, 0x0,
    0x9f, 0xff, 0xf0, 0x0, 0x9f, 0xff, 0xf0, 0x0,
    0x9f, 0xff, 0xf0, 0x0, 0x9f, 0xff, 0xf0, 0x0,
    0x9f, 0xff, 0xf0, 0x0, 0x9f, 0xff, 0xf0, 0x0,
    0x9f, 0xff, 0xf0, 0x0, 0x9f, 0xff, 0xf0, 0x0,
    0x9f, 0xff, 0xf0, 0x0, 0x9f, 0xff, 0xf0, 0x0,
    0x9f, 0xff, 0xf0, 0x0, 0x9f, 0xff, 0xf0, 0x0,
    0x9f, 0xff, 0xf0, 0x0, 0x9f, 0xff, 0xf8, 0x88,
    0x9f, 0xff, 0xff, 0xff, 0x9f, 0xff, 0xff, 0xff,
    0x9f, 0xff, 0xff, 0xff,

    /* U+005C "\\" */
    0x58, 0x88, 0x20, 0x0, 0x0, 0x0, 0x7f, 0xff,
    0x80, 0x0, 0x0, 0x0, 0x3f, 0xff, 0xc0, 0x0,
    0x0, 0x0, 0xf, 0xff, 0xf1, 0x0, 0x0, 0x0,
    0xa, 0xff, 0xf5, 0x0, 0x0, 0x0, 0x6, 0xff,
    0xfa, 0x0, 0x0, 0x0, 0x2, 0xff, 0xfe, 0x0,
    0x0, 0x0, 0x0, 0xdf, 0xff, 0x20, 0x0, 0x0,
    0x0, 0x9f, 0xff, 0x70, 0x0, 0x0, 0x0, 0x5f,
    0xff, 0xb0, 0x0, 0x0, 0x0, 0xf, 0xff, 0xf0,
    0x0, 0x0, 0x0, 0xc, 0xff, 0xf4, 0x0, 0x0,
    0x0, 0x7, 0xff, 0xf8, 0x0, 0x0, 0x0, 0x3,
    0xff, 0xfc, 0x0, 0x0, 0x0, 0x0, 0xff, 0xff,
    0x10, 0x0, 0x0, 0x0, 0xaf, 0xff, 0x50, 0x0,
    0x0, 0x0, 0x6f, 0xff, 0xa0, 0x0, 0x0, 0x0,
    0x2f, 0xff, 0xe0, 0x0, 0x0, 0x0, 0xd, 0xff,
    0xf2, 0x0, 0x0, 0x0, 0x9, 0xff, 0xf7, 0x0,
    0x0, 0x0, 0x5, 0xff, 0xfb, 0x0, 0x0, 0x0,
    0x0, 0xff, 0xff, 0x0, 0x0, 0x0, 0x0, 0xcf,
    0xff, 0x40, 0x0, 0x0, 0x0, 0x7f, 0xff, 0x80,
    0x0, 0x0, 0x0, 0x3f, 0xff, 0xc0, 0x0, 0x0,
    0x0, 0xf, 0xff, 0xf1, 0x0, 0x0, 0x0, 0xa,
    0xff, 0xf5, 0x0, 0x0, 0x0, 0x6, 0xff, 0xfa,

    /* U+005D "]" */
    0x68, 0x88, 0x88, 0x87, 0xbf, 0xff, 0xff, 0xfd,
    0xbf, 0xff, 0xff, 0xfd, 0xbf, 0xff, 0xff, 0xfd,
    0x0, 0xb, 0xff, 0xfd, 0x0, 0xb, 0xff, 0xfd,
    0x0, 0xb, 0xff, 0xfd, 0x0, 0xb, 0xff, 0xfd,
    0x0, 0xb, 0xff, 0xfd, 0x0, 0xb, 0xff, 0xfd,
    0x0, 0xb, 0xff, 0xfd, 0x0, 0xb, 0xff, 0xfd,
    0x0, 0xb, 0xff, 0xfd, 0x0, 0xb, 0xff, 0xfd,
    0x0, 0xb, 0xff, 0xfd, 0x0, 0xb, 0xff, 0xfd,
    0x0, 0xb, 0xff, 0xfd, 0x0, 0xb, 0xff, 0xfd,
    0x0, 0xb, 0xff, 0xfd, 0x0, 0xb, 0xff, 0xfd,
    0x0, 0xb, 0xff, 0xfd, 0x0, 0xb, 0xff, 0xfd,
    0x0, 0xb, 0xff, 0xfd, 0x0, 0xb, 0xff, 0xfd,
    0x0, 0xb, 0xff, 0xfd, 0x68, 0x8d, 0xff, 0xfd,
    0xbf, 0xff, 0xff, 0xfd, 0xbf, 0xff, 0xff, 0xfd,
    0xbf, 0xff, 0xff, 0xfd,

    /* U+005E "^" */
    0x0, 0x0, 0x6, 0xcc, 0xc8, 0x0, 0x0, 0x0,
    0x0, 0x0, 0xef, 0xff, 0xf2, 0x0, 0x0, 0x0,
    0x0, 0x7f, 0xff, 0xff, 0xa0, 0x0, 0x0, 0x0,
    0x1e, 0xff, 0x8f, 0xff, 0x20, 0x0, 0x0, 0x8,
    0xff, 0xd0, 0xbf, 0xfa, 0x0, 0x0, 0x1, 0xff,
    0xf6, 0x4, 0xff, 0xf2, 0x0, 0x0, 0x8f, 0xfe,
    0x0, 0xc, 0xff, 0xa0, 0x0, 0x1f, 0xff, 0x70,
    0x0, 0x5f, 0xff, 0x20, 0x8, 0xff, 0xf1, 0x0,
    0x0, 0xdf, 0xfa, 0x0, 0xab, 0xb7, 0x0, 0x0,
    0x5, 0xbb, 0xb1,

    /* U+005F "_" */
    0x88, 0x88, 0x88, 0x88, 0x88, 0x88, 0x88, 0x81,
    0xff, 0xff, 0xff, 0xff, 0xff, 0xff, 0xff, 0xf3,
    0xff, 0xff, 0xff, 0xff, 0xff, 0xff, 0xff, 0xf3,
    0xff, 0xff, 0xff, 0xff, 0xff, 0xff, 0xff, 0xf3,

    /* U+0060 "`" */
    0xb, 0xdd, 0xd4, 0x0, 0x5, 0xff, 0xfc, 0x0,
    0x0, 0x8f, 0xff, 0x50, 0x0, 0xc, 0xff, 0xd0,
    0x0, 0x1, 0xef, 0xf5,

    /* U+0061 "a" */
    0x0, 0x0, 0x6b, 0xef, 0xfe, 0xb7, 0x10, 0x0,
    0x0, 0x5e, 0xff, 0xff, 0xff, 0xff, 0xf5, 0x0,
    0x4, 0xff, 0xff, 0xff, 0xff, 0xff, 0xff, 0x40,
    0xe, 0xff, 0xff, 0xa6, 0x6b, 0xff, 0xff, 0xd0,
    0x4f, 0xff, 0xf5, 0x0, 0x0, 0x9f, 0xff, 0xf2,
    0x2, 0x45, 0x50, 0x0, 0x0, 0x5f, 0xff, 0xf4,
    0x0, 0x0, 0x0, 0x0, 0x25, 0xcf, 0xff, 0xf4,
    0x0, 0x5, 0x9c, 0xef, 0xff, 0xff, 0xff, 0xf4,
    0x4, 0xef, 0xff, 0xff, 0xff, 0xff, 0xff, 0xf4,
    0x3f, 0xff, 0xff, 0xfc, 0x96, 0x6f, 0xff, 0xf4,
    0xbf, 0xff, 0xf5, 0x0, 0x0, 0x4f, 0xff, 0xf4,
    0xef, 0xff, 0x80, 0x0, 0x0, 0x6f, 0xff, 0xf4,
    0xff, 0xff, 0x90, 0x0, 0x1, 0xdf, 0xff, 0xf4,
    0xcf, 0xff, 0xf8, 0x33, 0x6d, 0xff, 0xff, 0xf4,
    0x6f, 0xff, 0xff, 0xff, 0xff, 0xdf, 0xff, 0xf4,
    0x9, 0xff, 0xff, 0xff, 0xfc, 0x4f, 0xff, 0xf4,
    0x0, 0x4a, 0xef, 0xfc, 0x70, 0x3f, 0xff, 0xf4,

    /* U+0062 "b" */
    0x3f, 0xff, 0xf7, 0x0, 0x0, 0x0, 0x0, 0x0,
    0x0, 0x3f, 0xff, 0xf7, 0x0, 0x0, 0x0, 0x0,
    0x0, 0x0, 0x3f, 0xff, 0xf7, 0x0, 0x0, 0x0,
    0x0, 0x0, 0x0, 0x3f, 0xff, 0xf7, 0x0, 0x0,
    0x0, 0x0, 0x0, 0x0, 0x3f, 0xff, 0xf7, 0x0,
    0x0, 0x0, 0x0, 0x0, 0x0, 0x3f, 0xff, 0xf7,
    0x0, 0x0, 0x0, 0x0, 0x0, 0x0, 0x3f, 0xff,
    0xf7, 0x4, 0xbe, 0xfe, 0xb4, 0x0, 0x0, 0x3f,
    0xff, 0xf7, 0x7f, 0xff, 0xff, 0xff, 0xa0, 0x0,
    0x3f, 0xff, 0xfb, 0xff, 0xff, 0xff, 0xff, 0xfa,
    0x0, 0x3f, 0xff, 0xff, 0xff, 0xcb, 0xef, 0xff,
    0xff, 0x50, 0x3f, 0xff, 0xff, 0xb1, 0x0, 0xa,
    0xff, 0xff, 0xd0, 0x3f, 0xff, 0xfe, 0x10, 0x0,
    0x0, 0xdf, 0xff, 0xf2, 0x3f, 0xff, 0xf8, 0x0,
    0x0, 0x0, 0x7f, 0xff, 0xf5, 0x3f, 0xff, 0xf5,
    0x0, 0x0, 0x0, 0x4f, 0xff, 0xf7, 0x3f, 0xff,
    0xf4, 0x0, 0x0, 0x0, 0x3f, 0xff, 0xf8, 0x3f,
    0xff, 0xf5, 0x0, 0x0, 0x0, 0x4f, 0xff, 0xf7,
    0x3f, 0xff, 0xf9, 0x0, 0x0, 0x0, 0x7f, 0xff,
    0xf5, 0x3f, 0xff, 0xfe, 0x10, 0x0, 0x0, 0xdf,
    0xff, 0xf2, 0x3f, 0xff, 0xff, 0xc1, 0x0, 0xa,
    0xff, 0xff, 0xd0, 0x3f, 0xff, 0xff, 0xff, 0xcc,
    0xff, 0xff, 0xff, 0x50, 0x3f, 0xff, 0xfa, 0xff,
    0xff, 0xff, 0xff, 0xfa, 0x0, 0x3f, 0xff, 0xf5,
    0x8f, 0xff, 0xff, 0xff, 0xa0, 0x0, 0x3f, 0xff,
    0xf5, 0x4, 0xbe, 0xfe, 0xb4, 0x0, 0x0,

    /* U+0063 "c" */
    0x0, 0x0, 0x29, 0xdf, 0xff, 0xc8, 0x20, 0x0,
    0x0, 0x0, 0x9f, 0xff, 0xff, 0xff, 0xff, 0x80,
    0x0, 0x0, 0xbf, 0xff, 0xff, 0xff, 0xff, 0xff,
    0xa0, 0x0, 0x8f, 0xff, 0xff, 0xca, 0xcf, 0xff,
    0xff, 0x50, 0x2f, 0xff, 0xff, 0x40, 0x0, 0x4f,
    0xff, 0xfd, 0x7, 0xff, 0xff, 0x70, 0x0, 0x0,
    0x7f, 0xff, 0xf1, 0xcf, 0xff, 0xf0, 0x0, 0x0,
    0x1, 0x54, 0x21, 0xe, 0xff, 0xfd, 0x0, 0x0,
    0x0, 0x0, 0x0, 0x0, 0xef, 0xff, 0xc0, 0x0,
    0x0, 0x0, 0x0, 0x0, 0xe, 0xff, 0xfd, 0x0,
    0x0, 0x0, 0x0, 0x0, 0x0, 0xcf, 0xff, 0xf0,
    0x0, 0x0, 0x1, 0x65, 0x42, 0x8, 0xff, 0xff,
    0x70, 0x0, 0x0, 0x8f, 0xff, 0xf2, 0x2f, 0xff,
    0xff, 0x40, 0x0, 0x4f, 0xff, 0xfd, 0x0, 0x8f,
    0xff, 0xff, 0xca, 0xcf, 0xff, 0xff, 0x50, 0x0,
    0xbf, 0xff, 0xff, 0xff, 0xff, 0xff, 0xa0, 0x0,
    0x0, 0x9f, 0xff, 0xff, 0xff, 0xff, 0x80, 0x0,
    0x0, 0x0, 0x29, 0xdf, 0xff, 0xc8, 0x20, 0x0,
    0x0,

    /* U+0064 "d" */
    0x0, 0x0, 0x0, 0x0, 0x0, 0x0, 0xdf, 0xff,
    0xc0, 0x0, 0x0, 0x0, 0x0, 0x0, 0xd, 0xff,
    0xfc, 0x0, 0x0, 0x0, 0x0, 0x0, 0x0, 0xdf,
    0xff, 0xc0, 0x0, 0x0, 0x0, 0x0, 0x0, 0xd,
    0xff, 0xfc, 0x0, 0x0, 0x0, 0x0, 0x0, 0x0,
    0xdf, 0xff, 0xc0, 0x0, 0x0, 0x0, 0x0, 0x0,
    0xd, 0xff, 0xfc, 0x0, 0x0, 0x7c, 0xff, 0xd8,
    0x10, 0xdf, 0xff, 0xc0, 0x3, 0xef, 0xff, 0xff,
    0xfe, 0x2d, 0xff, 0xfc, 0x2, 0xff, 0xff, 0xff,
    0xff, 0xfd, 0xef, 0xff, 0xc0, 0xcf, 0xff, 0xff,
    0xdb, 0xdf, 0xff, 0xff, 0xfc, 0x3f, 0xff, 0xff,
    0x50, 0x0, 0x4f, 0xff, 0xff, 0xc9, 0xff, 0xff,
    0x70, 0x0, 0x0, 0x6f, 0xff, 0xfc, 0xcf, 0xff,
    0xf0, 0x0, 0x0, 0x0, 0xef, 0xff, 0xce, 0xff,
    0xfd, 0x0, 0x0, 0x0, 0xb, 0xff, 0xfc, 0xef,
    0xff, 0xc0, 0x0, 0x0, 0x0, 0xaf, 0xff, 0xce,
    0xff, 0xfd, 0x0, 0x0, 0x0, 0xc, 0xff, 0xfc,
    0xcf, 0xff, 0xf1, 0x0, 0x0, 0x0, 0xff, 0xff,
    0xc9, 0xff, 0xff, 0x70, 0x0, 0x0, 0x6f, 0xff,
    0xfc, 0x3f, 0xff, 0xff, 0x50, 0x0, 0x5f, 0xff,
    0xff, 0xc0, 0xcf, 0xff, 0xff, 0xdb, 0xdf, 0xff,
    0xff, 0xfc, 0x2, 0xff, 0xff, 0xff, 0xff, 0xfd,
    0xdf, 0xff, 0xc0, 0x3, 0xef, 0xff, 0xff, 0xfe,
    0x3c, 0xff, 0xfc, 0x0, 0x0, 0x7c, 0xff, 0xd8,
    0x10, 0xcf, 0xff, 0xc0,

    /* U+0065 "e" */
    0x0, 0x0, 0x39, 0xdf, 0xfe, 0xb6, 0x0, 0x0,
    0x0, 0x0, 0x9f, 0xff, 0xff, 0xff, 0xfe, 0x40,
    0x0, 0x0, 0xbf, 0xff, 0xff, 0xff, 0xff, 0xff,
    0x50, 0x0, 0x8f, 0xff, 0xfe, 0x97, 0xaf, 0xff,
    0xff, 0x20, 0x1f, 0xff, 0xfa, 0x0, 0x0, 0x2e,
    0xff, 0xfa, 0x7, 0xff, 0xff, 0x10, 0x0, 0x0,
    0x5f, 0xff, 0xf0, 0xbf, 0xff, 0xb0, 0x0, 0x0,
    0x0, 0xff, 0xff, 0x4e, 0xff, 0xff, 0xff, 0xff,
    0xff, 0xff, 0xff, 0xf6, 0xef, 0xff, 0xff, 0xff,
    0xff, 0xff, 0xff, 0xff, 0x7e, 0xff, 0xff, 0xee,
    0xee, 0xee, 0xee, 0xee, 0xe6, 0xcf, 0xff, 0xb0,
    0x0, 0x0, 0x0, 0x0, 0x0, 0x8, 0xff, 0xff,
    0x10, 0x0, 0x0, 0x4, 0x21, 0x0, 0x2f, 0xff,
    0xfb, 0x0, 0x0, 0x8, 0xff, 0xff, 0x10, 0x9f,
    0xff, 0xfe, 0x97, 0x8c, 0xff, 0xff, 0xa0, 0x0,
    0xcf, 0xff, 0xff, 0xff, 0xff, 0xff, 0xd1, 0x0,
    0x0, 0x9f, 0xff, 0xff, 0xff, 0xff, 0xa1, 0x0,
    0x0, 0x0, 0x29, 0xdf, 0xff, 0xd9, 0x30, 0x0,
    0x0,

    /* U+0066 "f" */
    0x0, 0x0, 0x4, 0xae, 0xff, 0xe9, 0x0, 0x0,
    0x7f, 0xff, 0xff, 0xfa, 0x0, 0x2, 0xff, 0xff,
    0xff, 0xf8, 0x0, 0x8, 0xff, 0xff, 0xea, 0xa4,
    0x0, 0xa, 0xff, 0xff, 0x20, 0x0, 0x0, 0xa,
    0xff, 0xff, 0x0, 0x0, 0xbf, 0xff, 0xff, 0xff,
    0xff, 0xf7, 0xbf, 0xff, 0xff, 0xff, 0xff, 0xf7,
    0xbf, 0xff, 0xff, 0xff, 0xff, 0xf7, 0x69, 0x9d,
    0xff, 0xff, 0x99, 0x94, 0x0, 0xa, 0xff, 0xff,
    0x0, 0x0, 0x0, 0xa, 0xff, 0xff, 0x0, 0x0,
    0x0, 0xa, 0xff, 0xff, 0x0, 0x0, 0x0, 0xa,
    0xff, 0xff, 0x0, 0x0, 0x0, 0xa, 0xff, 0xff,
    0x0, 0x0, 0x0, 0xa, 0xff, 0xff, 0x0, 0x0,
    0x0, 0xa, 0xff, 0xff, 0x0, 0x0, 0x0, 0xa,
    0xff, 0xff, 0x0, 0x0, 0x0, 0xa, 0xff, 0xff,
    0x0, 0x0, 0x0, 0xa, 0xff, 0xff, 0x0, 0x0,
    0x0, 0xa, 0xff, 0xff, 0x0, 0x0, 0x0, 0xa,
    0xff, 0xff, 0x0, 0x0, 0x0, 0xa, 0xff, 0xff,
    0x0, 0x0,

    /* U+0067 "g" */
    0x0, 0x0, 0x7c, 0xff, 0xd8, 0x10, 0xcf, 0xff,
    0xd0, 0x2, 0xdf, 0xff, 0xff, 0xfe, 0x2c, 0xff,
    0xfd, 0x1, 0xef, 0xff, 0xff, 0xff, 0xfe, 0xdf,
    0xff, 0xd0, 0xbf, 0xff, 0xff, 0xca, 0xcf, 0xff,
    0xff, 0xfd, 0x3f, 0xff, 0xff, 0x40, 0x0, 0x4f,
    0xff, 0xff, 0xd8, 0xff, 0xff, 0x70, 0x0, 0x0,
    0x6f, 0xff, 0xfd, 0xcf, 0xff, 0xf1, 0x0, 0x0,
    0x0, 0xff, 0xff, 0xde, 0xff, 0xfd, 0x0, 0x0,
    0x0, 0xc, 0xff, 0xfd, 0xef, 0xff, 0xc0, 0x0,
    0x0, 0x0, 0xaf, 0xff, 0xde, 0xff, 0xfd, 0x0,
    0x0, 0x0, 0xb, 0xff, 0xfd, 0xcf, 0xff, 0xf0,
    0x0, 0x0, 0x0, 0xef, 0xff, 0xd9, 0xff, 0xff,
    0x60, 0x0, 0x0, 0x5f, 0xff, 0xfd, 0x4f, 0xff,
    0xfe, 0x30, 0x0, 0x2e, 0xff, 0xff, 0xd0, 0xcf,
    0xff, 0xff, 0xb9, 0xbf, 0xff, 0xff, 0xfd, 0x2,
    0xff, 0xff, 0xff, 0xff, 0xfd, 0xdf, 0xff, 0xd0,
    0x3, 0xef, 0xff, 0xff, 0xfe, 0x3c, 0xff, 0xfd,
    0x0, 0x1, 0x7c, 0xff, 0xe9, 0x10, 0xcf, 0xff,
    0xc0, 0x0, 0x0, 0x0, 0x0, 0x0, 0xe, 0xff,
    0xfb, 0x18, 0xac, 0xe5, 0x0, 0x0, 0x6, 0xff,
    0xff, 0x70, 0xdf, 0xff, 0xfa, 0x65, 0x6b, 0xff,
    0xff, 0xf1, 0x4, 0xff, 0xff, 0xff, 0xff, 0xff,
    0xff, 0xf5, 0x0, 0x4, 0xef, 0xff, 0xff, 0xff,
    0xff, 0xe4, 0x0, 0x0, 0x0, 0x5a, 0xdf, 0xff,
    0xda, 0x60, 0x0, 0x0,

    /* U+0068 "h" */
    0x3f, 0xff, 0xf6, 0x0, 0x0, 0x0, 0x0, 0x0,
    0x3, 0xff, 0xff, 0x60, 0x0, 0x0, 0x0, 0x0,
    0x0, 0x3f, 0xff, 0xf6, 0x0, 0x0, 0x0, 0x0,
    0x0, 0x3, 0xff, 0xff, 0x60, 0x0, 0x0, 0x0,
    0x0, 0x0, 0x3f, 0xff, 0xf6, 0x0, 0x0, 0x0,
    0x0, 0x0, 0x3, 0xff, 0xff, 0x60, 0x0, 0x0,
    0x0, 0x0, 0x0, 0x3f, 0xff, 0xf6, 0x3, 0xae,
    0xfe, 0xb5, 0x0, 0x3, 0xff, 0xff, 0x66, 0xff,
    0xff, 0xff, 0xfa, 0x0, 0x3f, 0xff, 0xfa, 0xff,
    0xff, 0xff, 0xff, 0xf7, 0x3, 0xff, 0xff, 0xff,
    0xfe, 0xff, 0xff, 0xff, 0xe0, 0x3f, 0xff, 0xff,
    0xb1, 0x0, 0x6f, 0xff, 0xff, 0x43, 0xff, 0xff,
    0xd0, 0x0, 0x0, 0x8f, 0xff, 0xf6, 0x3f, 0xff,
    0xf8, 0x0, 0x0, 0x4, 0xff, 0xff, 0x73, 0xff,
    0xff, 0x70, 0x0, 0x0, 0x2f, 0xff, 0xf7, 0x3f,
    0xff, 0xf7, 0x0, 0x0, 0x2, 0xff, 0xff, 0x73,
    0xff, 0xff, 0x70, 0x0, 0x0, 0x2f, 0xff, 0xf7,
    0x3f, 0xff, 0xf7, 0x0, 0x0, 0x2, 0xff, 0xff,
    0x73, 0xff, 0xff, 0x70, 0x0, 0x0, 0x2f, 0xff,
    0xf7, 0x3f, 0xff, 0xf7, 0x0, 0x0, 0x2, 0xff,
    0xff, 0x73, 0xff, 0xff, 0x70, 0x0, 0x0, 0x2f,
    0xff, 0xf7, 0x3f, 0xff, 0xf7, 0x0, 0x0, 0x2,
    0xff, 0xff, 0x73, 0xff, 0xff, 0x70, 0x0, 0x0,
    0x2f, 0xff, 0xf7, 0x3f, 0xff, 0xf7, 0x0, 0x0,
    0x2, 0xff, 0xff, 0x70,

    /* U+0069 "i" */
    0x1, 0x67, 0x20, 0x1e, 0xff, 0xf3, 0x7f, 0xff,
    0xfa, 0x6f, 0xff, 0xf9, 0xc, 0xff, 0xe2, 0x0,
    0x34, 0x0, 0x0, 0x0, 0x0, 0x3f, 0xff, 0xf7,
    0x3f, 0xff, 0xf7, 0x3f, 0xff, 0xf7, 0x3f, 0xff,
    0xf7, 0x3f, 0xff, 0xf7, 0x3f, 0xff, 0xf7, 0x3f,
    0xff, 0xf7, 0x3f, 0xff, 0xf7, 0x3f, 0xff, 0xf7,
    0x3f, 0xff, 0xf7, 0x3f, 0xff, 0xf7, 0x3f, 0xff,
    0xf7, 0x3f, 0xff, 0xf7, 0x3f, 0xff, 0xf7, 0x3f,
    0xff, 0xf7, 0x3f, 0xff, 0xf7, 0x3f, 0xff, 0xf7,

    /* U+006A "j" */
    0x0, 0x1, 0x67, 0x20, 0x0, 0x1e, 0xff, 0xf3,
    0x0, 0x6f, 0xff, 0xfa, 0x0, 0x6f, 0xff, 0xf9,
    0x0, 0xc, 0xff, 0xe2, 0x0, 0x0, 0x34, 0x0,
    0x0, 0x0, 0x0, 0x0, 0x0, 0x3f, 0xff, 0xf7,
    0x0, 0x3f, 0xff, 0xf7, 0x0, 0x3f, 0xff, 0xf7,
    0x0, 0x3f, 0xff, 0xf7, 0x0, 0x3f, 0xff, 0xf7,
    0x0, 0x3f, 0xff, 0xf7, 0x0, 0x3f, 0xff, 0xf7,
    0x0, 0x3f, 0xff, 0xf7, 0x0, 0x3f, 0xff, 0xf7,
    0x0, 0x3f, 0xff, 0xf7, 0x0, 0x3f, 0xff, 0xf7,
    0x0, 0x3f, 0xff, 0xf7, 0x0, 0x3f, 0xff, 0xf7,
    0x0, 0x3f, 0xff, 0xf7, 0x0, 0x3f, 0xff, 0xf7,
    0x0, 0x3f, 0xff, 0xf7, 0x0, 0x3f, 0xff, 0xf7,
    0x0, 0x3f, 0xff, 0xf7, 0x0, 0x6f, 0xff, 0xf6,
    0x9b, 0xff, 0xff, 0xf3, 0xff, 0xff, 0xff, 0xc0,
    0xff, 0xff, 0xfe, 0x20, 0xff, 0xfc, 0x71, 0x0,

    /* U+006B "k" */
    0x3f, 0xff, 0xf7, 0x0, 0x0, 0x0, 0x0, 0x0,
    0x0, 0x3f, 0xff, 0xf7, 0x0, 0x0, 0x0, 0x0,
    0x0, 0x0, 0x3f, 0xff, 0xf7, 0x0, 0x0, 0x0,
    0x0, 0x0, 0x0, 0x3f, 0xff, 0xf7, 0x0, 0x0,
    0x0, 0x0, 0x0, 0x0, 0x3f, 0xff, 0xf7, 0x0,
    0x0, 0x0, 0x0, 0x0, 0x0, 0x3f, 0xff, 0xf7,
    0x0, 0x0, 0x0, 0x0, 0x0, 0x0, 0x3f, 0xff,
    0xf7, 0x0, 0x0, 0x2f, 0xff, 0xff, 0x40, 0x3f,
    0xff, 0xf7, 0x0, 0x1, 0xdf, 0xff, 0xf7, 0x0,
    0x3f, 0xff, 0xf7, 0x0, 0xc, 0xff, 0xff, 0x90,
    0x0, 0x3f, 0xff, 0xf7, 0x0, 0xaf, 0xff, 0xfb,
    0x0, 0x0, 0x3f, 0xff, 0xf7, 0x8, 0xff, 0xff,
    0xc0, 0x0, 0x0, 0x3f, 0xff, 0xf7, 0x6f, 0xff,
    0xfe, 0x10, 0x0, 0x0, 0x3f, 0xff, 0xfb, 0xff,
    0xff, 0xf2, 0x0, 0x0, 0x0, 0x3f, 0xff, 0xff,
    0xff, 0xff, 0x60, 0x0, 0x0, 0x0, 0x3f, 0xff,
    0xff, 0xff, 0xff, 0xe1, 0x0, 0x0, 0x0, 0x3f,
    0xff, 0xff, 0xff, 0xff, 0xfa, 0x0, 0x0, 0x0,
    0x3f, 0xff, 0xff, 0x9e, 0xff, 0xff, 0x60, 0x0,
    0x0, 0x3f, 0xff, 0xfa, 0x4, 0xff, 0xff, 0xf2,
    0x0, 0x0, 0x3f, 0xff, 0xf7, 0x0, 0x9f, 0xff,
    0xfc, 0x0, 0x0, 0x3f, 0xff, 0xf7, 0x0, 0xd,
    0xff, 0xff, 0x80, 0x0, 0x3f, 0xff, 0xf7, 0x0,
    0x2, 0xff, 0xff, 0xf4, 0x0, 0x3f, 0xff, 0xf7,
    0x0, 0x0, 0x6f, 0xff, 0xfe, 0x10, 0x3f, 0xff,
    0xf7, 0x0, 0x0, 0xb, 0xff, 0xff, 0xb0,

    /* U+006C "l" */
    0x3f, 0xff, 0xf7, 0x3f, 0xff, 0xf7, 0x3f, 0xff,
    0xf7, 0x3f, 0xff, 0xf7, 0x3f, 0xff, 0xf7, 0x3f,
    0xff, 0xf7, 0x3f, 0xff, 0xf7, 0x3f, 0xff, 0xf7,
    0x3f, 0xff, 0xf7, 0x3f, 0xff, 0xf7, 0x3f, 0xff,
    0xf7, 0x3f, 0xff, 0xf7, 0x3f, 0xff, 0xf7, 0x3f,
    0xff, 0xf7, 0x3f, 0xff, 0xf7, 0x3f, 0xff, 0xf7,
    0x3f, 0xff, 0xf7, 0x3f, 0xff, 0xf7, 0x3f, 0xff,
    0xf7, 0x3f, 0xff, 0xf7, 0x3f, 0xff, 0xf7, 0x3f,
    0xff, 0xf7, 0x3f, 0xff, 0xf7,

    /* U+006D "m" */
    0x3f, 0xff, 0xf3, 0x4, 0xbf, 0xfd, 0x81, 0x0,
    0x6, 0xcf, 0xfe, 0x92, 0x0, 0x3f, 0xff, 0xf3,
    0x9f, 0xff, 0xff, 0xfd, 0x11, 0xcf, 0xff, 0xff,
    0xff, 0x40, 0x3f, 0xff, 0xf9, 0xff, 0xff, 0xff,
    0xff, 0xab, 0xff, 0xff, 0xff, 0xff, 0xf1, 0x3f,
    0xff, 0xff, 0xfe, 0xdf, 0xff, 0xff, 0xff, 0xfe,
    0xdf, 0xff, 0xff, 0xf8, 0x3f, 0xff, 0xff, 0x70,
    0x1, 0xbf, 0xff, 0xff, 0x80, 0x0, 0x9f, 0xff,
    0xfc, 0x3f, 0xff, 0xfb, 0x0, 0x0, 0x1f, 0xff,
    0xfd, 0x0, 0x0, 0xe, 0xff, 0xfd, 0x3f, 0xff,
    0xf7, 0x0, 0x0, 0xe, 0xff, 0xf9, 0x0, 0x0,
    0xc, 0xff, 0xfe, 0x3f, 0xff, 0xf7, 0x0, 0x0,
    0xe, 0xff, 0xf9, 0x0, 0x0, 0xc, 0xff, 0xfe,
    0x3f, 0xff, 0xf7, 0x0, 0x0, 0xe, 0xff, 0xf9,
    0x0, 0x0, 0xc, 0xff, 0xfe, 0x3f, 0xff, 0xf7,
    0x0, 0x0, 0xe, 0xff, 0xf9, 0x0, 0x0, 0xc,
    0xff, 0xfe, 0x3f, 0xff, 0xf7, 0x0, 0x0, 0xe,
    0xff, 0xf9, 0x0, 0x0, 0xc, 0xff, 0xfe, 0x3f,
    0xff, 0xf7, 0x0, 0x0, 0xe, 0xff, 0xf9, 0x0,
    0x0, 0xc, 0xff, 0xfe, 0x3f, 0xff, 0xf7, 0x0,
    0x0, 0xe, 0xff, 0xf9, 0x0, 0x0, 0xc, 0xff,
    0xfe, 0x3f, 0xff, 0xf7, 0x0, 0x0, 0xe, 0xff,
    0xf9, 0x0, 0x0, 0xc, 0xff, 0xfe, 0x3f, 0xff,
    0xf7, 0x0, 0x0, 0xe, 0xff, 0xf9, 0x0, 0x0,
    0xc, 0xff, 0xfe, 0x3f, 0xff, 0xf7, 0x0, 0x0,
    0xe, 0xff, 0xf9, 0x0, 0x0, 0xc, 0xff, 0xfe,
    0x3f, 0xff, 0xf7, 0x0, 0x0, 0xe, 0xff, 0xf9,
    0x0, 0x0, 0xc, 0xff, 0xfe,

    /* U+006E "n" */
    0x3f, 0xff, 0xf4, 0x4, 0xbe, 0xfe, 0xb5, 0x0,
    0x3, 0xff, 0xff, 0x47, 0xff, 0xff, 0xff, 0xfa,
    0x0, 0x3f, 0xff, 0xfa, 0xff, 0xff, 0xff, 0xff,
    0xf7, 0x3, 0xff, 0xff, 0xff, 0xfe, 0xff, 0xff,
    0xff, 0xe0, 0x3f, 0xff, 0xff, 0xb1, 0x0, 0x6f,
    0xff, 0xff, 0x43, 0xff, 0xff, 0xd0, 0x0, 0x0,
    0x8f, 0xff, 0xf6, 0x3f, 0xff, 0xf8, 0x0, 0x0,
    0x4, 0xff, 0xff, 0x73, 0xff, 0xff, 0x70, 0x0,
    0x0, 0x2f, 0xff, 0xf7, 0x3f, 0xff, 0xf7, 0x0,
    0x0, 0x2, 0xff, 0xff, 0x73, 0xff, 0xff, 0x70,
    0x0, 0x0, 0x2f, 0xff, 0xf7, 0x3f, 0xff, 0xf7,
    0x0, 0x0, 0x2, 0xff, 0xff, 0x73, 0xff, 0xff,
    0x70, 0x0, 0x0, 0x2f, 0xff, 0xf7, 0x3f, 0xff,
    0xf7, 0x0, 0x0, 0x2, 0xff, 0xff, 0x73, 0xff,
    0xff, 0x70, 0x0, 0x0, 0x2f, 0xff, 0xf7, 0x3f,
    0xff, 0xf7, 0x0, 0x0, 0x2, 0xff, 0xff, 0x73,
    0xff, 0xff, 0x70, 0x0, 0x0, 0x2f, 0xff, 0xf7,
    0x3f, 0xff, 0xf7, 0x0, 0x0, 0x2, 0xff, 0xff,
    0x70,

    /* U+006F "o" */
    0x0, 0x0, 0x28, 0xcf, 0xff, 0xd9, 0x20, 0x0,
    0x0, 0x0, 0x9f, 0xff, 0xff, 0xff, 0xff, 0x90,
    0x0, 0x0, 0xbf, 0xff, 0xff, 0xff, 0xff, 0xff,
    0xc0, 0x0, 0x8f, 0xff, 0xff, 0xdb, 0xcf, 0xff,
    0xff, 0x90, 0x2f, 0xff, 0xff, 0x40, 0x0, 0x4f,
    0xff, 0xff, 0x28, 0xff, 0xff, 0x70, 0x0, 0x0,
    0x6f, 0xff, 0xf8, 0xcf, 0xff, 0xf0, 0x0, 0x0,
    0x0, 0xff, 0xff, 0xce, 0xff, 0xfd, 0x0, 0x0,
    0x0, 0xc, 0xff, 0xfe, 0xef, 0xff, 0xc0, 0x0,
    0x0, 0x0, 0xbf, 0xff, 0xfe, 0xff, 0xfd, 0x0,
    0x0, 0x0, 0xc, 0xff, 0xfe, 0xcf, 0xff, 0xf0,
    0x0, 0x0, 0x0, 0xff, 0xff, 0xc8, 0xff, 0xff,
    0x70, 0x0, 0x0, 0x6f, 0xff, 0xf8, 0x2f, 0xff,
    0xff, 0x40, 0x0, 0x4f, 0xff, 0xff, 0x20, 0x8f,
    0xff, 0xff, 0xdb, 0xcf, 0xff, 0xff, 0x90, 0x0,
    0xbf, 0xff, 0xff, 0xff, 0xff, 0xff, 0xc0, 0x0,
    0x0, 0x9f, 0xff, 0xff, 0xff, 0xff, 0x90, 0x0,
    0x0, 0x0, 0x28, 0xcf, 0xff, 0xd9, 0x20, 0x0,
    0x0,

    /* U+0070 "p" */
    0x3f, 0xff, 0xf5, 0x4, 0xbe, 0xfe, 0xb4, 0x0,
    0x0, 0x3f, 0xff, 0xf5, 0x8f, 0xff, 0xff, 0xff,
    0xa0, 0x0, 0x3f, 0xff, 0xfb, 0xff, 0xff, 0xff,
    0xff, 0xfa, 0x0, 0x3f, 0xff, 0xff, 0xff, 0xcb,
    0xef, 0xff, 0xff, 0x50, 0x3f, 0xff, 0xff, 0xb1,
    0x0, 0xa, 0xff, 0xff, 0xd0, 0x3f, 0xff, 0xfe,
    0x10, 0x0, 0x0, 0xdf, 0xff, 0xf2, 0x3f, 0xff,
    0xf8, 0x0, 0x0, 0x0, 0x7f, 0xff, 0xf5, 0x3f,
    0xff, 0xf5, 0x0, 0x0, 0x0, 0x4f, 0xff, 0xf7,
    0x3f, 0xff, 0xf4, 0x0, 0x0, 0x0, 0x3f, 0xff,
    0xf8, 0x3f, 0xff, 0xf5, 0x0, 0x0, 0x0, 0x4f,
    0xff, 0xf7, 0x3f, 0xff, 0xf9, 0x0, 0x0, 0x0,
    0x7f, 0xff, 0xf5, 0x3f, 0xff, 0xfe, 0x10, 0x0,
    0x0, 0xdf, 0xff, 0xf2, 0x3f, 0xff, 0xff, 0xc1,
    0x0, 0xa, 0xff, 0xff, 0xd0, 0x3f, 0xff, 0xff,
    0xff, 0xcc, 0xff, 0xff, 0xff, 0x50, 0x3f, 0xff,
    0xfa, 0xff, 0xff, 0xff, 0xff, 0xfa, 0x0, 0x3f,
    0xff, 0xf7, 0x7f, 0xff, 0xff, 0xff, 0xa0, 0x0,
    0x3f, 0xff, 0xf7, 0x3, 0xbe, 0xfe, 0xb4, 0x0,
    0x0, 0x3f, 0xff, 0xf7, 0x0, 0x0, 0x0, 0x0,
    0x0, 0x0, 0x3f, 0xff, 0xf7, 0x0, 0x0, 0x0,
    0x0, 0x0, 0x0, 0x3f, 0xff, 0xf7, 0x0, 0x0,
    0x0, 0x0, 0x0, 0x0, 0x3f, 0xff, 0xf7, 0x0,
    0x0, 0x0, 0x0, 0x0, 0x0, 0x3f, 0xff, 0xf7,
    0x0, 0x0, 0x0, 0x0, 0x0, 0x0, 0x3f, 0xff,
    0xf7, 0x0, 0x0, 0x0, 0x0, 0x0, 0x0,

    /* U+0071 "q" */
    0x0, 0x0, 0x7c, 0xff, 0xd9, 0x10, 0xcf, 0xff,
    0xc0, 0x3, 0xef, 0xff, 0xff, 0xfe, 0x3c, 0xff,
    0xfc, 0x2, 0xff, 0xff, 0xff, 0xff, 0xfe, 0xdf,
    0xff, 0xc0, 0xcf, 0xff, 0xff, 0xdb, 0xdf, 0xff,
    0xff, 0xfc, 0x3f, 0xff, 0xff, 0x50, 0x0, 0x4f,
    0xff, 0xff, 0xc9, 0xff, 0xff, 0x70, 0x0, 0x0,
    0x6f, 0xff, 0xfc, 0xcf, 0xff, 0xf0, 0x0, 0x0,
    0x0, 0xef, 0xff, 0xce, 0xff, 0xfd, 0x0, 0x0,
    0x0, 0xb, 0xff, 0xfc, 0xef, 0xff, 0xc0, 0x0,
    0x0, 0x0, 0xaf, 0xff, 0xce, 0xff, 0xfd, 0x0,
    0x0, 0x0, 0xc, 0xff, 0xfc, 0xcf, 0xff, 0xf1,
    0x0, 0x0, 0x0, 0xff, 0xff, 0xc9, 0xff, 0xff,
    0x70, 0x0, 0x0, 0x6f, 0xff, 0xfc, 0x3f, 0xff,
    0xff, 0x50, 0x0, 0x5f, 0xff, 0xff, 0xc0, 0xcf,
    0xff, 0xff, 0xdb, 0xdf, 0xff, 0xff, 0xfc, 0x2,
    0xff, 0xff, 0xff, 0xff, 0xfd, 0xdf, 0xff, 0xc0,
    0x3, 0xef, 0xff, 0xff, 0xfe, 0x2d, 0xff, 0xfc,
    0x0, 0x0, 0x7c, 0xff, 0xd8, 0x10, 0xdf, 0xff,
    0xc0, 0x0, 0x0, 0x0, 0x0, 0x0, 0xd, 0xff,
    0xfc, 0x0, 0x0, 0x0, 0x0, 0x0, 0x0, 0xdf,
    0xff, 0xc0, 0x0, 0x0, 0x0, 0x0, 0x0, 0xd,
    0xff, 0xfc, 0x0, 0x0, 0x0, 0x0, 0x0, 0x0,
    0xdf, 0xff, 0xc0, 0x0, 0x0, 0x0, 0x0, 0x0,
    0xd, 0xff, 0xfc, 0x0, 0x0, 0x0, 0x0, 0x0,
    0x0, 0xdf, 0xff, 0xc0,

    /* U+0072 "r" */
    0x0, 0x0, 0x0, 0x0, 0x0, 0x3, 0xff, 0xff,
    0x41, 0x9e, 0xfe, 0x3f, 0xff, 0xf5, 0xdf, 0xff,
    0xe3, 0xff, 0xff, 0xcf, 0xff, 0xfe, 0x3f, 0xff,
    0xff, 0xff, 0xcc, 0xc3, 0xff, 0xff, 0xfa, 0x10,
    0x0, 0x3f, 0xff, 0xfe, 0x0, 0x0, 0x3, 0xff,
    0xff, 0x80, 0x0, 0x0, 0x3f, 0xff, 0xf7, 0x0,
    0x0, 0x3, 0xff, 0xff, 0x70, 0x0, 0x0, 0x3f,
    0xff, 0xf7, 0x0, 0x0, 0x3, 0xff, 0xff, 0x70,
    0x0, 0x0, 0x3f, 0xff, 0xf7, 0x0, 0x0, 0x3,
    0xff, 0xff, 0x70, 0x0, 0x0, 0x3f, 0xff, 0xf7,
    0x0, 0x0, 0x3, 0xff, 0xff, 0x70, 0x0, 0x0,
    0x3f, 0xff, 0xf7, 0x0, 0x0, 0x3, 0xff, 0xff,
    0x70, 0x0, 0x0,

    /* U+0073 "s" */
    0x0, 0x3, 0x9d, 0xff, 0xfd, 0x94, 0x0, 0x0,
    0x0, 0xbf, 0xff, 0xff, 0xff, 0xff, 0xb1, 0x0,
    0xb, 0xff, 0xff, 0xff, 0xff, 0xff, 0xfc, 0x0,
    0x4f, 0xff, 0xfe, 0x64, 0x5c, 0xff, 0xff, 0x60,
    0x8f, 0xff, 0xf2, 0x0, 0x0, 0xcf, 0xff, 0xb0,
    0x8f, 0xff, 0xf3, 0x0, 0x0, 0x24, 0x32, 0x10,
    0x5f, 0xff, 0xff, 0x95, 0x20, 0x0, 0x0, 0x0,
    0xd, 0xff, 0xff, 0xff, 0xff, 0xc7, 0x20, 0x0,
    0x1, 0xbf, 0xff, 0xff, 0xff, 0xff, 0xf9, 0x0,
    0x0, 0x3, 0x9c, 0xff, 0xff, 0xff, 0xff, 0xa0,
    0x0, 0x0, 0x0, 0x2, 0x6b, 0xff, 0xff, 0xf1,
    0x45, 0x67, 0x40, 0x0, 0x0, 0xaf, 0xff, 0xf3,
    0xdf, 0xff, 0xe1, 0x0, 0x0, 0xaf, 0xff, 0xf2,
    0x7f, 0xff, 0xfd, 0x75, 0x6a, 0xff, 0xff, 0xd0,
    0xc, 0xff, 0xff, 0xff, 0xff, 0xff, 0xff, 0x30,
    0x1, 0xaf, 0xff, 0xff, 0xff, 0xff, 0xd3, 0x0,
    0x0, 0x3, 0x9c, 0xff, 0xfd, 0xa5, 0x0, 0x0,

    /* U+0074 "t" */
    0x0, 0xf, 0xff, 0xf9, 0x0, 0x0, 0x0, 0xf,
    0xff, 0xf9, 0x0, 0x0, 0x0, 0xf, 0xff, 0xf9,
    0x0, 0x0, 0x0, 0xf, 0xff, 0xf9, 0x0, 0x0,
    0xbf, 0xff, 0xff, 0xff, 0xff, 0xe0, 0xbf, 0xff,
    0xff, 0xff, 0xff, 0xe0, 0xbf, 0xff, 0xff, 0xff,
    0xff, 0xe0, 0x69, 0x9f, 0xff, 0xfd, 0x99, 0x80,
    0x0, 0xf, 0xff, 0xf9, 0x0, 0x0, 0x0, 0xf,
    0xff, 0xf9, 0x0, 0x0, 0x0, 0xf, 0xff, 0xf9,
    0x0, 0x0, 0x0, 0xf, 0xff, 0xf9, 0x0, 0x0,
    0x0, 0xf, 0xff, 0xf9, 0x0, 0x0, 0x0, 0xf,
    0xff, 0xf9, 0x0, 0x0, 0x0, 0xf, 0xff, 0xf9,
    0x0, 0x0, 0x0, 0xf, 0xff, 0xf9, 0x0, 0x0,
    0x0, 0xf, 0xff, 0xfa, 0x0, 0x0, 0x0, 0xf,
    0xff, 0xff, 0xba, 0x80, 0x0, 0xa, 0xff, 0xff,
    0xff, 0xe0, 0x0, 0x2, 0xef, 0xff, 0xff, 0xf0,
    0x0, 0x0, 0x18, 0xdf, 0xff, 0xf1,

    /* U+0075 "u" */
    0x3f, 0xff, 0xf7, 0x0, 0x0, 0x2, 0xff, 0xff,
    0x73, 0xff, 0xff, 0x70, 0x0, 0x0, 0x2f, 0xff,
    0xf7, 0x3f, 0xff, 0xf7, 0x0, 0x0, 0x2, 0xff,
    0xff, 0x73, 0xff, 0xff, 0x70, 0x0, 0x0, 0x2f,
    0xff, 0xf7, 0x3f, 0xff, 0xf7, 0x0, 0x0, 0x2,
    0xff, 0xff, 0x73, 0xff, 0xff, 0x70, 0x0, 0x0,
    0x2f, 0xff, 0xf7, 0x3f, 0xff, 0xf7, 0x0, 0x0,
    0x2, 0xff, 0xff, 0x73, 0xff, 0xff, 0x70, 0x0,
    0x0, 0x2f, 0xff, 0xf7, 0x3f, 0xff, 0xf7, 0x0,
    0x0, 0x2, 0xff, 0xff, 0x73, 0xff, 0xff, 0x70,
    0x0, 0x0, 0x2f, 0xff, 0xf7, 0x3f, 0xff, 0xf8,
    0x0, 0x0, 0x4, 0xff, 0xff, 0x72, 0xff, 0xff,
    0xc0, 0x0, 0x0, 0xaf, 0xff, 0xf7, 0xf, 0xff,
    0xff, 0x91, 0x0, 0x8f, 0xff, 0xff, 0x70, 0xbf,
    0xff, 0xff, 0xfe, 0xff, 0xff, 0xff, 0xf7, 0x3,
    0xff, 0xff, 0xff, 0xff, 0xfa, 0xff, 0xff, 0x70,
    0x6, 0xff, 0xff, 0xff, 0xfb, 0x1f, 0xff, 0xf7,
    0x0, 0x2, 0xae, 0xff, 0xc6, 0x0, 0xff, 0xff,
    0x70,

    /* U+0076 "v" */
    0x8f, 0xff, 0xf6, 0x0, 0x0, 0x0, 0xe, 0xff,
    0xfd, 0x2, 0xff, 0xff, 0xb0, 0x0, 0x0, 0x4,
    0xff, 0xff, 0x80, 0xc, 0xff, 0xff, 0x10, 0x0,
    0x0, 0x9f, 0xff, 0xf2, 0x0, 0x6f, 0xff, 0xf5,
    0x0, 0x0, 0xe, 0xff, 0xfc, 0x0, 0x1, 0xff,
    0xff, 0xb0, 0x0, 0x3, 0xff, 0xff, 0x60, 0x0,
    0xa, 0xff, 0xff, 0x0, 0x0, 0x9f, 0xff, 0xf1,
    0x0, 0x0, 0x4f, 0xff, 0xf5, 0x0, 0xe, 0xff,
    0xfa, 0x0, 0x0, 0x0, 0xef, 0xff, 0xa0, 0x3,
    0xff, 0xff, 0x40, 0x0, 0x0, 0x8, 0xff, 0xff,
    0x0, 0x8f, 0xff, 0xe0, 0x0, 0x0, 0x0, 0x3f,
    0xff, 0xf4, 0xd, 0xff, 0xf9, 0x0, 0x0, 0x0,
    0x0, 0xdf, 0xff, 0x91, 0xff, 0xff, 0x30, 0x0,
    0x0, 0x0, 0x7, 0xff, 0xfd, 0x6f, 0xff, 0xd0,
    0x0, 0x0, 0x0, 0x0, 0x1f, 0xff, 0xfc, 0xff,
    0xf7, 0x0, 0x0, 0x0, 0x0, 0x0, 0xbf, 0xff,
    0xff, 0xff, 0x10, 0x0, 0x0, 0x0, 0x0, 0x5,
    0xff, 0xff, 0xff, 0xb0, 0x0, 0x0, 0x0, 0x0,
    0x0, 0xf, 0xff, 0xff, 0xf5, 0x0, 0x0, 0x0,
    0x0, 0x0, 0x0, 0x9f, 0xff, 0xff, 0x0, 0x0,
    0x0, 0x0,

    /* U+0077 "w" */
    0x8f, 0xff, 0xf5, 0x0, 0x0, 0xe, 0xff, 0xf9,
    0x0, 0x0, 0xb, 0xff, 0xff, 0x23, 0xff, 0xff,
    0x90, 0x0, 0x2, 0xff, 0xff, 0xd0, 0x0, 0x0,
    0xff, 0xff, 0xe0, 0xe, 0xff, 0xfd, 0x0, 0x0,
    0x7f, 0xff, 0xff, 0x10, 0x0, 0x3f, 0xff, 0xf9,
    0x0, 0xaf, 0xff, 0xf1, 0x0, 0xb, 0xff, 0xff,
    0xf5, 0x0, 0x7, 0xff, 0xff, 0x40, 0x5, 0xff,
    0xff, 0x50, 0x0, 0xff, 0xff, 0xff, 0x90, 0x0,
    0xbf, 0xff, 0xf0, 0x0, 0xf, 0xff, 0xf9, 0x0,
    0x3f, 0xff, 0xff, 0xfd, 0x0, 0xf, 0xff, 0xfa,
    0x0, 0x0, 0xbf, 0xff, 0xc0, 0x7, 0xff, 0xf8,
    0xff, 0xf1, 0x3, 0xff, 0xff, 0x50, 0x0, 0x6,
    0xff, 0xff, 0x0, 0xbf, 0xfd, 0x3f, 0xff, 0x50,
    0x7f, 0xff, 0xf1, 0x0, 0x0, 0x2f, 0xff, 0xf4,
    0xf, 0xff, 0x90, 0xff, 0xf9, 0xa, 0xff, 0xfc,
    0x0, 0x0, 0x0, 0xdf, 0xff, 0x73, 0xff, 0xf5,
    0xb, 0xff, 0xd0, 0xef, 0xff, 0x70, 0x0, 0x0,
    0x8, 0xff, 0xfb, 0x7f, 0xff, 0x10, 0x7f, 0xff,
    0x2f, 0xff, 0xf2, 0x0, 0x0, 0x0, 0x3f, 0xff,
    0xea, 0xff, 0xc0, 0x2, 0xff, 0xf9, 0xff, 0xfd,
    0x0, 0x0, 0x0, 0x0, 0xef, 0xff, 0xff, 0xf7,
    0x0, 0xe, 0xff, 0xff, 0xff, 0x80, 0x0, 0x0,
    0x0, 0x9, 0xff, 0xff, 0xff, 0x30, 0x0, 0x9f,
    0xff, 0xff, 0xf3, 0x0, 0x0, 0x0, 0x0, 0x5f,
    0xff, 0xff, 0xe0, 0x0, 0x4, 0xff, 0xff, 0xfe,
    0x0, 0x0, 0x0, 0x0, 0x0, 0xff, 0xff, 0xf9,
    0x0, 0x0, 0xf, 0xff, 0xff, 0xa0, 0x0, 0x0,
    0x0, 0x0, 0xb, 0xff, 0xff, 0x50, 0x0, 0x0,
    0xbf, 0xff, 0xf5, 0x0, 0x0, 0x0,

    /* U+0078 "x" */
    0xd, 0xff, 0xff, 0x20, 0x0, 0x2, 0xff, 0xff,
    0xc0, 0x4, 0xff, 0xff, 0xb0, 0x0, 0xb, 0xff,
    0xff, 0x20, 0x0, 0x9f, 0xff, 0xf4, 0x0, 0x5f,
    0xff, 0xf7, 0x0, 0x0, 0x1e, 0xff, 0xfd, 0x0,
    0xef, 0xff, 0xc0, 0x0, 0x0, 0x4, 0xff, 0xff,
    0x67, 0xff, 0xff, 0x20, 0x0, 0x0, 0x0, 0xaf,
    0xff, 0xee, 0xff, 0xf8, 0x0, 0x0, 0x0, 0x0,
    0x1e, 0xff, 0xff, 0xff, 0xd0, 0x0, 0x0, 0x0,
    0x0, 0x5, 0xff, 0xff, 0xff, 0x30, 0x0, 0x0,
    0x0, 0x0, 0x1, 0xff, 0xff, 0xfd, 0x0, 0x0,
    0x0, 0x0, 0x0, 0xa, 0xff, 0xff, 0xff, 0x70,
    0x0, 0x0, 0x0, 0x0, 0x4f, 0xff, 0xff, 0xff,
    0xf2, 0x0, 0x0, 0x0, 0x1, 0xef, 0xff, 0xad,
    0xff, 0xfc, 0x0, 0x0, 0x0, 0xa, 0xff, 0xff,
    0x25, 0xff, 0xff, 0x70, 0x0, 0x0, 0x4f, 0xff,
    0xf8, 0x0, 0xcf, 0xff, 0xf2, 0x0, 0x0, 0xef,
    0xff, 0xe0, 0x0, 0x3f, 0xff, 0xfc, 0x0, 0x9,
    0xff, 0xff, 0x50, 0x0, 0x9, 0xff, 0xff, 0x60,
    0x4f, 0xff, 0xfb, 0x0, 0x0, 0x0, 0xef, 0xff,
    0xf2,

    /* U+0079 "y" */
    0x7f, 0xff, 0xf6, 0x0, 0x0, 0x0, 0xe, 0xff,
    0xfe, 0x1, 0xff, 0xff, 0xb0, 0x0, 0x0, 0x4,
    0xff, 0xff, 0x80, 0xb, 0xff, 0xff, 0x10, 0x0,
    0x0, 0x9f, 0xff, 0xf2, 0x0, 0x5f, 0xff, 0xf6,
    0x0, 0x0, 0xf, 0xff, 0xfb, 0x0, 0x0, 0xef,
    0xff, 0xb0, 0x0, 0x5, 0xff, 0xff, 0x50, 0x0,
    0x8, 0xff, 0xff, 0x10, 0x0, 0xaf, 0xff, 0xe0,
    0x0, 0x0, 0x2f, 0xff, 0xf6, 0x0, 0xf, 0xff,
    0xf8, 0x0, 0x0, 0x0, 0xcf, 0xff, 0xc0, 0x5,
    0xff, 0xff, 0x20, 0x0, 0x0, 0x6, 0xff, 0xff,
    0x10, 0xbf, 0xff, 0xc0, 0x0, 0x0, 0x0, 0xf,
    0xff, 0xf6, 0xf, 0xff, 0xf6, 0x0, 0x0, 0x0,
    0x0, 0x9f, 0xff, 0xb5, 0xff, 0xff, 0x0, 0x0,
    0x0, 0x0, 0x3, 0xff, 0xff, 0xaf, 0xff, 0x90,
    0x0, 0x0, 0x0, 0x0, 0xd, 0xff, 0xff, 0xff,
    0xf3, 0x0, 0x0, 0x0, 0x0, 0x0, 0x6f, 0xff,
    0xff, 0xfd, 0x0, 0x0, 0x0, 0x0, 0x0, 0x1,
    0xff, 0xff, 0xff, 0x70, 0x0, 0x0, 0x0, 0x0,
    0x0, 0xa, 0xff, 0xff, 0xf1, 0x0, 0x0, 0x0,
    0x0, 0x0, 0x0, 0x5f, 0xff, 0xfa, 0x0, 0x0,
    0x0, 0x0, 0x0, 0x0, 0x8, 0xff, 0xff, 0x40,
    0x0, 0x0, 0x0, 0x0, 0x0, 0x0, 0xef, 0xff,
    0xd0, 0x0, 0x0, 0x0, 0x0, 0x6, 0xba, 0xef,
    0xff, 0xf7, 0x0, 0x0, 0x0, 0x0, 0x0, 0xbf,
    0xff, 0xff, 0xfd, 0x0, 0x0, 0x0, 0x0, 0x0,
    0xd, 0xff, 0xff, 0xfe, 0x20, 0x0, 0x0, 0x0,
    0x0, 0x0, 0xdf, 0xff, 0xd8, 0x10, 0x0, 0x0,
    0x0, 0x0, 0x0,

    /* U+007A "z" */
    0x3f, 0xff, 0xff, 0xff, 0xff, 0xff, 0xff, 0x93,
    0xff, 0xff, 0xff, 0xff, 0xff, 0xff, 0xf9, 0x3f,
    0xff, 0xff, 0xff, 0xff, 0xff, 0xff, 0x92, 0xbb,
    0xbb, 0xbb, 0xbb, 0xff, 0xff, 0xf4, 0x0, 0x0,
    0x0, 0x0, 0x9f, 0xff, 0xf8, 0x0, 0x0, 0x0,
    0x0, 0x6f, 0xff, 0xfb, 0x0, 0x0, 0x0, 0x0,
    0x3f, 0xff, 0xfd, 0x10, 0x0, 0x0, 0x0, 0x1e,
    0xff, 0xff, 0x20, 0x0, 0x0, 0x0, 0xc, 0xff,
    0xff, 0x50, 0x0, 0x0, 0x0, 0xa, 0xff, 0xff,
    0x80, 0x0, 0x0, 0x0, 0x7, 0xff, 0xff, 0xb0,
    0x0, 0x0, 0x0, 0x4, 0xff, 0xff, 0xe1, 0x0,
    0x0, 0x0, 0x2, 0xef, 0xff, 0xf3, 0x0, 0x0,
    0x0, 0x0, 0xdf, 0xff, 0xfe, 0xbb, 0xbb, 0xbb,
    0xb8, 0x5f, 0xff, 0xff, 0xff, 0xff, 0xff, 0xff,
    0xc5, 0xff, 0xff, 0xff, 0xff, 0xff, 0xff, 0xfc,
    0x5f, 0xff, 0xff, 0xff, 0xff, 0xff, 0xff, 0xc0,

    /* U+007B "{" */
    0x0, 0x0, 0x0, 0x0, 0x25, 0x67, 0x10, 0x0,
    0x0, 0x4, 0xdf, 0xff, 0xf2, 0x0, 0x0, 0x5,
    0xff, 0xff, 0xff, 0x20, 0x0, 0x0, 0xef, 0xff,
    0xff, 0xf2, 0x0, 0x0, 0x4f, 0xff, 0xfc, 0x30,
    0x0, 0x0, 0x7, 0xff, 0xff, 0x20, 0x0, 0x0,
    0x0, 0x8f, 0xff, 0xe0, 0x0, 0x0, 0x0, 0x8,
    0xff, 0xfe, 0x0, 0x0, 0x0, 0x0, 0x8f, 0xff,
    0xe0, 0x0, 0x0, 0x0, 0x8, 0xff, 0xfe, 0x0,
    0x0, 0x0, 0x0, 0x9f, 0xff, 0xd0, 0x0, 0x0,
    0x0, 0xe, 0xff, 0xfb, 0x0, 0x0, 0x4, 0x5c,
    0xff, 0xff, 0x50, 0x0, 0x0, 0xff, 0xff, 0xff,
    0x60, 0x0, 0x0, 0xf, 0xff, 0xfc, 0x10, 0x0,
    0x0, 0x0, 0xff, 0xff, 0xfe, 0x50, 0x0, 0x0,
    0xf, 0xff, 0xff, 0xff, 0x40, 0x0, 0x0, 0x2,
    0xaf, 0xff, 0xfb, 0x0, 0x0, 0x0, 0x0, 0xdf,
    0xff, 0xd0, 0x0, 0x0, 0x0, 0x9, 0xff, 0xfe,
    0x0, 0x0, 0x0, 0x0, 0x8f, 0xff, 0xe0, 0x0,
    0x0, 0x0, 0x8, 0xff, 0xfe, 0x0, 0x0, 0x0,
    0x0, 0x8f, 0xff, 0xe0, 0x0, 0x0, 0x0, 0x8,
    0xff, 0xff, 0x0, 0x0, 0x0, 0x0, 0x6f, 0xff,
    0xf6, 0x0, 0x0, 0x0, 0x2, 0xff, 0xff, 0xfb,
    0x81, 0x0, 0x0, 0xb, 0xff, 0xff, 0xff, 0x20,
    0x0, 0x0, 0x1d, 0xff, 0xff, 0xf2, 0x0, 0x0,
    0x0, 0x5, 0xad, 0xff, 0x20,

    /* U+007C "|" */
    0x5c, 0xcc, 0xa7, 0xff, 0xfe, 0x7f, 0xff, 0xe7,
    0xff, 0xfe, 0x7f, 0xff, 0xe7, 0xff, 0xfe, 0x7f,
    0xff, 0xe7, 0xff, 0xfe, 0x7f, 0xff, 0xe7, 0xff,
    0xfe, 0x7f, 0xff, 0xe7, 0xff, 0xfe, 0x7f, 0xff,
    0xe7, 0xff, 0xfe, 0x7f, 0xff, 0xe7, 0xff, 0xfe,
    0x7f, 0xff, 0xe7, 0xff, 0xfe, 0x7f, 0xff, 0xe7,
    0xff, 0xfe, 0x7f, 0xff, 0xe7, 0xff, 0xfe, 0x7f,
    0xff, 0xe7, 0xff, 0xfe, 0x7f, 0xff, 0xe7, 0xff,
    0xfe, 0x7f, 0xff, 0xe7, 0xff, 0xfe, 0x7f, 0xff,
    0xe7, 0xff, 0xfe, 0x7f, 0xff, 0xe7, 0xff, 0xfe,
    0x7f, 0xff, 0xe7, 0xff, 0xfe, 0x7f, 0xff, 0xe7,
    0xff, 0xfe, 0x7f, 0xff, 0xe7, 0xff, 0xfe,

    /* U+007D "}" */
    0x57, 0x63, 0x0, 0x0, 0x0, 0x0, 0xbf, 0xff,
    0xf9, 0x0, 0x0, 0x0, 0xbf, 0xff, 0xff, 0xc0,
    0x0, 0x0, 0xbf, 0xff, 0xff, 0xf6, 0x0, 0x0,
    0x1, 0x7f, 0xff, 0xfc, 0x0, 0x0, 0x0, 0xa,
    0xff, 0xff, 0x0, 0x0, 0x0, 0x7, 0xff, 0xff,
    0x0, 0x0, 0x0, 0x6, 0xff, 0xff, 0x0, 0x0,
    0x0, 0x6, 0xff, 0xff, 0x0, 0x0, 0x0, 0x6,
    0xff, 0xff, 0x0, 0x0, 0x0, 0x6, 0xff, 0xff,
    0x10, 0x0, 0x0, 0x4, 0xff, 0xff, 0x60, 0x0,
    0x0, 0x0, 0xdf, 0xff, 0xf7, 0x42, 0x0, 0x0,
    0x1c, 0xff, 0xff, 0xf8, 0x0, 0x0, 0x0, 0x6f,
    0xff, 0xf8, 0x0, 0x0, 0x1b, 0xff, 0xff, 0xf8,
    0x0, 0x0, 0xcf, 0xff, 0xff, 0xf8, 0x0, 0x3,
    0xff, 0xff, 0xe5, 0x10, 0x0, 0x6, 0xff, 0xff,
    0x50, 0x0, 0x0, 0x6, 0xff, 0xff, 0x10, 0x0,
    0x0, 0x6, 0xff, 0xff, 0x0, 0x0, 0x0, 0x6,
    0xff, 0xff, 0x0, 0x0, 0x0, 0x6, 0xff, 0xff,
    0x0, 0x0, 0x0, 0x8, 0xff, 0xff, 0x0, 0x0,
    0x0, 0xe, 0xff, 0xfe, 0x0, 0x0, 0x59, 0xef,
    0xff, 0xfa, 0x0, 0x0, 0xbf, 0xff, 0xff, 0xf3,
    0x0, 0x0, 0xbf, 0xff, 0xff, 0x60, 0x0, 0x0,
    0xbf, 0xec, 0x82, 0x0, 0x0, 0x0,

    /* U+007E "~" */
    0x0, 0x3b, 0xff, 0xc6, 0x0, 0x0, 0x4, 0x77,
    0x70, 0x5, 0xff, 0xff, 0xff, 0xc1, 0x0, 0xa,
    0xff, 0xf0, 0x1f, 0xff, 0xff, 0xff, 0xfd, 0x30,
    0x2f, 0xff, 0xe0, 0x6f, 0xff, 0xfe, 0xff, 0xff,
    0xfe, 0xff, 0xff, 0xa0, 0xaf, 0xff, 0x60, 0x1b,
    0xff, 0xff, 0xff, 0xff, 0x40, 0xbf, 0xff, 0x0,
    0x0, 0x8f, 0xff, 0xff, 0xf9, 0x0, 0x57, 0x76,
    0x0, 0x0, 0x3, 0xbf, 0xfc, 0x60, 0x0,

    /* U+00B0 "°" */
    0x0, 0x5, 0xbf, 0xfd, 0x70, 0x0, 0x0, 0x9f,
    0xff, 0xff, 0xfd, 0x10, 0x7, 0xff, 0xff, 0xff,
    0xff, 0xc0, 0xf, 0xff, 0xc3, 0x29, 0xff, 0xf4,
    0x4f, 0xff, 0x10, 0x0, 0xbf, 0xf9, 0x6f, 0xfc,
    0x0, 0x0, 0x7f, 0xfa, 0x4f, 0xfe, 0x0, 0x0,
    0xaf, 0xf9, 0xf, 0xff, 0xc3, 0x28, 0xff, 0xf4,
    0x7, 0xff, 0xff, 0xff, 0xff, 0xc0, 0x0, 0x9f,
    0xff, 0xff, 0xfd, 0x10, 0x0, 0x5, 0xbf, 0xfd,
    0x70, 0x0
};


/*---------------------
 *  GLYPH DESCRIPTION
 *--------------------*/

static const lv_font_fmt_txt_glyph_dsc_t glyph_dsc[] = {
    {.bitmap_index = 0, .adv_w = 0, .box_w = 0, .box_h = 0, .ofs_x = 0, .ofs_y = 0} /* id = 0 reserved */,
    {.bitmap_index = 0, .adv_w = 115, .box_w = 0, .box_h = 0, .ofs_x = 0, .ofs_y = 0},
    {.bitmap_index = 0, .adv_w = 147, .box_w = 7, .box_h = 23, .ofs_x = 1, .ofs_y = 0},
    {.bitmap_index = 81, .adv_w = 260, .box_w = 12, .box_h = 10, .ofs_x = 2, .ofs_y = 13},
    {.bitmap_index = 141, .adv_w = 326, .box_w = 21, .box_h = 23, .ofs_x = 0, .ofs_y = 0},
    {.bitmap_index = 383, .adv_w = 335, .box_w = 19, .box_h = 30, .ofs_x = 1, .ofs_y = -3},
    {.bitmap_index = 668, .adv_w = 498, .box_w = 27, .box_h = 23, .ofs_x = 2, .ofs_y = 0},
    {.bitmap_index = 979, .adv_w = 337, .box_w = 21, .box_h = 23, .ofs_x = 1, .ofs_y = 0},
    {.bitmap_index = 1221, .adv_w = 154, .box_w = 5, .box_h = 10, .ofs_x = 2, .ofs_y = 13},
    {.bitmap_index = 1246, .adv_w = 180, .box_w = 9, .box_h = 29, .ofs_x = 2, .ofs_y = -4},
    {.bitmap_index = 1377, .adv_w = 180, .box_w = 10, .box_h = 29, .ofs_x = 0, .ofs_y = -4},
    {.bitmap_index = 1522, .adv_w = 280, .box_w = 14, .box_h = 13, .ofs_x = 2, .ofs_y = 10},
    {.bitmap_index = 1613, .adv_w = 341, .box_w = 17, .box_h = 16, .ofs_x = 2, .ofs_y = 1},
    {.bitmap_index = 1749, .adv_w = 146, .box_w = 7, .box_h = 9, .ofs_x = 1, .ofs_y = -5},
    {.bitmap_index = 1781, .adv_w = 233, .box_w = 12, .box_h = 4, .ofs_x = 1, .ofs_y = 7},
    {.bitmap_index = 1805, .adv_w = 146, .box_w = 7, .box_h = 6, .ofs_x = 1, .ofs_y = 0},
    {.bitmap_index = 1826, .adv_w = 192, .box_w = 12, .box_h = 28, .ofs_x = 0, .ofs_y = -3},
    {.bitmap_index = 1994, .adv_w = 338, .box_w = 19, .box_h = 23, .ofs_x = 1, .ofs_y = 0},
    {.bitmap_index = 2213, .adv_w = 209, .box_w = 12, .box_h = 23, .ofs_x = 0, .ofs_y = 0},
    {.bitmap_index = 2351, .adv_w = 314, .box_w = 18, .box_h = 23, .ofs_x = 1, .ofs_y = 0},
    {.bitmap_index = 2558, .adv_w = 323, .box_w = 18, .box_h = 23, .ofs_x = 1, .ofs_y = 0},
    {.bitmap_index = 2765, .adv_w = 341, .box_w = 20, .box_h = 23, .ofs_x = 1, .ofs_y = 0},
    {.bitmap_index = 2995, .adv_w = 312, .box_w = 18, .box_h = 23, .ofs_x = 1, .ofs_y = 0},
    {.bitmap_index = 3202, .adv_w = 324, .box_w = 19, .box_h = 23, .ofs_x = 1, .ofs_y = 0},
    {.bitmap_index = 3421, .adv_w = 289, .box_w = 18, .box_h = 23, .ofs_x = 0, .ofs_y = 0},
    {.bitmap_index = 3628, .adv_w = 323, .box_w = 18, .box_h = 23, .ofs_x = 1, .ofs_y = 0},
    {.bitmap_index = 3835, .adv_w = 324, .box_w = 19, .box_h = 23, .ofs_x = 1, .ofs_y = 0},
    {.bitmap_index = 4054, .adv_w = 146, .box_w = 7, .box_h = 17, .ofs_x = 1, .ofs_y = 0},
    {.bitmap_index = 4114, .adv_w = 148, .box_w = 7, .box_h = 22, .ofs_x = 1, .ofs_y = -5},
    {.bitmap_index = 4191, .adv_w = 341, .box_w = 17, .box_h = 19, .ofs_x = 2, .ofs_y = 0},
    {.bitmap_index = 4353, .adv_w = 341, .box_w = 17, .box_h = 11, .ofs_x = 2, .ofs_y = 4},
    {.bitmap_index = 4447, .adv_w = 341, .box_w = 17, .box_h = 19, .ofs_x = 2, .ofs_y = 0},
    {.bitmap_index = 4609, .adv_w = 289, .box_w = 16, .box_h = 23, .ofs_x = 1, .ofs_y = 0},
    {.bitmap_index = 4793, .adv_w = 518, .box_w = 31, .box_h = 29, .ofs_x = 1, .ofs_y = -6},
    {.bitmap_index = 5243, .adv_w = 373, .box_w = 23, .box_h = 23, .ofs_x = 0, .ofs_y = 0},
    {.bitmap_index = 5508, .adv_w = 334, .box_w = 19, .box_h = 23, .ofs_x = 1, .ofs_y = 0},
    {.bitmap_index = 5727, .adv_w = 375, .box_w = 22, .box_h = 23, .ofs_x = 1, .ofs_y = 0},
    {.bitmap_index = 5980, .adv_w = 364, .box_w = 21, .box_h = 23, .ofs_x = 1, .ofs_y = 0},
    {.bitmap_index = 6222, .adv_w = 311, .box_w = 18, .box_h = 23, .ofs_x = 1, .ofs_y = 0},
    {.bitmap_index = 6429, .adv_w = 299, .box_w = 17, .box_h = 23, .ofs_x = 1, .ofs_y = 0},
    {.bitmap_index = 6625, .adv_w = 380, .box_w = 22, .box_h = 23, .ofs_x = 1, .ofs_y = 0},
    {.bitmap_index = 6878, .adv_w = 374, .box_w = 21, .box_h = 23, .ofs_x = 1, .ofs_y = 0},
    {.bitmap_index = 7120, .adv_w = 138, .box_w = 6, .box_h = 23, .ofs_x = 1, .ofs_y = 0},
    {.bitmap_index = 7189, .adv_w = 293, .box_w = 17, .box_h = 23, .ofs_x = 0, .ofs_y = 0},
    {.bitmap_index = 7385, .adv_w = 359, .box_w = 21, .box_h = 23, .ofs_x = 1, .ofs_y = 0},
    {.bitmap_index = 7627, .adv_w = 287, .box_w = 17, .box_h = 23, .ofs_x = 1, .ofs_y = 0},
    {.bitmap_index = 7823, .adv_w = 466, .box_w = 27, .box_h = 23, .ofs_x = 1, .ofs_y = 0},
    {.bitmap_index = 8134, .adv_w = 380, .box_w = 21, .box_h = 23, .ofs_x = 1, .ofs_y = 0},
    {.bitmap_index = 8376, .adv_w = 388, .box_w = 23, .box_h = 23, .ofs_x = 1, .ofs_y = 0},
    {.bitmap_index = 8641, .adv_w = 327, .box_w = 19, .box_h = 23, .ofs_x = 1, .ofs_y = 0},
    {.bitmap_index = 8860, .adv_w = 389, .box_w = 23, .box_h = 25, .ofs_x = 1, .ofs_y = -2},
    {.bitmap_index = 9148, .adv_w = 335, .box_w = 20, .box_h = 23, .ofs_x = 1, .ofs_y = 0},
    {.bitmap_index = 9378, .adv_w = 335, .box_w = 19, .box_h = 23, .ofs_x = 1, .ofs_y = 0},
    {.bitmap_index = 9597, .adv_w = 333, .box_w = 20, .box_h = 23, .ofs_x = 0, .ofs_y = 0},
    {.bitmap_index = 9827, .adv_w = 367, .box_w = 21, .box_h = 23, .ofs_x = 1, .ofs_y = 0},
    {.bitmap_index = 10069, .adv_w = 371, .box_w = 23, .box_h = 23, .ofs_x = 0, .ofs_y = 0},
    {.bitmap_index = 10334, .adv_w = 520, .box_w = 33, .box_h = 23, .ofs_x = 0, .ofs_y = 0},
    {.bitmap_index = 10714, .adv_w = 366, .box_w = 23, .box_h = 23, .ofs_x = 0, .ofs_y = 0},
    {.bitmap_index = 10979, .adv_w = 363, .box_w = 23, .box_h = 23, .ofs_x = 0, .ofs_y = 0},
    {.bitmap_index = 11244, .adv_w = 332, .box_w = 19, .box_h = 23, .ofs_x = 1, .ofs_y = 0},
    {.bitmap_index = 11463, .adv_w = 180, .box_w = 8, .box_h = 29, .ofs_x = 2, .ofs_y = -4},
    {.bitmap_index = 11579, .adv_w = 192, .box_w = 12, .box_h = 28, .ofs_x = 0, .ofs_y = -3},
    {.bitmap_index = 11747, .adv_w = 180, .box_w = 8, .box_h = 29, .ofs_x = 1, .ofs_y = -4},
    {.bitmap_index = 11863, .adv_w = 243, .box_w = 15, .box_h = 10, .ofs_x = 0, .ofs_y = 13},
    {.bitmap_index = 11938, .adv_w = 244, .box_w = 16, .box_h = 4, .ofs_x = 0, .ofs_y = -4},
    {.bitmap_index = 11970, .adv_w = 167, .box_w = 8, .box_h = 5, .ofs_x = 1, .ofs_y = 19},
    {.bitmap_index = 11990, .adv_w = 289, .box_w = 16, .box_h = 17, .ofs_x = 1, .ofs_y = 0},
    {.bitmap_index = 12126, .adv_w = 314, .box_w = 18, .box_h = 23, .ofs_x = 1, .ofs_y = 0},
    {.bitmap_index = 12333, .adv_w = 292, .box_w = 17, .box_h = 17, .ofs_x = 1, .ofs_y = 0},
    {.bitmap_index = 12478, .adv_w = 314, .box_w = 17, .box_h = 23, .ofs_x = 1, .ofs_y = 0},
    {.bitmap_index = 12674, .adv_w = 295, .box_w = 17, .box_h = 17, .ofs_x = 1, .ofs_y = 0},
    {.bitmap_index = 12819, .adv_w = 196, .box_w = 12, .box_h = 23, .ofs_x = 0, .ofs_y = 0},
    {.bitmap_index = 12957, .adv_w = 314, .box_w = 17, .box_h = 23, .ofs_x = 1, .ofs_y = -6},
    {.bitmap_index = 13153, .adv_w = 308, .box_w = 17, .box_h = 23, .ofs_x = 1, .ofs_y = 0},
    {.bitmap_index = 13349, .adv_w = 132, .box_w = 6, .box_h = 24, .ofs_x = 1, .ofs_y = 0},
    {.bitmap_index = 13421, .adv_w = 132, .box_w = 8, .box_h = 30, .ofs_x = -1, .ofs_y = -6},
    {.bitmap_index = 13541, .adv_w = 289, .box_w = 18, .box_h = 23, .ofs_x = 1, .ofs_y = 0},
    {.bitmap_index = 13748, .adv_w = 132, .box_w = 6, .box_h = 23, .ofs_x = 1, .ofs_y = 0},
    {.bitmap_index = 13817, .adv_w = 459, .box_w = 26, .box_h = 17, .ofs_x = 1, .ofs_y = 0},
    {.bitmap_index = 14038, .adv_w = 308, .box_w = 17, .box_h = 17, .ofs_x = 1, .ofs_y = 0},
    {.bitmap_index = 14183, .adv_w = 305, .box_w = 17, .box_h = 17, .ofs_x = 1, .ofs_y = 0},
    {.bitmap_index = 14328, .adv_w = 314, .box_w = 18, .box_h = 23, .ofs_x = 1, .ofs_y = -6},
    {.bitmap_index = 14535, .adv_w = 314, .box_w = 17, .box_h = 23, .ofs_x = 1, .ofs_y = -6},
    {.bitmap_index = 14731, .adv_w = 199, .box_w = 11, .box_h = 18, .ofs_x = 1, .ofs_y = 0},
    {.bitmap_index = 14830, .adv_w = 276, .box_w = 16, .box_h = 17, .ofs_x = 1, .ofs_y = 0},
    {.bitmap_index = 14966, .adv_w = 188, .box_w = 12, .box_h = 21, .ofs_x = 0, .ofs_y = 0},
    {.bitmap_index = 15092, .adv_w = 308, .box_w = 17, .box_h = 17, .ofs_x = 1, .ofs_y = 0},
    {.bitmap_index = 15237, .adv_w = 294, .box_w = 19, .box_h = 17, .ofs_x = 0, .ofs_y = 0},
    {.bitmap_index = 15399, .adv_w = 426, .box_w = 27, .box_h = 17, .ofs_x = 0, .ofs_y = 0},
    {.bitmap_index = 15629, .adv_w = 285, .box_w = 18, .box_h = 17, .ofs_x = 0, .ofs_y = 0},
    {.bitmap_index = 15782, .adv_w = 295, .box_w = 19, .box_h = 23, .ofs_x = 0, .ofs_y = -6},
    {.bitmap_index = 16001, .adv_w = 279, .box_w = 15, .box_h = 17, .ofs_x = 1, .ofs_y = 0},
    {.bitmap_index = 16129, .adv_w = 232, .box_w = 13, .box_h = 29, .ofs_x = 1, .ofs_y = -4},
    {.bitmap_index = 16318, .adv_w = 183, .box_w = 5, .box_h = 38, .ofs_x = 3, .ofs_y = -7},
    {.bitmap_index = 16413, .adv_w = 232, .box_w = 12, .box_h = 29, .ofs_x = 1, .ofs_y = -4},
    {.bitmap_index = 16587, .adv_w = 341, .box_w = 18, .box_h = 7, .ofs_x = 2, .ofs_y = 6},
    {.bitmap_index = 16650, .adv_w = 229, .box_w = 12, .box_h = 11, .ofs_x = 1, .ofs_y = 12}
};

/*---------------------
 *  CHARACTER MAPPING
 *--------------------*/



/*Collect the unicode lists and glyph_id offsets*/
static const lv_font_fmt_txt_cmap_t cmaps[] =
{
    {
        .range_start = 32, .range_length = 95, .glyph_id_start = 1,
        .unicode_list = NULL, .glyph_id_ofs_list = NULL, .list_length = 0, .type = LV_FONT_FMT_TXT_CMAP_FORMAT0_TINY
    },
    {
        .range_start = 176, .range_length = 1, .glyph_id_start = 96,
        .unicode_list = NULL, .glyph_id_ofs_list = NULL, .list_length = 0, .type = LV_FONT_FMT_TXT_CMAP_FORMAT0_TINY
    }
};

/*-----------------
 *    KERNING
 *----------------*/


/*Map glyph_ids to kern left classes*/
static const uint8_t kern_left_class_mapping[] =
{
    0, 0, 0, 1, 0, 2, 0, 3,
    1, 4, 0, 5, 6, 7, 6, 7,
    8, 9, 10, 0, 11, 12, 13, 0,
    14, 11, 9, 15, 15, 0, 16, 17,
    18, 19, 20, 21, 22, 23, 0, 24,
    25, 26, 26, 27, 28, 29, 26, 26,
    23, 30, 23, 31, 32, 33, 27, 34,
    35, 36, 37, 38, 4, 39, 0, 5,
    40, 0, 41, 42, 42, 26, 42, 43,
    44, 41, 45, 45, 46, 26, 41, 41,
    42, 42, 44, 47, 48, 49, 50, 51,
    52, 53, 51, 54, 4, 10, 0, 55,
    5
};

/*Map glyph_ids to kern right classes*/
static const uint8_t kern_right_class_mapping[] =
{
    0, 0, 0, 1, 0, 2, 0, 3,
    1, 0, 4, 5, 6, 7, 8, 9,
    10, 11, 12, 0, 13, 14, 0, 11,
    15, 13, 0, 16, 16, 17, 18, 0,
    19, 20, 21, 22, 23, 22, 22, 22,
    23, 22, 22, 24, 22, 22, 22, 22,
    23, 22, 23, 22, 25, 26, 27, 28,
    29, 30, 31, 32, 0, 33, 4, 34,
    35, 0, 36, 22, 37, 37, 37, 38,
    37, 22, 39, 40, 22, 22, 41, 41,
    37, 41, 37, 41, 42, 43, 44, 45,
    46, 47, 45, 48, 0, 49, 4, 50,
    51
};

/*Kern values between classes*/
static const int8_t kern_class_values[] =
{
    0, 0, 0, 0, 0, 0, 0, 0,
    0, 0, 0, 0, 0, 0, 0, 0,
    0, 0, 0, 0, -40, 0, 0, -84,
    0, 0, 0, 0, 0, 0, 0, 0,
    0, 0, 0, 0, -14, 0, 0, 0,
    0, -9, 0, 0, 0, 0, 0, 0,
    0, 0, 0, 0, 0, 0, 0, 0,
    0, 0, 0, 0, 0, 0, 0, 0,
    0, 0, 0, 0, 0, 0, 0, -8,
    0, 0, 0, 0, -7, 0, 0, 0,
    -10, 0, 0, 0, 0, 0, 0, 0,
    0, 0, 0, 0, 0, 0, 0, 0,
    0, 0, 0, 0, 0, 0, 0, 0,
    0, 0, 0, 0, 0, 0, 0, 0,
    0, 0, 0, 0, 0, 0, 0, 0,
    0, 0, 0, 0, 0, 0, 0, -29,
    0, -32, -20, 0, -38, 0, 0, 0,
    0, 0, 0, 0, 0, 0, 0, 0,
    0, 0, -17, -17, 0, 0, 0, 0,
    0, 0, 0, 0, 0, 0, 0, 0,
    0, 0, 0, 0, 0, 0, 0, 0,
    0, 0, 0, 0, 0, 0, 4, 0,
    0, 0, 0, 0, 0, 0, 0, 0,
    0, 0, 0, 0, 0, -3, 0, 0,
    7, 4, 0, 0, 0, 0, 0, 0,
    0, 0, 0, 0, 0, 0, 0, 0,
    0, 0, 0, 0, 0, 0, 0, 0,
    0, 0, 0, 0, 0, 0, 0, 0,
    -48, 0, -4, -49, 0, 0, 0, 0,
    0, 0, 0, 0, 0, 0, 0, 0,
    0, 0, 0, 0, 0, 0, 0, 0,
    0, 0, 0, 0, 0, 0, 0, 0,
    0, 0, 0, 0, 0, 0, 0, 0,
    0, 0, 0, 0, 0, 0, 0, 0,
    0, 0, 0, -17, 0, 0, -23, 0,
    -39, 0, -23, -17, -22, -33, 0, 0,
    0, 0, 0, 0, 0, 0, 0, 0,
    0, 0, 0, -6, 0, -11, 0, 0,
    0, 0, 0, 0, 0, 0, 0, 0,
    0, 0, 0, 0, 0, 0, 0, 0,
    0, 0, 0, 0, 0, 0, 0, 0,
    -22, 0, 0, -17, 0, 0, 0, 0,
    -33, 0, 0, 0, 0, 0, 0, 0,
    0, 0, 0, 0, 0, 0, 0, 0,
    0, 0, 0, 0, 0, 0, 0, 0,
    0, 0, 0, 0, 0, 0, 0, 0,
    0, 0, 0, 0, 0, 0, 0, 0,
    0, -24, 0, 0, -32, 0, 0, 0,
    4, 4, 0, 0, 0, 0, 0, 0,
    0, 0, 0, 0, 0, 0, 0, 0,
    0, 0, 0, 0, 0, 0, 0, 0,
    0, 0, 0, 0, 0, 0, 0, 0,
    0, 0, 0, 0, 0, 0, 0, 0,
    0, 0, 0, 0, -9, 0, 0, 0,
    0, 0, 0, -17, 0, -20, -17, 0,
    0, 0, 0, 0, 0, 0, 0, 0,
    0, 0, 10, 0, 0, 0, 0, 0,
    0, 0, 0, 0, 0, 0, 0, 0,
    0, 0, 0, 0, 0, 0, 0, 0,
    0, 0, 0, 0, 0, 0, 0, 0,
    0, 0, 0, 0, 0, 0, 0, 0,
    0, 0, 0, 0, 0, 0, 0, 0,
    0, 0, 0, 0, 0, 5, 0, 5,
    0, 0, 0, 0, 0, 0, 0, 0,
    0, 0, 0, 0, 0, 0, 0, 0,
    0, 0, 0, 0, 0, 0, 0, 0,
    0, 0, 0, 0, 0, 0, 0, 0,
    0, 0, 0, -11, 0, 0, 0, 0,
    0, 0, 0, 0, 0, 0, 0, 0,
    0, 0, 0, 0, 0, 0, 0, 0,
    0, 0, 0, 0, 0, 0, 0, 0,
    0, 0, 0, 0, 0, 0, 0, 0,
    0, 0, 0, 0, 0, -1, 0, 0,
    0, 0, 0, 0, 0, 0, 0, 0,
    0, 0, 0, 0, 0, 0, 0, 0,
    0, 0, 0, -9, 0, 0, 0, 0,
    0, 0, 0, 0, 0, 0, 0, 0,
    0, 0, 0, 0, 0, 0, 0, 0,
    0, 0, 0, 0, 0, 0, 0, 0,
    0, 0, 0, 0, 0, 0, 0, 0,
    0, 0, 0, 0, 0, 0, 0, 0,
    0, 0, 0, 0, 0, 0, -4, 0,
    0, 0, 0, 0, 0, 0, 0, 0,
    0, 0, 0, 0, 0, 0, 0, 0,
    0, 0, 0, 0, 0, 0, 0, 0,
    0, 0, 0, -55, 0, 0, -49, 0,
    0, 0, 0, 0, 0, 0, 0, 0,
    0, 0, -23, -26, 0, 0, 0, -26,
    -26, 0, 0, 0, 0, 0, 0, 0,
    0, 0, 0, 0, 0, 0, 0, 0,
    0, 0, 0, 0, 0, 0, 0, 0,
    0, 0, 0, 0, 0, 0, 0, 0,
    0, 0, 0, -17, 0, -32, 0, 0,
    0, 0, 0, 0, 0, 0, 0, 0,
    0, 0, 0, 0, 0, 0, 0, 0,
    0, 0, 0, 0, 0, 0, 0, 0,
    0, 0, 0, 0, 0, 0, 0, 0,
    0, 0, 0, 0, 0, 0, 0, 0,
    0, -26, 0, 0, 0, 0, -23, 0,
    -35, -32, -26, -49, 0, 0, 0, 0,
    0, 0, 0, 0, 0, 0, 0, 0,
    0, -20, 0, -17, 0, 0, 0, 0,
    0, 0, 0, 0, 0, 0, 0, 0,
    0, 0, 0, 0, 0, 0, 0, 0,
    0, 0, 0, 0, -19, 0, 0, 0,
    0, -40, 0, -38, -38, -29, -46, -32,
    0, 0, 0, 0, 0, 0, 0, 0,
    0, 0, 0, 0, 0, 0, 0, 0,
    0, 0, 0, 0, 0, 0, 0, 0,
    0, 0, 0, 0, 0, 0, 0, 0,
    0, 0, 0, 0, 0, 0, 0, -32,
    0, 0, 0, 0, 0, 0, 0, 0,
    0, 0, 0, 0, 0, 0, 0, 0,
    0, 0, 0, 0, 0, 0, 0, 0,
    0, 0, 0, 0, 0, 0, 0, 0,
    0, 0, 0, 0, 0, 0, 0, 0,
    0, 0, 0, 0, 0, 0, 0, 0,
    0, 0, -21, 0, 0, 0, 0, -18,
    0, -22, -14, -30, -24, 0, 0, 0,
    0, 0, 0, 0, 0, 0, 0, 0,
    0, 0, 0, 0, 0, 0, 0, 0,
    0, -40, -8, 0, 0, -48, -17, 0,
    -17, 0, 7, -9, -39, 0, 0, 0,
    0, -19, -26, -32, -21, 7, 0, -21,
    0, -8, -48, -17, -49, -41, 0, -48,
    0, -49, -48, 0, 0, -11, -8, 1,
    0, 0, -6, -17, 0, -35, -35, 0,
    0, 0, -17, -48, 0, 0, 0, 0,
    0, 0, 0, 0, 0, 0, 0, 0,
    0, 0, 0, 0, 0, 0, 0, 0,
    0, 0, 0, 0, 0, -21, 0, 0,
    0, 0, 0, 0, 0, 0, 0, 0,
    0, 0, 0, 0, 0, 0, 0, 0,
    0, 0, 0, 0, 0, 0, 0, 0,
    0, 0, 0, 0, 0, 0, 0, 0,
    0, 0, 0, 0, 0, 0, 0, 0,
    0, 0, 0, -13, 0, 0, 0, 0,
    0, 0, 0, 0, -7, 0, 0, 0,
    0, -20, 0, 0, 0, 0, 0, 0,
    0, 0, 0, 3, 0, 0, 0, 0,
    0, 0, 0, 0, 0, 0, 0, 0,
    -22, 0, -22, -20, 0, 0, 0, 0,
    0, 0, 0, 0, 0, 0, -21, 0,
    0, 0, 0, -18, 0, -22, -14, -30,
    -24, 0, -22, 0, -20, 0, 0, 0,
    0, 0, 0, 0, 0, 0, 0, 0,
    0, 0, 0, 0, 0, 0, 0, 0,
    0, 0, 0, -20, 0, -17, -9, 0,
    0, 0, 0, 0, 0, 0, 0, 0,
    -1, -46, 0, -1, -35, 0, 0, 0,
    0, 0, 0, 0, 0, 0, 0, -17,
    -9, -8, 0, 0, 0, -7, 0, 0,
    -17, -17, 0, 0, -17, 0, 0, 0,
    0, 0, 0, 0, 0, 0, 0, 0,
    0, 0, 0, 0, 0, 0, 0, 0,
    0, 0, 0, 0, -16, 0, 0, 0,
    0, -16, 0, -11, 0, -7, -14, 0,
    -11, 0, 0, 0, 0, 0, 0, 0,
    0, 0, 0, 0, 0, 0, 0, 0,
    0, 0, 0, 0, 0, 0, 4, 0,
    0, 0, 0, 0, 0, 0, 0, 0,
    0, 0, 0, 0, 0, 0, 0, 0,
    0, 0, 0, 0, 0, 0, 0, 0,
    0, 0, 0, 0, 0, 4, 0, 0,
    0, 0, 0, 0, 0, 5, 0, 5,
    0, 0, 0, 0, 0, 0, 0, 0,
    0, 0, 0, 0, -17, 0, -17, -29,
    0, 0, 0, 0, 0, 0, 0, 0,
    0, 0, -17, 0, 0, 0, 0, 0,
    0, 0, 0, 0, 0, 0, 0, 0,
    -26, 0, 0, 0, 0, 0, 0, 0,
    0, 0, 0, 0, 0, 0, 0, 0,
    0, 0, -11, 0, 0, 0, -39, 0,
    -39, 0, 0, 0, 0, 0, 0, 0,
    0, -35, -17, 0, -24, 0, 0, -24,
    0, -11, 0, 0, 0, 0, 0, 0,
    0, 0, 0, 0, 0, -20, 0, 2,
    0, 0, 0, 0, -17, -20, -32, 0,
    0, 0, -39, 0, -46, 0, 0, 0,
    -20, -34, 0, -26, 0, 0, 0, -23,
    0, 0, 0, 0, 0, 0, -10, -14,
    0, 0, -14, 0, 0, -47, 0, -39,
    -19, 0, -58, 0, -39, -67, 0, 0,
    0, 0, 0, 0, 0, 0, -11, 0,
    -35, 0, 0, 0, 0, -20, -23, 0,
    0, -17, 0, 0, -11, -20, -11, -17,
    0, 0, 0, 0, 0, 0, 0, 0,
    0, 0, 0, -42, 0, 0, -49, 0,
    -2, 0, 0, 0, 0, 0, 0, 0,
    0, 0, -9, -9, 0, 0, 0, -1,
    0, 0, 0, 0, 0, 0, 0, 0,
    -11, 0, 0, 0, 0, 0, 0, 0,
    0, 0, 0, 0, 0, 0, 0, 0,
    0, 0, 0, 0, 0, -1, 0, 0,
    -1, 0, 0, -6, 0, -10, 0, 0,
    -15, 0, -10, 0, 0, -5, -10, 0,
    0, 0, 0, 0, 0, 0, 0, 0,
    0, 0, 0, 0, 0, 0, 0, 0,
    0, 0, 0, 0, 0, 0, 0, 0,
    0, 0, 0, -2, 0, 0, 0, 0,
    0, -8, 0, 0, 0, 0, -7, 0,
    0, 0, -10, 0, 0, 0, 0, 0,
    0, 0, 0, 0, 0, 0, 0, 0,
    0, 0, 0, 0, 0, 0, 0, 0,
    0, -3, -17, 0, 0, -33, -17, -33,
    -17, -26, -17, 0, 0, -35, -40, -17,
    -40, -17, 0, -18, -48, 0, -18, -46,
    -3, 0, 0, 0, 0, 0, 2, 0,
    0, 0, -29, -47, -52, -2, 0, 0,
    -34, -43, -40, -46, -38, -38, -21, -31,
    0, -33, 0, 0, 0, -26, 0, 0,
    -29, -49, -29, -49, -33, -17, 0, 0,
    -17, 0, -32, -38, -32, 0, -17, -49,
    0, -22, -49, 0, 0, 0, 9, 0,
    0, 0, 0, 9, 0, -40, -34, -36,
    0, 0, 0, -13, -23, 0, 0, 0,
    0, 0, 0, 0, -29, 0, 0, -3,
    -26, 0, 0, -21, -49, -21, -49, -16,
    0, 0, 0, -17, 0, -26, -38, -32,
    0, -14, -41, 0, -14, -32, -3, 0,
    0, 2, 10, 0, 0, 0, 2, 0,
    0, -29, -28, 0, 0, 0, -15, -17,
    0, 0, 0, 0, 0, 0, 0, -21,
    0, 0, -10, 0, 0, 0, -22, 0,
    -22, 0, 0, -20, 0, -11, -20, 0,
    0, -29, -26, 0, -30, 0, 0, -30,
    0, -10, -9, 0, 0, 0, 0, 0,
    0, 0, 0, 0, -29, -14, 0, 0,
    0, 0, 0, 0, 0, 0, 0, 0,
    0, 0, -17, 0, 0, 0, -32, 0,
    0, -33, -33, -33, -33, 0, 0, 0,
    0, -35, 0, -32, -52, -49, 0, -24,
    -48, 0, -24, -17, 0, 2, 0, 0,
    0, 0, 0, 0, 0, 0, 0, -57,
    -59, 0, -10, 0, -30, -35, 0, -20,
    0, 0, 0, 0, 0, -33, 0, 0,
    0, 0, 0, 0, -19, 0, -19, 0,
    0, 0, 0, 0, 0, 0, 0, -32,
    0, 0, -17, 0, 0, -17, 0, 0,
    0, 0, 0, 0, 0, 0, 0, 0,
    0, 0, 0, 0, 0, 0, 0, 0,
    0, 0, 0, 0, 0, 0, 0, 0,
    -19, 0, 0, 0, 0, 0, 0, 0,
    0, 0, 0, 0, 0, 0, 0, 0,
    0, 0, 0, 0, 0, 0, 7, 0,
    -21, 0, -8, -20, -17, -33, -30, 0,
    -48, 0, 0, 0, 0, 0, -11, -8,
    1, 0, 0, -6, -17, 0, -26, -35,
    0, 0, 0, 0, 0, 0, 0, 0,
    0, 0, 0, 0, 0, 0, 0, 0,
    0, 0, 0, 0, 0, 0, 0, 0,
    0, 0, 8, -20, 0, 0, -29, -20,
    -40, 0, 0, 0, 0, 0, 0, 0,
    0, 0, 0, 4, 49, 13, 0, 0,
    0, -40, 0, 0, 0, 0, 0, 0,
    -16, 0, 0, 0, 0, 0, 0, 0,
    0, 0, 0, -20, 0, 0, 0, 0,
    0, 0, 0, 0, 0, 0, 0, 0,
    0, -44, 0, -26, -26, 0, -49, 0,
    -26, 0, 0, 0, 0, 0, 0, 0,
    0, 0, 0, 0, -10, 0, 0, 0,
    0, 0, 0, -15, 0, 0, -6, 0,
    0, 0, 0, 0, 0, 0, -17, 0,
    0, 0, 0, 0, 0, 0, 0, -15,
    0, 0, 0, 0, -52, 0, -36, -28,
    -14, -59, 0, -36, 0, 0, 4, 0,
    0, 0, 0, 0, 0, 0, 0, -9,
    -7, -12, -11, 0, 0, 0, 0, 0,
    0, 0, 0, -10, -29, -10, -29, -7,
    0, 0, 0, -32, 0, 0, 0, 0,
    0, 0, -17, 0, 0, -32, 0, 0,
    0, 0, 0, 0, 2, 0, 0, 0,
    -7, -10, -8, -24, 2, 2, 0, -9,
    -21, 0, 2, 11, 0, 0, 0, -10,
    0, 0, 0, 0, 0, 0, 0, 0,
    0, 0, 0, 0, 0, 0, 0, 0,
    0, 0, 0, 0, 0, 0, 0, 0,
    0, 0, -26, 0, 0, 0, 0, 0,
    0, 0, 0, 0, 0, 0, 0, 0,
    5, 0, 0, 0, 0, 0, 0, 0,
    0, 0, 0, 0, 0, 0, 0, 5,
    0, 0, 0, 0, 0, 0, 0, 0,
    0, 0, 0, 0, 0, 0, 0, 0,
    0, 0, 0, 0, 0, 0, 0, 0,
    0, 0, 0, 0, 0, 0, 0, 0,
    0, 0, 0, 0, 0, 0, 2, 0,
    0, 0, 0, 0, 0, 0, 0, 0,
    0, 0, 0, 0, -29, 0, -29, 0,
    0, 0, 0, 0, -23, 0, 0, -43,
    0, 0, 0, 0, 0, 0, 0, 0,
    -29, 0, 0, 0, 0, 0, 0, 0,
    0, 0, 0, -11, 0, 0, 0, 0,
    0, 0, 0, 4, 0, 0, 0, 0,
    -29, 0, 0, 0, 0, 0, 0, -14,
    -32, -14, -32, -16, 0, 0, 0, 0,
    0, 0, -16, 0, 0, 0, -20, 4,
    0, -29, 0, -29, 0, 0, 0, 0,
    0, -17, 0, 0, 0, -5, -7, 10,
    3, 5, 4, 0, 10, 0, 8, 6,
    7, 0, 4, -14, 0, -9, 0, 0,
    0, 0, 0, 0, 0, 0, 0, 0,
    0, 0, 0, 0, 0, 0, 0, 0,
    0, 0, 0, 0, 0, 0, -38, 0,
    -23, -17, 0, -38, 0, -23, 0, 0,
    0, 0, 0, 0, 0, 0, 0, 3,
    0, -3, 0, 0, 0, 0, 0, 0,
    0, 0, 0, 0, 0, -8, 0, -8,
    0, 0, 0, 0, 0, -3, 0, 0,
    -14, 0, 0, 0, 0, 1, 0, 0,
    0, -17, 0, -2, -2, 0, -4, 0,
    -2, 0, 0, 4, -4, -18, 0, 3,
    0, -4, -14, 0, 12, 12, 0, 0,
    1, -8, 0, 0, 0, 0, 0, 0,
    -19, 0, -19, 0, -17, 0, 0, 0,
    0, 0, 0, -20, 0, 0, 0, 0,
    0, 0, 0, 0, -26, 0, 0, 0,
    0, -29, 0, 0, 0, -17, 0, 0,
    0, 0, 0, 0, 0, 0, 0, 0,
    0, 0, 0, 0, -19, 0, 0, 0,
    0, 0, 0, -15, -29, -15, -29, -29,
    0, 0, 0, 0, 0, 0, -17, -20,
    0, 0, -35, 3, 0, -32, 0, -17,
    0, 0, 0, 0, -17, 0, 0, 0,
    -40, -7, -9, 8, 0, 0, 0, -3,
    9, 0, 0, 0, 0, 0, 3, -15,
    0, 0, 0, -17, 0, 0, 0, -38,
    0, -38, 0, 0, 0, 0, 0, 0,
    0, 0, 0, 0, 0, -35, 0, 0,
    -29, 0, -26, 0, 0, 0, 0, 0,
    -17, 0, 0, 0, -3, -7, 0, 0,
    0, 0, 0, 0, 0, 0, 0, 0,
    0, 0, 0, 0, 0, 0, 0, 0,
    0, -11, 0, -11, 0, 0, 0, 0,
    0, 0, 0, 0, 0, -17, 0, 0,
    0, 0, 0, 0, 0, -16, 0, 0,
    0, 0, 0, 0, 0, 0, 0, -3,
    -13, 8, 0, 0, 0, 0, 8, 0,
    0, 0, 0, 0, 0, -11, 0, 0,
    0, 0, 0, 0, 0, 0, 0, 0,
    0, 0, 0, 0, 0, 0, 0, 0,
    0, 0, 0, 0, 0, 0, 0, 0,
    -17, 0, 0, 0, 0, 0, 0, 0,
    0, 0, 0, -11, 0, 0, 0, 0,
    0, 0, 0, 0, 0, 0, 0, 0,
    0, 0, 0, 0, 0, 0, 0, 0,
    0, 0, 0, 0, 0, 0, 0, 0,
    0, 0, 0, 0, 0, 0, -17, 0,
    0, -23, 0, -39, 0, -23, -17, -20,
    -33, 0, 0, 0, 0, 0, 0, 0,
    0, 0, 0, 0, 0, 0, -6, 0,
    -11, 0, 0, 0, 0
};


/*Collect the kern class' data in one place*/
static const lv_font_fmt_txt_kern_classes_t kern_classes =
{
    .class_pair_values   = kern_class_values,
    .left_class_mapping  = kern_left_class_mapping,
    .right_class_mapping = kern_right_class_mapping,
    .left_class_cnt      = 55,
    .right_class_cnt     = 51,
};

/*--------------------
 *  ALL CUSTOM DATA
 *--------------------*/

#if LVGL_VERSION_MAJOR == 8
/*Store all the custom data of the font*/
static  lv_font_fmt_txt_glyph_cache_t cache;
#endif

#if LVGL_VERSION_MAJOR >= 8
static const lv_font_fmt_txt_dsc_t font_dsc = {
#else
static lv_font_fmt_txt_dsc_t font_dsc = {
#endif
    .glyph_bitmap = glyph_bitmap,
    .glyph_dsc = glyph_dsc,
    .cmaps = cmaps,
    .kern_dsc = &kern_classes,
    .kern_scale = 16,
    .cmap_num = 2,
    .bpp = 4,
    .kern_classes = 1,
    .bitmap_format = 0,
#if LVGL_VERSION_MAJOR == 8
    .cache = &cache
#endif
};



/*-----------------
 *  PUBLIC FONT
 *----------------*/

/*Initialize a public general font descriptor*/
#if LVGL_VERSION_MAJOR >= 8
const lv_font_t ui_studio_font_32 = {
#else
lv_font_t ui_studio_font_32 = {
#endif
    .get_glyph_dsc = lv_font_get_glyph_dsc_fmt_txt,    /*Function pointer to get glyph's data*/
    .get_glyph_bitmap = lv_font_get_bitmap_fmt_txt,    /*Function pointer to get glyph's bitmap*/
    .line_height = 38,          /*The maximum line height required by the font*/
    .base_line = 7,             /*Baseline measured from the bottom of the line*/
#if !(LVGL_VERSION_MAJOR == 6 && LVGL_VERSION_MINOR == 0)
    .subpx = LV_FONT_SUBPX_NONE,
#endif
#if LV_VERSION_CHECK(7, 4, 0) || LVGL_VERSION_MAJOR >= 8
    .underline_position = -3,
    .underline_thickness = 3,
#endif
    .dsc = &font_dsc,          /*The custom font data. Will be accessed by `get_glyph_bitmap/dsc` */
#if LV_VERSION_CHECK(8, 2, 0) || LVGL_VERSION_MAJOR >= 9
    .fallback = NULL,
#endif
    .user_data = NULL,
};



#endif /*#if UI_STUDIO_FONT_32*/
