/*******************************************************************************
 * Size: 28 px
 * Bpp: 4
 * Source: Inter, weight 700; regenerate with tools/regenerate_studio_fonts.py
 ******************************************************************************/

#ifdef LV_LVGL_H_INCLUDE_SIMPLE
#include "lvgl.h"
#else
#include "lvgl.h"
#endif

#ifndef UI_STUDIO_FONT_28
#define UI_STUDIO_FONT_28 1
#endif

#if UI_STUDIO_FONT_28

/*-----------------
 *    BITMAPS
 *----------------*/

/*Store the image of the glyphs*/
static LV_ATTRIBUTE_LARGE_CONST const uint8_t glyph_bitmap[] = {
    /* U+0020 " " */

    /* U+0021 "!" */
    0x2f, 0xff, 0xf2, 0x1f, 0xff, 0xf2, 0x1f, 0xff,
    0xf2, 0x1f, 0xff, 0xf1, 0xf, 0xff, 0xf1, 0xf,
    0xff, 0xf0, 0xf, 0xff, 0xf0, 0xf, 0xff, 0xf0,
    0xf, 0xff, 0xf0, 0xe, 0xff, 0xf0, 0xe, 0xff,
    0xf0, 0xe, 0xff, 0xe0, 0xd, 0xff, 0xe0, 0xd,
    0xff, 0xd0, 0x1, 0x11, 0x10, 0x2, 0x88, 0x20,
    0x1e, 0xff, 0xf1, 0x5f, 0xff, 0xf5, 0x2f, 0xff,
    0xf3, 0x7, 0xee, 0x70,

    /* U+0022 "\"" */
    0xaf, 0xff, 0x10, 0xef, 0xfd, 0x9f, 0xff, 0x0,
    0xdf, 0xfc, 0x8f, 0xff, 0x0, 0xcf, 0xfc, 0x8f,
    0xff, 0x0, 0xbf, 0xfb, 0x7f, 0xfe, 0x0, 0xbf,
    0xfa, 0x6f, 0xfd, 0x0, 0xaf, 0xf9, 0x5f, 0xfc,
    0x0, 0x9f, 0xf8, 0x4f, 0xfb, 0x0, 0x8f, 0xf8,

    /* U+0023 "#" */
    0x0, 0x0, 0xa, 0xff, 0x60, 0x0, 0x7f, 0xf9,
    0x0, 0x0, 0x0, 0xd, 0xff, 0x40, 0x0, 0xaf,
    0xf6, 0x0, 0x0, 0x0, 0xf, 0xff, 0x10, 0x0,
    0xdf, 0xf4, 0x0, 0x0, 0x0, 0x2f, 0xfe, 0x0,
    0x0, 0xff, 0xf1, 0x0, 0x0, 0x0, 0x5f, 0xfc,
    0x0, 0x2, 0xff, 0xe0, 0x0, 0x4, 0xff, 0xff,
    0xff, 0xff, 0xff, 0xff, 0xff, 0xf9, 0x7, 0xff,
    0xff, 0xff, 0xff, 0xff, 0xff, 0xff, 0xf6, 0x9,
    0xff, 0xff, 0xff, 0xff, 0xff, 0xff, 0xff, 0xf3,
    0x0, 0x11, 0xff, 0xf2, 0x11, 0x1d, 0xff, 0x41,
    0x10, 0x0, 0x2, 0xff, 0xe0, 0x0, 0xf, 0xff,
    0x10, 0x0, 0x0, 0x5, 0xff, 0xc0, 0x0, 0x2f,
    0xfe, 0x0, 0x0, 0x1, 0x18, 0xff, 0xa1, 0x11,
    0x5f, 0xfc, 0x11, 0x0, 0x7f, 0xff, 0xff, 0xff,
    0xff, 0xff, 0xff, 0xff, 0x60, 0xaf, 0xff, 0xff,
    0xff, 0xff, 0xff, 0xff, 0xff, 0x30, 0xcf, 0xff,
    0xff, 0xff, 0xff, 0xff, 0xff, 0xff, 0x0, 0x0,
    0x2f, 0xff, 0x0, 0x0, 0xff, 0xf1, 0x0, 0x0,
    0x0, 0x4f, 0xfc, 0x0, 0x2, 0xff, 0xe0, 0x0,
    0x0, 0x0, 0x7f, 0xf9, 0x0, 0x5, 0xff, 0xb0,
    0x0, 0x0, 0x0, 0xaf, 0xf7, 0x0, 0x8, 0xff,
    0x90, 0x0, 0x0, 0x0, 0xcf, 0xf4, 0x0, 0xa,
    0xff, 0x60, 0x0, 0x0,

    /* U+0024 "$" */
    0x0, 0x0, 0x0, 0x6, 0x82, 0x0, 0x0, 0x0,
    0x0, 0x0, 0x0, 0x0, 0xdf, 0x50, 0x0, 0x0,
    0x0, 0x0, 0x0, 0x0, 0xd, 0xf5, 0x0, 0x0,
    0x0, 0x0, 0x0, 0x0, 0x0, 0xdf, 0x50, 0x0,
    0x0, 0x0, 0x0, 0x0, 0x5a, 0xef, 0xff, 0xc8,
    0x20, 0x0, 0x0, 0x4, 0xef, 0xff, 0xff, 0xff,
    0xff, 0x80, 0x0, 0x4, 0xff, 0xff, 0xff, 0xff,
    0xff, 0xff, 0x80, 0x0, 0xef, 0xff, 0xfb, 0xef,
    0xce, 0xff, 0xff, 0x30, 0x5f, 0xff, 0xf4, 0xd,
    0xf5, 0x1d, 0xff, 0xf9, 0x7, 0xff, 0xfc, 0x0,
    0xdf, 0x50, 0x4f, 0xff, 0xc0, 0x6f, 0xff, 0xe0,
    0xd, 0xf5, 0x0, 0x22, 0x21, 0x2, 0xff, 0xff,
    0xc4, 0xdf, 0x50, 0x0, 0x0, 0x0, 0xa, 0xff,
    0xff, 0xff, 0xfa, 0x41, 0x0, 0x0, 0x0, 0x9,
    0xff, 0xff, 0xff, 0xff, 0xfb, 0x30, 0x0, 0x0,
    0x3, 0x9e, 0xff, 0xff, 0xff, 0xff, 0x90, 0x0,
    0x0, 0x0, 0x2, 0xef, 0xff, 0xff, 0xff, 0x70,
    0x0, 0x0, 0x0, 0xd, 0xf5, 0x3c, 0xff, 0xff,
    0x8, 0x99, 0x91, 0x0, 0xdf, 0x50, 0x1f, 0xff,
    0xf3, 0xdf, 0xff, 0x50, 0xd, 0xf5, 0x0, 0xff,
    0xff, 0x39, 0xff, 0xfe, 0x20, 0xdf, 0x50, 0x9f,
    0xff, 0xf1, 0x3f, 0xff, 0xff, 0xbe, 0xfb, 0xdf,
    0xff, 0xfb, 0x0, 0x8f, 0xff, 0xff, 0xff, 0xff,
    0xff, 0xfe, 0x20, 0x0, 0x7f, 0xff, 0xff, 0xff,
    0xff, 0xfc, 0x20, 0x0, 0x0, 0x17, 0xbe, 0xff,
    0xfd, 0x94, 0x0, 0x0, 0x0, 0x0, 0x0, 0xd,
    0xf5, 0x0, 0x0, 0x0, 0x0, 0x0, 0x0, 0x0,
    0xdf, 0x50, 0x0, 0x0, 0x0, 0x0, 0x0, 0x0,
    0x6, 0x82, 0x0, 0x0, 0x0, 0x0,

    /* U+0025 "%" */
    0x0, 0x8d, 0xff, 0xb3, 0x0, 0x0, 0x0, 0x0,
    0x4f, 0xfa, 0x0, 0x0, 0xc, 0xff, 0xff, 0xff,
    0x40, 0x0, 0x0, 0x0, 0xef, 0xe1, 0x0, 0x0,
    0x7f, 0xfe, 0x8a, 0xff, 0xe0, 0x0, 0x0, 0xa,
    0xff, 0x40, 0x0, 0x0, 0xdf, 0xf2, 0x0, 0xcf,
    0xf3, 0x0, 0x0, 0x5f, 0xf9, 0x0, 0x0, 0x0,
    0xef, 0xf0, 0x0, 0x9f, 0xf4, 0x0, 0x1, 0xef,
    0xd0, 0x0, 0x0, 0x0, 0xef, 0xf0, 0x0, 0xaf,
    0xf4, 0x0, 0xb, 0xff, 0x30, 0x0, 0x0, 0x0,
    0xbf, 0xf8, 0x3, 0xef, 0xf1, 0x0, 0x7f, 0xf7,
    0x0, 0x0, 0x0, 0x0, 0x3f, 0xff, 0xff, 0xff,
    0x90, 0x2, 0xff, 0xc0, 0x0, 0x0, 0x0, 0x0,
    0x5, 0xff, 0xff, 0xfa, 0x0, 0xd, 0xff, 0x20,
    0x0, 0x0, 0x0, 0x0, 0x0, 0x15, 0x77, 0x30,
    0x0, 0x8f, 0xf6, 0x0, 0x0, 0x0, 0x0, 0x0,
    0x0, 0x0, 0x0, 0x0, 0x4, 0xff, 0xa0, 0x1,
    0x9e, 0xfe, 0x91, 0x0, 0x0, 0x0, 0x0, 0x0,
    0xe, 0xfe, 0x10, 0x1d, 0xff, 0xff, 0xfe, 0x10,
    0x0, 0x0, 0x0, 0x0, 0xaf, 0xf4, 0x0, 0x9f,
    0xfd, 0x8c, 0xff, 0xa0, 0x0, 0x0, 0x0, 0x5,
    0xff, 0x90, 0x0, 0xff, 0xf1, 0x0, 0xef, 0xf0,
    0x0, 0x0, 0x0, 0x1e, 0xfd, 0x0, 0x1, 0xff,
    0xd0, 0x0, 0xcf, 0xf1, 0x0, 0x0, 0x0, 0xbf,
    0xf3, 0x0, 0x1, 0xff, 0xd0, 0x0, 0xcf, 0xf1,
    0x0, 0x0, 0x7, 0xff, 0x70, 0x0, 0x0, 0xff,
    0xf1, 0x0, 0xff, 0xf0, 0x0, 0x0, 0x2f, 0xfc,
    0x0, 0x0, 0x0, 0x9f, 0xfd, 0x8c, 0xff, 0xa0,
    0x0, 0x0, 0xdf, 0xf2, 0x0, 0x0, 0x0, 0x1e,
    0xff, 0xff, 0xfe, 0x10, 0x0, 0x8, 0xff, 0x60,
    0x0, 0x0, 0x0, 0x1, 0x9e, 0xfe, 0x91, 0x0,

    /* U+0026 "&" */
    0x0, 0x0, 0x6, 0xcf, 0xfe, 0x92, 0x0, 0x0,
    0x0, 0x0, 0x0, 0xc, 0xff, 0xff, 0xff, 0xf4,
    0x0, 0x0, 0x0, 0x0, 0xa, 0xff, 0xff, 0xff,
    0xff, 0xe0, 0x0, 0x0, 0x0, 0x1, 0xff, 0xfe,
    0x64, 0xaf, 0xff, 0x50, 0x0, 0x0, 0x0, 0x4f,
    0xff, 0x50, 0x0, 0xef, 0xf7, 0x0, 0x0, 0x0,
    0x4, 0xff, 0xf4, 0x0, 0xf, 0xff, 0x50, 0x0,
    0x0, 0x0, 0x1f, 0xff, 0xa0, 0xa, 0xff, 0xe0,
    0x0, 0x0, 0x0, 0x0, 0xaf, 0xff, 0x8d, 0xff,
    0xf5, 0x0, 0x0, 0x0, 0x0, 0x2, 0xff, 0xff,
    0xff, 0xf6, 0x0, 0x0, 0x0, 0x0, 0x0, 0x9,
    0xff, 0xff, 0xd2, 0x0, 0x0, 0x0, 0x0, 0x0,
    0xa, 0xff, 0xff, 0xfd, 0x10, 0x2, 0xcc, 0xc3,
    0x0, 0xc, 0xff, 0xff, 0xff, 0xfc, 0x0, 0x4f,
    0xff, 0x30, 0x8, 0xff, 0xfb, 0xa, 0xff, 0xfb,
    0x8, 0xff, 0xf1, 0x0, 0xef, 0xff, 0x10, 0xb,
    0xff, 0xfa, 0xef, 0xfd, 0x0, 0xf, 0xff, 0xe0,
    0x0, 0xc, 0xff, 0xff, 0xff, 0x70, 0x0, 0xff,
    0xff, 0x40, 0x0, 0x1d, 0xff, 0xff, 0xe1, 0x0,
    0xa, 0xff, 0xff, 0x84, 0x58, 0xef, 0xff, 0xf8,
    0x0, 0x0, 0x2f, 0xff, 0xff, 0xff, 0xff, 0xff,
    0xff, 0xf4, 0x0, 0x0, 0x3e, 0xff, 0xff, 0xff,
    0xff, 0xbf, 0xff, 0xf3, 0x0, 0x0, 0x6, 0xbe,
    0xff, 0xd9, 0x30, 0x4f, 0xff, 0xe2,

    /* U+0027 "'" */
    0xaf, 0xff, 0x19, 0xff, 0xf0, 0x8f, 0xff, 0x8,
    0xff, 0xf0, 0x7f, 0xfe, 0x6, 0xff, 0xd0, 0x5f,
    0xfc, 0x4, 0xff, 0xb0,

    /* U+0028 "(" */
    0x0, 0x0, 0x34, 0x44, 0x0, 0x0, 0x2f, 0xff,
    0xc0, 0x0, 0xa, 0xff, 0xf6, 0x0, 0x1, 0xff,
    0xff, 0x0, 0x0, 0x7f, 0xff, 0xa0, 0x0, 0xc,
    0xff, 0xf5, 0x0, 0x0, 0xff, 0xff, 0x10, 0x0,
    0x4f, 0xff, 0xd0, 0x0, 0x8, 0xff, 0xfa, 0x0,
    0x0, 0xaf, 0xff, 0x70, 0x0, 0xd, 0xff, 0xf4,
    0x0, 0x0, 0xff, 0xff, 0x30, 0x0, 0xf, 0xff,
    0xf1, 0x0, 0x0, 0xff, 0xff, 0x10, 0x0, 0xf,
    0xff, 0xf1, 0x0, 0x0, 0xff, 0xff, 0x10, 0x0,
    0xe, 0xff, 0xf3, 0x0, 0x0, 0xcf, 0xff, 0x50,
    0x0, 0x9, 0xff, 0xf8, 0x0, 0x0, 0x6f, 0xff,
    0xc0, 0x0, 0x1, 0xff, 0xff, 0x10, 0x0, 0xc,
    0xff, 0xf6, 0x0, 0x0, 0x6f, 0xff, 0xb0, 0x0,
    0x1, 0xff, 0xff, 0x10, 0x0, 0x8, 0xff, 0xf7,
    0x0, 0x0, 0x1e, 0xff, 0xe0,

    /* U+0029 ")" */
    0x4, 0x44, 0x30, 0x0, 0xe, 0xff, 0xe1, 0x0,
    0x8, 0xff, 0xf8, 0x0, 0x2, 0xff, 0xfe, 0x0,
    0x0, 0xcf, 0xff, 0x40, 0x0, 0x8f, 0xff, 0x90,
    0x0, 0x3f, 0xff, 0xe0, 0x0, 0xf, 0xff, 0xf2,
    0x0, 0xc, 0xff, 0xf5, 0x0, 0x9, 0xff, 0xf8,
    0x0, 0x7, 0xff, 0xfb, 0x0, 0x5, 0xff, 0xfc,
    0x0, 0x4, 0xff, 0xfd, 0x0, 0x3, 0xff, 0xfe,
    0x0, 0x3, 0xff, 0xfe, 0x0, 0x4, 0xff, 0xfd,
    0x0, 0x5, 0xff, 0xfc, 0x0, 0x8, 0xff, 0xfa,
    0x0, 0xb, 0xff, 0xf7, 0x0, 0xe, 0xff, 0xf3,
    0x0, 0x3f, 0xff, 0xf0, 0x0, 0x8f, 0xff, 0xa0,
    0x0, 0xdf, 0xff, 0x40, 0x3, 0xff, 0xfd, 0x0,
    0xa, 0xff, 0xf6, 0x0, 0x1f, 0xff, 0xd0, 0x0,

    /* U+002A "*" */
    0x0, 0x0, 0xaf, 0xe0, 0x0, 0x0, 0x1, 0x0,
    0x9f, 0xd0, 0x1, 0x0, 0x2f, 0x80, 0x8f, 0xc0,
    0x5e, 0x60, 0xbf, 0xfd, 0x9f, 0xca, 0xff, 0xe0,
    0x3b, 0xff, 0xff, 0xff, 0xfd, 0x60, 0x0, 0x3d,
    0xff, 0xff, 0x60, 0x0, 0x4, 0xcf, 0xff, 0xff,
    0xe7, 0x0, 0xbf, 0xff, 0xdf, 0xef, 0xff, 0xe1,
    0x5f, 0xd3, 0x7f, 0xc1, 0xbf, 0xa0, 0x6, 0x0,
    0x8f, 0xd0, 0x5, 0x10, 0x0, 0x0, 0x9f, 0xe0,
    0x0, 0x0, 0x0, 0x0, 0x46, 0x50, 0x0, 0x0,

    /* U+002B "+" */
    0x0, 0x0, 0x6, 0xff, 0xf0, 0x0, 0x0, 0x0,
    0x0, 0x0, 0x6f, 0xff, 0x0, 0x0, 0x0, 0x0,
    0x0, 0x6, 0xff, 0xf0, 0x0, 0x0, 0x0, 0x0,
    0x0, 0x6f, 0xff, 0x0, 0x0, 0x0, 0x0, 0x0,
    0x6, 0xff, 0xf0, 0x0, 0x0, 0xa, 0xff, 0xff,
    0xff, 0xff, 0xff, 0xff, 0xf5, 0xaf, 0xff, 0xff,
    0xff, 0xff, 0xff, 0xff, 0x5a, 0xff, 0xff, 0xff,
    0xff, 0xff, 0xff, 0xf5, 0x24, 0x44, 0x49, 0xff,
    0xf4, 0x44, 0x44, 0x10, 0x0, 0x0, 0x6f, 0xff,
    0x0, 0x0, 0x0, 0x0, 0x0, 0x6, 0xff, 0xf0,
    0x0, 0x0, 0x0, 0x0, 0x0, 0x6f, 0xff, 0x0,
    0x0, 0x0, 0x0, 0x0, 0x6, 0xff, 0xf0, 0x0,
    0x0, 0x0, 0x0, 0x0, 0x6f, 0xff, 0x0, 0x0,
    0x0,

    /* U+002C "," */
    0xd, 0xff, 0xe0, 0xf, 0xff, 0xb0, 0x2f, 0xff,
    0x70, 0x4f, 0xff, 0x20, 0x7f, 0xfe, 0x0, 0x9f,
    0xf9, 0x0, 0xbf, 0xf5, 0x0, 0xdf, 0xf0, 0x0,

    /* U+002D "-" */
    0x13, 0x33, 0x33, 0x33, 0x33, 0x4f, 0xff, 0xff,
    0xff, 0xff, 0x4f, 0xff, 0xff, 0xff, 0xff, 0x4f,
    0xff, 0xff, 0xff, 0xff,

    /* U+002E "." */
    0x2, 0x99, 0x20, 0x1e, 0xff, 0xe0, 0x5f, 0xff,
    0xf4, 0x3f, 0xff, 0xf2, 0x7, 0xee, 0x60,

    /* U+002F "/" */
    0x0, 0x0, 0x0, 0x28, 0x88, 0x10, 0x0, 0x0,
    0x8, 0xff, 0xf0, 0x0, 0x0, 0x0, 0xcf, 0xfc,
    0x0, 0x0, 0x0, 0xf, 0xff, 0x70, 0x0, 0x0,
    0x4, 0xff, 0xf3, 0x0, 0x0, 0x0, 0x9f, 0xff,
    0x0, 0x0, 0x0, 0xd, 0xff, 0xb0, 0x0, 0x0,
    0x1, 0xff, 0xf6, 0x0, 0x0, 0x0, 0x6f, 0xff,
    0x20, 0x0, 0x0, 0xa, 0xff, 0xe0, 0x0, 0x0,
    0x0, 0xef, 0xf9, 0x0, 0x0, 0x0, 0x2f, 0xff,
    0x50, 0x0, 0x0, 0x7, 0xff, 0xf1, 0x0, 0x0,
    0x0, 0xbf, 0xfd, 0x0, 0x0, 0x0, 0xf, 0xff,
    0x80, 0x0, 0x0, 0x4, 0xff, 0xf4, 0x0, 0x0,
    0x0, 0x8f, 0xff, 0x0, 0x0, 0x0, 0xc, 0xff,
    0xb0, 0x0, 0x0, 0x1, 0xff, 0xf7, 0x0, 0x0,
    0x0, 0x5f, 0xff, 0x30, 0x0, 0x0, 0x9, 0xff,
    0xe0, 0x0, 0x0, 0x0, 0xdf, 0xfa, 0x0, 0x0,
    0x0, 0x2f, 0xff, 0x60, 0x0, 0x0, 0x6, 0xff,
    0xf2, 0x0, 0x0, 0x0, 0xaf, 0xfd, 0x0, 0x0,
    0x0, 0x0,

    /* U+0030 "0" */
    0x0, 0x0, 0x29, 0xdf, 0xfe, 0xb6, 0x0, 0x0,
    0x0, 0x0, 0x8f, 0xff, 0xff, 0xff, 0xfd, 0x20,
    0x0, 0x0, 0x9f, 0xff, 0xff, 0xff, 0xff, 0xff,
    0x20, 0x0, 0x5f, 0xff, 0xfd, 0x76, 0xaf, 0xff,
    0xfd, 0x0, 0xe, 0xff, 0xfb, 0x0, 0x0, 0x4f,
    0xff, 0xf6, 0x4, 0xff, 0xff, 0x10, 0x0, 0x0,
    0x8f, 0xff, 0xc0, 0x9f, 0xff, 0xa0, 0x0, 0x0,
    0x2, 0xff, 0xff, 0x1c, 0xff, 0xf5, 0x0, 0x0,
    0x0, 0xd, 0xff, 0xf4, 0xef, 0xff, 0x30, 0x0,
    0x0, 0x0, 0xbf, 0xff, 0x6e, 0xff, 0xf2, 0x0,
    0x0, 0x0, 0xa, 0xff, 0xf6, 0xef, 0xff, 0x20,
    0x0, 0x0, 0x0, 0xaf, 0xff, 0x6e, 0xff, 0xf3,
    0x0, 0x0, 0x0, 0xb, 0xff, 0xf6, 0xcf, 0xff,
    0x50, 0x0, 0x0, 0x0, 0xdf, 0xff, 0x49, 0xff,
    0xfa, 0x0, 0x0, 0x0, 0x2f, 0xff, 0xf1, 0x4f,
    0xff, 0xf1, 0x0, 0x0, 0x8, 0xff, 0xfc, 0x0,
    0xef, 0xff, 0xb0, 0x0, 0x4, 0xff, 0xff, 0x60,
    0x5, 0xff, 0xff, 0xd7, 0x6a, 0xff, 0xff, 0xd0,
    0x0, 0xa, 0xff, 0xff, 0xff, 0xff, 0xff, 0xf2,
    0x0, 0x0, 0x8, 0xff, 0xff, 0xff, 0xff, 0xd3,
    0x0, 0x0, 0x0, 0x2, 0x9d, 0xff, 0xeb, 0x60,
    0x0, 0x0,

    /* U+0031 "1" */
    0x0, 0x0, 0x4d, 0xff, 0xfc, 0x0, 0x9, 0xff,
    0xff, 0xfc, 0x4, 0xef, 0xff, 0xff, 0xfc, 0x2f,
    0xff, 0xfe, 0xff, 0xfc, 0x2f, 0xff, 0x65, 0xff,
    0xfc, 0x2f, 0xb2, 0x5, 0xff, 0xfc, 0x16, 0x0,
    0x5, 0xff, 0xfc, 0x0, 0x0, 0x5, 0xff, 0xfc,
    0x0, 0x0, 0x5, 0xff, 0xfc, 0x0, 0x0, 0x5,
    0xff, 0xfc, 0x0, 0x0, 0x5, 0xff, 0xfc, 0x0,
    0x0, 0x5, 0xff, 0xfc, 0x0, 0x0, 0x5, 0xff,
    0xfc, 0x0, 0x0, 0x5, 0xff, 0xfc, 0x0, 0x0,
    0x5, 0xff, 0xfc, 0x0, 0x0, 0x5, 0xff, 0xfc,
    0x0, 0x0, 0x5, 0xff, 0xfc, 0x0, 0x0, 0x5,
    0xff, 0xfc, 0x0, 0x0, 0x5, 0xff, 0xfc, 0x0,
    0x0, 0x5, 0xff, 0xfc,

    /* U+0032 "2" */
    0x0, 0x1, 0x7c, 0xff, 0xfc, 0x82, 0x0, 0x0,
    0x5, 0xff, 0xff, 0xff, 0xff, 0xf7, 0x0, 0x5,
    0xff, 0xff, 0xff, 0xff, 0xff, 0xf8, 0x1, 0xef,
    0xff, 0xd7, 0x57, 0xdf, 0xff, 0xf2, 0x6f, 0xff,
    0xd0, 0x0, 0x0, 0xdf, 0xff, 0x8a, 0xff, 0xf5,
    0x0, 0x0, 0x5, 0xff, 0xfa, 0x9c, 0xcc, 0x20,
    0x0, 0x0, 0x4f, 0xff, 0xa0, 0x0, 0x0, 0x0,
    0x0, 0x8, 0xff, 0xf7, 0x0, 0x0, 0x0, 0x0,
    0x2, 0xff, 0xff, 0x20, 0x0, 0x0, 0x0, 0x2,
    0xdf, 0xff, 0x80, 0x0, 0x0, 0x0, 0x2, 0xef,
    0xff, 0xb0, 0x0, 0x0, 0x0, 0x4, 0xff, 0xff,
    0xc0, 0x0, 0x0, 0x0, 0x6, 0xff, 0xff, 0xb0,
    0x0, 0x0, 0x0, 0x9, 0xff, 0xff, 0x90, 0x0,
    0x0, 0x0, 0xb, 0xff, 0xff, 0x70, 0x0, 0x0,
    0x0, 0x1c, 0xff, 0xff, 0x50, 0x0, 0x0, 0x0,
    0x3e, 0xff, 0xff, 0xa6, 0x66, 0x66, 0x66, 0x5a,
    0xff, 0xff, 0xff, 0xff, 0xff, 0xff, 0xfe, 0xaf,
    0xff, 0xff, 0xff, 0xff, 0xff, 0xff, 0xea, 0xff,
    0xff, 0xff, 0xff, 0xff, 0xff, 0xfe,

    /* U+0033 "3" */
    0x0, 0x0, 0x6b, 0xef, 0xfd, 0xa5, 0x0, 0x0,
    0x0, 0x4e, 0xff, 0xff, 0xff, 0xff, 0xc2, 0x0,
    0x4, 0xff, 0xff, 0xff, 0xff, 0xff, 0xfe, 0x10,
    0xe, 0xff, 0xfe, 0x74, 0x49, 0xff, 0xff, 0x90,
    0x4f, 0xff, 0xe1, 0x0, 0x0, 0x6f, 0xff, 0xd0,
    0x5c, 0xcc, 0x70, 0x0, 0x0, 0xf, 0xff, 0xe0,
    0x0, 0x0, 0x0, 0x0, 0x0, 0x4f, 0xff, 0xb0,
    0x0, 0x0, 0x0, 0x11, 0x27, 0xff, 0xff, 0x30,
    0x0, 0x0, 0x6, 0xff, 0xff, 0xff, 0xc3, 0x0,
    0x0, 0x0, 0x6, 0xff, 0xff, 0xfb, 0x50, 0x0,
    0x0, 0x0, 0x6, 0xff, 0xff, 0xff, 0xfd, 0x20,
    0x0, 0x0, 0x0, 0x0, 0x15, 0xdf, 0xff, 0xd0,
    0x0, 0x0, 0x0, 0x0, 0x0, 0x1e, 0xff, 0xf5,
    0x68, 0x88, 0x20, 0x0, 0x0, 0xa, 0xff, 0xf9,
    0xcf, 0xff, 0x60, 0x0, 0x0, 0xb, 0xff, 0xf9,
    0x8f, 0xff, 0xe1, 0x0, 0x0, 0x4f, 0xff, 0xf6,
    0x1f, 0xff, 0xfe, 0x85, 0x6a, 0xff, 0xff, 0xe1,
    0x6, 0xff, 0xff, 0xff, 0xff, 0xff, 0xff, 0x40,
    0x0, 0x5e, 0xff, 0xff, 0xff, 0xff, 0xe4, 0x0,
    0x0, 0x1, 0x7b, 0xef, 0xfe, 0xb5, 0x0, 0x0,

    /* U+0034 "4" */
    0x0, 0x0, 0x0, 0x0, 0x8f, 0xff, 0xff, 0x0,
    0x0, 0x0, 0x0, 0x0, 0x3f, 0xff, 0xff, 0xf0,
    0x0, 0x0, 0x0, 0x0, 0xd, 0xff, 0xff, 0xff,
    0x0, 0x0, 0x0, 0x0, 0x9, 0xff, 0xff, 0xff,
    0xf0, 0x0, 0x0, 0x0, 0x4, 0xff, 0xfc, 0xff,
    0xff, 0x0, 0x0, 0x0, 0x1, 0xef, 0xff, 0x2e,
    0xff, 0xf0, 0x0, 0x0, 0x0, 0xaf, 0xff, 0x70,
    0xef, 0xff, 0x0, 0x0, 0x0, 0x5f, 0xff, 0xc0,
    0xe, 0xff, 0xf0, 0x0, 0x0, 0x1e, 0xff, 0xf2,
    0x0, 0xef, 0xff, 0x0, 0x0, 0xb, 0xff, 0xf6,
    0x0, 0xe, 0xff, 0xf0, 0x0, 0x6, 0xff, 0xfa,
    0x0, 0x0, 0xef, 0xff, 0x0, 0x2, 0xff, 0xfe,
    0x10, 0x0, 0xe, 0xff, 0xf0, 0x0, 0xcf, 0xff,
    0x95, 0x55, 0x55, 0xff, 0xff, 0x55, 0x3f, 0xff,
    0xff, 0xff, 0xff, 0xff, 0xff, 0xff, 0xfa, 0xff,
    0xff, 0xff, 0xff, 0xff, 0xff, 0xff, 0xff, 0xaf,
    0xff, 0xff, 0xff, 0xff, 0xff, 0xff, 0xff, 0xfa,
    0x0, 0x0, 0x0, 0x0, 0x0, 0xff, 0xff, 0x0,
    0x0, 0x0, 0x0, 0x0, 0x0, 0xf, 0xff, 0xf0,
    0x0, 0x0, 0x0, 0x0, 0x0, 0x0, 0xff, 0xff,
    0x0, 0x0, 0x0, 0x0, 0x0, 0x0, 0xf, 0xff,
    0xf0, 0x0,

    /* U+0035 "5" */
    0xe, 0xff, 0xff, 0xff, 0xff, 0xff, 0xfd, 0x0,
    0xf, 0xff, 0xff, 0xff, 0xff, 0xff, 0xfd, 0x0,
    0xf, 0xff, 0xff, 0xff, 0xff, 0xff, 0xfd, 0x0,
    0x1f, 0xff, 0xd6, 0x66, 0x66, 0x66, 0x65, 0x0,
    0x3f, 0xff, 0xa0, 0x0, 0x0, 0x0, 0x0, 0x0,
    0x4f, 0xff, 0x80, 0x0, 0x0, 0x0, 0x0, 0x0,
    0x5f, 0xff, 0x64, 0xbe, 0xfe, 0xa3, 0x0, 0x0,
    0x6f, 0xff, 0xcf, 0xff, 0xff, 0xff, 0x90, 0x0,
    0x7f, 0xff, 0xff, 0xff, 0xff, 0xff, 0xf9, 0x0,
    0x8f, 0xff, 0xf9, 0x42, 0x4c, 0xff, 0xff, 0x30,
    0x6b, 0xde, 0x70, 0x0, 0x0, 0xbf, 0xff, 0xa0,
    0x0, 0x0, 0x0, 0x0, 0x0, 0x3f, 0xff, 0xe0,
    0x0, 0x0, 0x0, 0x0, 0x0, 0xf, 0xff, 0xf0,
    0x55, 0x55, 0x0, 0x0, 0x0, 0xf, 0xff, 0xf0,
    0xef, 0xff, 0x30, 0x0, 0x0, 0x4f, 0xff, 0xd0,
    0xaf, 0xff, 0xb0, 0x0, 0x0, 0xcf, 0xff, 0x90,
    0x3f, 0xff, 0xfd, 0x64, 0x6d, 0xff, 0xff, 0x20,
    0x8, 0xff, 0xff, 0xff, 0xff, 0xff, 0xf6, 0x0,
    0x0, 0x7f, 0xff, 0xff, 0xff, 0xff, 0x60, 0x0,
    0x0, 0x1, 0x8c, 0xff, 0xfc, 0x71, 0x0, 0x0,

    /* U+0036 "6" */
    0x0, 0x0, 0x28, 0xdf, 0xfe, 0xc7, 0x10, 0x0,
    0x0, 0x7, 0xff, 0xff, 0xff, 0xff, 0xe4, 0x0,
    0x0, 0x8f, 0xff, 0xff, 0xff, 0xff, 0xff, 0x40,
    0x4, 0xff, 0xff, 0xb7, 0x68, 0xef, 0xff, 0xe0,
    0xc, 0xff, 0xf6, 0x0, 0x0, 0x1d, 0xff, 0xf4,
    0x3f, 0xff, 0xa0, 0x0, 0x0, 0x0, 0x11, 0x10,
    0x8f, 0xff, 0x40, 0x7c, 0xff, 0xd8, 0x10, 0x0,
    0xbf, 0xff, 0x3d, 0xff, 0xff, 0xff, 0xf5, 0x0,
    0xdf, 0xff, 0xdf, 0xff, 0xff, 0xff, 0xff, 0x40,
    0xef, 0xff, 0xff, 0x82, 0x26, 0xef, 0xff, 0xd0,
    0xff, 0xff, 0xf5, 0x0, 0x0, 0x2f, 0xff, 0xf4,
    0xef, 0xff, 0xc0, 0x0, 0x0, 0x9, 0xff, 0xf8,
    0xdf, 0xff, 0x80, 0x0, 0x0, 0x6, 0xff, 0xf9,
    0xaf, 0xff, 0x90, 0x0, 0x0, 0x6, 0xff, 0xf9,
    0x6f, 0xff, 0xd0, 0x0, 0x0, 0xb, 0xff, 0xf7,
    0x1f, 0xff, 0xf7, 0x0, 0x0, 0x5f, 0xff, 0xf2,
    0x8, 0xff, 0xff, 0xb5, 0x59, 0xff, 0xff, 0xb0,
    0x0, 0xcf, 0xff, 0xff, 0xff, 0xff, 0xfe, 0x10,
    0x0, 0xb, 0xff, 0xff, 0xff, 0xff, 0xc1, 0x0,
    0x0, 0x0, 0x4a, 0xdf, 0xfe, 0xa5, 0x0, 0x0,

    /* U+0037 "7" */
    0x3f, 0xff, 0xff, 0xff, 0xff, 0xff, 0xff, 0xf3,
    0xff, 0xff, 0xff, 0xff, 0xff, 0xff, 0xff, 0x3f,
    0xff, 0xff, 0xff, 0xff, 0xff, 0xff, 0xf1, 0x88,
    0x88, 0x88, 0x88, 0x8b, 0xff, 0xfe, 0x0, 0x0,
    0x0, 0x0, 0x0, 0xcf, 0xff, 0x70, 0x0, 0x0,
    0x0, 0x0, 0x5f, 0xff, 0xe0, 0x0, 0x0, 0x0,
    0x0, 0xd, 0xff, 0xf7, 0x0, 0x0, 0x0, 0x0,
    0x5, 0xff, 0xfe, 0x0, 0x0, 0x0, 0x0, 0x0,
    0xdf, 0xff, 0x60, 0x0, 0x0, 0x0, 0x0, 0x6f,
    0xff, 0xd0, 0x0, 0x0, 0x0, 0x0, 0xe, 0xff,
    0xf6, 0x0, 0x0, 0x0, 0x0, 0x6, 0xff, 0xfd,
    0x0, 0x0, 0x0, 0x0, 0x0, 0xef, 0xff, 0x50,
    0x0, 0x0, 0x0, 0x0, 0x7f, 0xff, 0xd0, 0x0,
    0x0, 0x0, 0x0, 0xe, 0xff, 0xf5, 0x0, 0x0,
    0x0, 0x0, 0x7, 0xff, 0xfc, 0x0, 0x0, 0x0,
    0x0, 0x1, 0xef, 0xff, 0x40, 0x0, 0x0, 0x0,
    0x0, 0x8f, 0xff, 0xc0, 0x0, 0x0, 0x0, 0x0,
    0x1f, 0xff, 0xf4, 0x0, 0x0, 0x0, 0x0, 0x8,
    0xff, 0xfb, 0x0, 0x0, 0x0, 0x0,

    /* U+0038 "8" */
    0x0, 0x1, 0x7b, 0xef, 0xfd, 0xa5, 0x0, 0x0,
    0x0, 0x5f, 0xff, 0xff, 0xff, 0xff, 0xc2, 0x0,
    0x5, 0xff, 0xff, 0xff, 0xff, 0xff, 0xfe, 0x10,
    0xe, 0xff, 0xfd, 0x52, 0x37, 0xff, 0xff, 0x90,
    0x3f, 0xff, 0xf1, 0x0, 0x0, 0x6f, 0xff, 0xd0,
    0x3f, 0xff, 0xd0, 0x0, 0x0, 0x2f, 0xff, 0xd0,
    0xf, 0xff, 0xf1, 0x0, 0x0, 0x6f, 0xff, 0xa0,
    0x7, 0xff, 0xfd, 0x41, 0x27, 0xff, 0xff, 0x20,
    0x0, 0x6e, 0xff, 0xff, 0xff, 0xff, 0xc2, 0x0,
    0x0, 0x6, 0xdf, 0xff, 0xff, 0xfb, 0x30, 0x0,
    0x3, 0xdf, 0xff, 0xff, 0xff, 0xff, 0xfa, 0x0,
    0x1e, 0xff, 0xfb, 0x30, 0x15, 0xef, 0xff, 0xa0,
    0x9f, 0xff, 0xc0, 0x0, 0x0, 0x2f, 0xff, 0xf3,
    0xef, 0xff, 0x60, 0x0, 0x0, 0xb, 0xff, 0xf8,
    0xef, 0xff, 0x50, 0x0, 0x0, 0xb, 0xff, 0xf9,
    0xcf, 0xff, 0xb0, 0x0, 0x0, 0x2f, 0xff, 0xf7,
    0x6f, 0xff, 0xfb, 0x41, 0x16, 0xef, 0xff, 0xf1,
    0xb, 0xff, 0xff, 0xff, 0xff, 0xff, 0xff, 0x60,
    0x0, 0x9f, 0xff, 0xff, 0xff, 0xff, 0xe5, 0x0,
    0x0, 0x2, 0x8c, 0xef, 0xfe, 0xb6, 0x0, 0x0,

    /* U+0039 "9" */
    0x0, 0x1, 0x7c, 0xef, 0xfc, 0x81, 0x0, 0x0,
    0x0, 0x6f, 0xff, 0xff, 0xff, 0xff, 0x70, 0x0,
    0x7, 0xff, 0xff, 0xff, 0xff, 0xff, 0xf8, 0x0,
    0x2f, 0xff, 0xfe, 0x75, 0x6c, 0xff, 0xff, 0x30,
    0x9f, 0xff, 0xd1, 0x0, 0x0, 0xaf, 0xff, 0xb0,
    0xdf, 0xff, 0x40, 0x0, 0x0, 0x1f, 0xff, 0xf1,
    0xff, 0xff, 0x10, 0x0, 0x0, 0xd, 0xff, 0xf5,
    0xef, 0xff, 0x30, 0x0, 0x0, 0xf, 0xff, 0xf8,
    0xbf, 0xff, 0xb0, 0x0, 0x0, 0x8f, 0xff, 0xf9,
    0x4f, 0xff, 0xfb, 0x42, 0x3a, 0xff, 0xff, 0xfa,
    0xa, 0xff, 0xff, 0xff, 0xff, 0xfd, 0xff, 0xf9,
    0x0, 0xaf, 0xff, 0xff, 0xff, 0xa6, 0xff, 0xf8,
    0x0, 0x4, 0xae, 0xff, 0xb5, 0x8, 0xff, 0xf6,
    0x0, 0x0, 0x0, 0x0, 0x0, 0xc, 0xff, 0xf2,
    0x8b, 0xbb, 0x40, 0x0, 0x0, 0x2f, 0xff, 0xe0,
    0x7f, 0xff, 0xd1, 0x0, 0x1, 0xdf, 0xff, 0x70,
    0x1f, 0xff, 0xfe, 0x86, 0x8e, 0xff, 0xfe, 0x0,
    0x6, 0xff, 0xff, 0xff, 0xff, 0xff, 0xf3, 0x0,
    0x0, 0x6f, 0xff, 0xff, 0xff, 0xfe, 0x30, 0x0,
    0x0, 0x1, 0x8c, 0xff, 0xec, 0x60, 0x0, 0x0,

    /* U+003A ":" */
    0x2, 0x99, 0x20, 0x1e, 0xff, 0xe0, 0x5f, 0xff,
    0xf4, 0x3f, 0xff, 0xf2, 0x7, 0xee, 0x60, 0x0,
    0x0, 0x0, 0x0, 0x0, 0x0, 0x0, 0x0, 0x0,
    0x0, 0x0, 0x0, 0x0, 0x0, 0x0, 0x2, 0x99,
    0x20, 0x1e, 0xff, 0xe0, 0x5f, 0xff, 0xf4, 0x3f,
    0xff, 0xf2, 0x7, 0xee, 0x60,

    /* U+003B ";" */
    0x5, 0xef, 0x80, 0x1f, 0xff, 0xf4, 0x2f, 0xff,
    0xf7, 0xd, 0xff, 0xf2, 0x1, 0x89, 0x30, 0x0,
    0x0, 0x0, 0x0, 0x0, 0x0, 0x0, 0x0, 0x0,
    0x0, 0x0, 0x0, 0x0, 0x0, 0x0, 0x0, 0x0,
    0x0, 0xd, 0xff, 0xe0, 0xf, 0xff, 0xb0, 0x2f,
    0xff, 0x70, 0x4f, 0xff, 0x20, 0x7f, 0xfe, 0x0,
    0x9f, 0xf9, 0x0, 0xbf, 0xf5, 0x0, 0xdf, 0xf0,
    0x0,

    /* U+003C "<" */
    0x0, 0x0, 0x0, 0x0, 0x0, 0x0, 0x3b, 0x0,
    0x0, 0x0, 0x0, 0x0, 0x5, 0xcf, 0xf0, 0x0,
    0x0, 0x0, 0x1, 0x7e, 0xff, 0xff, 0x0, 0x0,
    0x0, 0x29, 0xff, 0xff, 0xff, 0xf0, 0x0, 0x3,
    0xbf, 0xff, 0xff, 0xff, 0x93, 0x0, 0x5c, 0xff,
    0xff, 0xff, 0xd6, 0x0, 0x0, 0xcf, 0xff, 0xff,
    0xfa, 0x30, 0x0, 0x0, 0xd, 0xff, 0xfe, 0x71,
    0x0, 0x0, 0x0, 0x0, 0xdf, 0xff, 0xf9, 0x30,
    0x0, 0x0, 0x0, 0xa, 0xff, 0xff, 0xff, 0xc6,
    0x0, 0x0, 0x0, 0x2, 0xaf, 0xff, 0xff, 0xff,
    0x92, 0x0, 0x0, 0x0, 0x18, 0xef, 0xff, 0xff,
    0xfc, 0x50, 0x0, 0x0, 0x0, 0x6d, 0xff, 0xff,
    0xff, 0x0, 0x0, 0x0, 0x0, 0x4, 0xbf, 0xff,
    0xf0, 0x0, 0x0, 0x0, 0x0, 0x0, 0x29, 0xff,
    0x0, 0x0, 0x0, 0x0, 0x0, 0x0, 0x1, 0x80,

    /* U+003D "=" */
    0x7f, 0xff, 0xff, 0xff, 0xff, 0xff, 0xff, 0x27,
    0xff, 0xff, 0xff, 0xff, 0xff, 0xff, 0xf2, 0x7f,
    0xff, 0xff, 0xff, 0xff, 0xff, 0xff, 0x23, 0x66,
    0x66, 0x66, 0x66, 0x66, 0x66, 0x60, 0x0, 0x0,
    0x0, 0x0, 0x0, 0x0, 0x0, 0x0, 0x0, 0x0,
    0x0, 0x0, 0x0, 0x0, 0x0, 0x36, 0x66, 0x66,
    0x66, 0x66, 0x66, 0x66, 0x7, 0xff, 0xff, 0xff,
    0xff, 0xff, 0xff, 0xf2, 0x7f, 0xff, 0xff, 0xff,
    0xff, 0xff, 0xff, 0x27, 0xff, 0xff, 0xff, 0xff,
    0xff, 0xff, 0xf2,

    /* U+003E ">" */
    0x58, 0x10, 0x0, 0x0, 0x0, 0x0, 0x0, 0x6,
    0xff, 0xa3, 0x0, 0x0, 0x0, 0x0, 0x0, 0x6f,
    0xff, 0xfb, 0x40, 0x0, 0x0, 0x0, 0x6, 0xff,
    0xff, 0xff, 0xd6, 0x0, 0x0, 0x0, 0x5, 0xcf,
    0xff, 0xff, 0xfe, 0x81, 0x0, 0x0, 0x0, 0x29,
    0xef, 0xff, 0xff, 0xfa, 0x30, 0x0, 0x0, 0x0,
    0x6c, 0xff, 0xff, 0xff, 0x60, 0x0, 0x0, 0x0,
    0x2, 0x9f, 0xff, 0xf8, 0x0, 0x0, 0x0, 0x0,
    0x5b, 0xff, 0xff, 0x80, 0x0, 0x0, 0x28, 0xef,
    0xff, 0xff, 0xf5, 0x0, 0x5, 0xbf, 0xff, 0xff,
    0xfe, 0x71, 0x1, 0x8e, 0xff, 0xff, 0xff, 0xc5,
    0x0, 0x0, 0x6f, 0xff, 0xff, 0xfa, 0x30, 0x0,
    0x0, 0x6, 0xff, 0xff, 0x82, 0x0, 0x0, 0x0,
    0x0, 0x6f, 0xe7, 0x0, 0x0, 0x0, 0x0, 0x0,
    0x4, 0x50, 0x0, 0x0, 0x0, 0x0, 0x0, 0x0,

    /* U+003F "?" */
    0x0, 0x0, 0x5b, 0xef, 0xfd, 0xa4, 0x0, 0x0,
    0x1, 0xcf, 0xff, 0xff, 0xff, 0xfb, 0x0, 0x0,
    0xdf, 0xff, 0xff, 0xff, 0xff, 0xfb, 0x0, 0x7f,
    0xff, 0xf8, 0x45, 0xcf, 0xff, 0xf4, 0xd, 0xff,
    0xf5, 0x0, 0x0, 0xcf, 0xff, 0x70, 0xff, 0xfe,
    0x0, 0x0, 0x8, 0xff, 0xf8, 0x0, 0x0, 0x0,
    0x0, 0x0, 0xbf, 0xff, 0x60, 0x0, 0x0, 0x0,
    0x0, 0x7f, 0xff, 0xf1, 0x0, 0x0, 0x0, 0x2,
    0xbf, 0xff, 0xf5, 0x0, 0x0, 0x0, 0x4, 0xff,
    0xff, 0xe4, 0x0, 0x0, 0x0, 0x0, 0xff, 0xff,
    0xa1, 0x0, 0x0, 0x0, 0x0, 0x5f, 0xff, 0xa0,
    0x0, 0x0, 0x0, 0x0, 0x6, 0xff, 0xf4, 0x0,
    0x0, 0x0, 0x0, 0x0, 0x5c, 0xcc, 0x20, 0x0,
    0x0, 0x0, 0x0, 0x0, 0x0, 0x0, 0x0, 0x0,
    0x0, 0x0, 0x0, 0x6, 0x95, 0x0, 0x0, 0x0,
    0x0, 0x0, 0x9, 0xff, 0xf6, 0x0, 0x0, 0x0,
    0x0, 0x0, 0xff, 0xff, 0xb0, 0x0, 0x0, 0x0,
    0x0, 0xc, 0xff, 0xf9, 0x0, 0x0, 0x0, 0x0,
    0x0, 0x2d, 0xfb, 0x10, 0x0, 0x0,

    /* U+0040 "@" */
    0x0, 0x0, 0x0, 0x0, 0x49, 0xce, 0xff, 0xfd,
    0xb7, 0x20, 0x0, 0x0, 0x0, 0x0, 0x0, 0x0,
    0x7, 0xef, 0xff, 0xff, 0xff, 0xff, 0xff, 0xc4,
    0x0, 0x0, 0x0, 0x0, 0x0, 0x3d, 0xff, 0xff,
    0xff, 0xff, 0xff, 0xff, 0xff, 0xfa, 0x0, 0x0,
    0x0, 0x0, 0x4f, 0xff, 0xff, 0xc7, 0x43, 0x23,
    0x48, 0xcf, 0xff, 0xfc, 0x10, 0x0, 0x0, 0x3f,
    0xff, 0xfb, 0x30, 0x0, 0x0, 0x0, 0x0, 0x3d,
    0xff, 0xfc, 0x0, 0x0, 0xd, 0xff, 0xf8, 0x0,
    0x0, 0x0, 0x0, 0x0, 0x0, 0xa, 0xff, 0xf7,
    0x0, 0x7, 0xff, 0xf8, 0x0, 0x2, 0x9e, 0xfe,
    0xa2, 0x7b, 0xb2, 0xc, 0xff, 0xf1, 0x0, 0xef,
    0xfd, 0x0, 0x5, 0xff, 0xff, 0xff, 0xfc, 0xff,
    0x30, 0x3f, 0xff, 0x70, 0x4f, 0xff, 0x50, 0x3,
    0xff, 0xff, 0xff, 0xff, 0xff, 0xf3, 0x0, 0xcf,
    0xfc, 0x8, 0xff, 0xf0, 0x0, 0xcf, 0xfe, 0x51,
    0x16, 0xff, 0xff, 0x30, 0x7, 0xff, 0xf0, 0xbf,
    0xfc, 0x0, 0x2f, 0xff, 0x40, 0x0, 0x5, 0xff,
    0xf3, 0x0, 0x4f, 0xff, 0x2d, 0xff, 0x90, 0x6,
    0xff, 0xd0, 0x0, 0x0, 0xf, 0xff, 0x30, 0x2,
    0xff, 0xf3, 0xef, 0xf8, 0x0, 0x7f, 0xfa, 0x0,
    0x0, 0x0, 0xdf, 0xf3, 0x0, 0x2f, 0xff, 0x4f,
    0xff, 0x80, 0x7, 0xff, 0xa0, 0x0, 0x0, 0xd,
    0xff, 0x30, 0x2, 0xff, 0xf3, 0xef, 0xf9, 0x0,
    0x6f, 0xfd, 0x0, 0x0, 0x0, 0xff, 0xf3, 0x0,
    0x4f, 0xff, 0x1c, 0xff, 0xb0, 0x2, 0xff, 0xf2,
    0x0, 0x0, 0x4f, 0xff, 0x30, 0x9, 0xff, 0xd0,
    0x9f, 0xff, 0x0, 0xc, 0xff, 0xd2, 0x0, 0x3e,
    0xff, 0xf6, 0x3, 0xff, 0xf8, 0x5, 0xff, 0xf5,
    0x0, 0x4f, 0xff, 0xfe, 0xef, 0xff, 0xff, 0xfd,
    0xff, 0xfe, 0x10, 0xf, 0xff, 0xd0, 0x0, 0x6f,
    0xff, 0xff, 0xff, 0x4e, 0xff, 0xff, 0xff, 0x40,
    0x0, 0x8f, 0xff, 0x80, 0x0, 0x3a, 0xef, 0xea,
    0x20, 0x2a, 0xef, 0xe9, 0x20, 0x0, 0x1, 0xef,
    0xff, 0x70, 0x0, 0x0, 0x0, 0x0, 0x0, 0x0,
    0x0, 0x0, 0x0, 0x0, 0x4, 0xff, 0xff, 0xb2,
    0x0, 0x0, 0x0, 0x0, 0x0, 0x0, 0x0, 0x0,
    0x0, 0x0, 0x5, 0xff, 0xff, 0xfc, 0x74, 0x32,
    0x34, 0x7a, 0xe7, 0x0, 0x0, 0x0, 0x0, 0x0,
    0x4, 0xef, 0xff, 0xff, 0xff, 0xff, 0xff, 0xff,
    0xe0, 0x0, 0x0, 0x0, 0x0, 0x0, 0x0, 0x7e,
    0xff, 0xff, 0xff, 0xff, 0xff, 0xff, 0x20, 0x0,
    0x0, 0x0, 0x0, 0x0, 0x0, 0x4, 0x9c, 0xef,
    0xff, 0xec, 0x95, 0x0, 0x0, 0x0, 0x0,

    /* U+0041 "A" */
    0x0, 0x0, 0x0, 0xb, 0xff, 0xff, 0xf1, 0x0,
    0x0, 0x0, 0x0, 0x0, 0x0, 0x1, 0xff, 0xff,
    0xff, 0x60, 0x0, 0x0, 0x0, 0x0, 0x0, 0x0,
    0x7f, 0xff, 0xff, 0xfc, 0x0, 0x0, 0x0, 0x0,
    0x0, 0x0, 0xc, 0xff, 0xfe, 0xff, 0xf1, 0x0,
    0x0, 0x0, 0x0, 0x0, 0x2, 0xff, 0xfd, 0x9f,
    0xff, 0x70, 0x0, 0x0, 0x0, 0x0, 0x0, 0x8f,
    0xff, 0x94, 0xff, 0xfd, 0x0, 0x0, 0x0, 0x0,
    0x0, 0xd, 0xff, 0xf4, 0xf, 0xff, 0xf2, 0x0,
    0x0, 0x0, 0x0, 0x3, 0xff, 0xff, 0x0, 0xbf,
    0xff, 0x80, 0x0, 0x0, 0x0, 0x0, 0x9f, 0xff,
    0xb0, 0x6, 0xff, 0xfe, 0x0, 0x0, 0x0, 0x0,
    0xe, 0xff, 0xf6, 0x0, 0x1f, 0xff, 0xf4, 0x0,
    0x0, 0x0, 0x4, 0xff, 0xff, 0x10, 0x0, 0xcf,
    0xff, 0x90, 0x0, 0x0, 0x0, 0x9f, 0xff, 0xc0,
    0x0, 0x7, 0xff, 0xff, 0x0, 0x0, 0x0, 0xf,
    0xff, 0xff, 0xff, 0xff, 0xff, 0xff, 0xf5, 0x0,
    0x0, 0x5, 0xff, 0xff, 0xff, 0xff, 0xff, 0xff,
    0xff, 0xb0, 0x0, 0x0, 0xaf, 0xff, 0xff, 0xff,
    0xff, 0xff, 0xff, 0xff, 0x10, 0x0, 0x1f, 0xff,
    0xf9, 0x44, 0x44, 0x44, 0x5f, 0xff, 0xf6, 0x0,
    0x6, 0xff, 0xff, 0x10, 0x0, 0x0, 0x0, 0xcf,
    0xff, 0xc0, 0x0, 0xbf, 0xff, 0xc0, 0x0, 0x0,
    0x0, 0x7, 0xff, 0xff, 0x20, 0x1f, 0xff, 0xf6,
    0x0, 0x0, 0x0, 0x0, 0x2f, 0xff, 0xf7, 0x7,
    0xff, 0xff, 0x10, 0x0, 0x0, 0x0, 0x0, 0xcf,
    0xff, 0xd0,

    /* U+0042 "B" */
    0x5f, 0xff, 0xff, 0xff, 0xff, 0xeb, 0x50, 0x0,
    0x5, 0xff, 0xff, 0xff, 0xff, 0xff, 0xff, 0xd2,
    0x0, 0x5f, 0xff, 0xff, 0xff, 0xff, 0xff, 0xff,
    0xd0, 0x5, 0xff, 0xfe, 0x55, 0x55, 0x7d, 0xff,
    0xff, 0x50, 0x5f, 0xff, 0xd0, 0x0, 0x0, 0x1e,
    0xff, 0xf8, 0x5, 0xff, 0xfd, 0x0, 0x0, 0x0,
    0xaf, 0xff, 0x80, 0x5f, 0xff, 0xd0, 0x0, 0x0,
    0xc, 0xff, 0xf4, 0x5, 0xff, 0xfd, 0x0, 0x0,
    0x2a, 0xff, 0xfb, 0x0, 0x5f, 0xff, 0xff, 0xff,
    0xff, 0xff, 0xf8, 0x0, 0x5, 0xff, 0xff, 0xff,
    0xff, 0xff, 0xfa, 0x50, 0x0, 0x5f, 0xff, 0xff,
    0xff, 0xff, 0xff, 0xff, 0xb0, 0x5, 0xff, 0xfd,
    0x0, 0x0, 0x16, 0xff, 0xff, 0x90, 0x5f, 0xff,
    0xd0, 0x0, 0x0, 0x5, 0xff, 0xff, 0x15, 0xff,
    0xfd, 0x0, 0x0, 0x0, 0xf, 0xff, 0xf4, 0x5f,
    0xff, 0xd0, 0x0, 0x0, 0x0, 0xff, 0xff, 0x55,
    0xff, 0xfd, 0x0, 0x0, 0x0, 0x7f, 0xff, 0xf3,
    0x5f, 0xff, 0xe5, 0x55, 0x56, 0xbf, 0xff, 0xfe,
    0x5, 0xff, 0xff, 0xff, 0xff, 0xff, 0xff, 0xff,
    0x50, 0x5f, 0xff, 0xff, 0xff, 0xff, 0xff, 0xff,
    0x60, 0x5, 0xff, 0xff, 0xff, 0xff, 0xfe, 0xc8,
    0x10, 0x0,

    /* U+0043 "C" */
    0x0, 0x0, 0x3, 0x8c, 0xff, 0xfd, 0xa4, 0x0,
    0x0, 0x0, 0x0, 0x1a, 0xff, 0xff, 0xff, 0xff,
    0xfd, 0x30, 0x0, 0x0, 0x2e, 0xff, 0xff, 0xff,
    0xff, 0xff, 0xff, 0x40, 0x0, 0x1e, 0xff, 0xff,
    0xfc, 0xbc, 0xff, 0xff, 0xff, 0x20, 0xa, 0xff,
    0xff, 0xb2, 0x0, 0x0, 0x7f, 0xff, 0xfb, 0x2,
    0xff, 0xff, 0xa0, 0x0, 0x0, 0x0, 0x6f, 0xff,
    0xf2, 0x7f, 0xff, 0xf1, 0x0, 0x0, 0x0, 0x0,
    0xef, 0xff, 0x6b, 0xff, 0xfa, 0x0, 0x0, 0x0,
    0x0, 0x1, 0x11, 0x10, 0xdf, 0xff, 0x60, 0x0,
    0x0, 0x0, 0x0, 0x0, 0x0, 0xf, 0xff, 0xf4,
    0x0, 0x0, 0x0, 0x0, 0x0, 0x0, 0x0, 0xff,
    0xff, 0x40, 0x0, 0x0, 0x0, 0x0, 0x0, 0x0,
    0xd, 0xff, 0xf6, 0x0, 0x0, 0x0, 0x0, 0x0,
    0x0, 0x0, 0xbf, 0xff, 0x90, 0x0, 0x0, 0x0,
    0x0, 0x11, 0x11, 0x7, 0xff, 0xff, 0x10, 0x0,
    0x0, 0x0, 0xe, 0xff, 0xf6, 0x2f, 0xff, 0xfa,
    0x0, 0x0, 0x0, 0x7, 0xff, 0xff, 0x20, 0x9f,
    0xff, 0xfa, 0x10, 0x0, 0x7, 0xff, 0xff, 0xb0,
    0x1, 0xef, 0xff, 0xff, 0xcb, 0xcf, 0xff, 0xff,
    0xf2, 0x0, 0x2, 0xef, 0xff, 0xff, 0xff, 0xff,
    0xff, 0xf4, 0x0, 0x0, 0x1, 0xaf, 0xff, 0xff,
    0xff, 0xff, 0xc2, 0x0, 0x0, 0x0, 0x0, 0x38,
    0xcf, 0xff, 0xd9, 0x40, 0x0, 0x0,

    /* U+0044 "D" */
    0x5f, 0xff, 0xff, 0xff, 0xfe, 0xc7, 0x20, 0x0,
    0x0, 0x5f, 0xff, 0xff, 0xff, 0xff, 0xff, 0xf9,
    0x10, 0x0, 0x5f, 0xff, 0xff, 0xff, 0xff, 0xff,
    0xff, 0xd1, 0x0, 0x5f, 0xff, 0xf8, 0x88, 0x9b,
    0xff, 0xff, 0xfd, 0x0, 0x5f, 0xff, 0xd0, 0x0,
    0x0, 0x19, 0xff, 0xff, 0x80, 0x5f, 0xff, 0xd0,
    0x0, 0x0, 0x0, 0x9f, 0xff, 0xf1, 0x5f, 0xff,
    0xd0, 0x0, 0x0, 0x0, 0xf, 0xff, 0xf6, 0x5f,
    0xff, 0xd0, 0x0, 0x0, 0x0, 0xa, 0xff, 0xf9,
    0x5f, 0xff, 0xd0, 0x0, 0x0, 0x0, 0x7, 0xff,
    0xfc, 0x5f, 0xff, 0xd0, 0x0, 0x0, 0x0, 0x6,
    0xff, 0xfd, 0x5f, 0xff, 0xd0, 0x0, 0x0, 0x0,
    0x6, 0xff, 0xfd, 0x5f, 0xff, 0xd0, 0x0, 0x0,
    0x0, 0x7, 0xff, 0xfc, 0x5f, 0xff, 0xd0, 0x0,
    0x0, 0x0, 0xa, 0xff, 0xf9, 0x5f, 0xff, 0xd0,
    0x0, 0x0, 0x0, 0xf, 0xff, 0xf6, 0x5f, 0xff,
    0xd0, 0x0, 0x0, 0x0, 0x9f, 0xff, 0xf1, 0x5f,
    0xff, 0xd0, 0x0, 0x0, 0x19, 0xff, 0xff, 0x80,
    0x5f, 0xff, 0xf8, 0x88, 0x9b, 0xff, 0xff, 0xfd,
    0x0, 0x5f, 0xff, 0xff, 0xff, 0xff, 0xff, 0xff,
    0xd1, 0x0, 0x5f, 0xff, 0xff, 0xff, 0xff, 0xff,
    0xf9, 0x0, 0x0, 0x5f, 0xff, 0xff, 0xff, 0xfe,
    0xb7, 0x20, 0x0, 0x0,

    /* U+0045 "E" */
    0x5f, 0xff, 0xff, 0xff, 0xff, 0xff, 0xff, 0xd5,
    0xff, 0xff, 0xff, 0xff, 0xff, 0xff, 0xfd, 0x5f,
    0xff, 0xff, 0xff, 0xff, 0xff, 0xff, 0xd5, 0xff,
    0xfe, 0x88, 0x88, 0x88, 0x88, 0x86, 0x5f, 0xff,
    0xd0, 0x0, 0x0, 0x0, 0x0, 0x5, 0xff, 0xfd,
    0x0, 0x0, 0x0, 0x0, 0x0, 0x5f, 0xff, 0xd0,
    0x0, 0x0, 0x0, 0x0, 0x5, 0xff, 0xfd, 0x0,
    0x0, 0x0, 0x0, 0x0, 0x5f, 0xff, 0xff, 0xff,
    0xff, 0xff, 0xff, 0x15, 0xff, 0xff, 0xff, 0xff,
    0xff, 0xff, 0xf1, 0x5f, 0xff, 0xff, 0xff, 0xff,
    0xff, 0xff, 0x15, 0xff, 0xfe, 0x77, 0x77, 0x77,
    0x77, 0x70, 0x5f, 0xff, 0xd0, 0x0, 0x0, 0x0,
    0x0, 0x5, 0xff, 0xfd, 0x0, 0x0, 0x0, 0x0,
    0x0, 0x5f, 0xff, 0xd0, 0x0, 0x0, 0x0, 0x0,
    0x5, 0xff, 0xfd, 0x0, 0x0, 0x0, 0x0, 0x0,
    0x5f, 0xff, 0xe8, 0x88, 0x88, 0x88, 0x88, 0x75,
    0xff, 0xff, 0xff, 0xff, 0xff, 0xff, 0xfd, 0x5f,
    0xff, 0xff, 0xff, 0xff, 0xff, 0xff, 0xd5, 0xff,
    0xff, 0xff, 0xff, 0xff, 0xff, 0xfd,

    /* U+0046 "F" */
    0x5f, 0xff, 0xff, 0xff, 0xff, 0xff, 0xff, 0x75,
    0xff, 0xff, 0xff, 0xff, 0xff, 0xff, 0xf7, 0x5f,
    0xff, 0xff, 0xff, 0xff, 0xff, 0xff, 0x75, 0xff,
    0xfe, 0x88, 0x88, 0x88, 0x88, 0x84, 0x5f, 0xff,
    0xd0, 0x0, 0x0, 0x0, 0x0, 0x5, 0xff, 0xfd,
    0x0, 0x0, 0x0, 0x0, 0x0, 0x5f, 0xff, 0xd0,
    0x0, 0x0, 0x0, 0x0, 0x5, 0xff, 0xfd, 0x0,
    0x0, 0x0, 0x0, 0x0, 0x5f, 0xff, 0xe7, 0x77,
    0x77, 0x77, 0x75, 0x5, 0xff, 0xff, 0xff, 0xff,
    0xff, 0xff, 0xb0, 0x5f, 0xff, 0xff, 0xff, 0xff,
    0xff, 0xfb, 0x5, 0xff, 0xff, 0xff, 0xff, 0xff,
    0xff, 0xb0, 0x5f, 0xff, 0xd0, 0x0, 0x0, 0x0,
    0x0, 0x5, 0xff, 0xfd, 0x0, 0x0, 0x0, 0x0,
    0x0, 0x5f, 0xff, 0xd0, 0x0, 0x0, 0x0, 0x0,
    0x5, 0xff, 0xfd, 0x0, 0x0, 0x0, 0x0, 0x0,
    0x5f, 0xff, 0xd0, 0x0, 0x0, 0x0, 0x0, 0x5,
    0xff, 0xfd, 0x0, 0x0, 0x0, 0x0, 0x0, 0x5f,
    0xff, 0xd0, 0x0, 0x0, 0x0, 0x0, 0x5, 0xff,
    0xfd, 0x0, 0x0, 0x0, 0x0, 0x0,

    /* U+0047 "G" */
    0x0, 0x0, 0x2, 0x8c, 0xff, 0xfd, 0xa4, 0x0,
    0x0, 0x0, 0x0, 0x1a, 0xff, 0xff, 0xff, 0xff,
    0xfd, 0x30, 0x0, 0x0, 0x2e, 0xff, 0xff, 0xff,
    0xff, 0xff, 0xff, 0x50, 0x0, 0x1d, 0xff, 0xff,
    0xfd, 0xbb, 0xef, 0xff, 0xff, 0x30, 0x9, 0xff,
    0xff, 0xb2, 0x0, 0x0, 0x6f, 0xff, 0xfd, 0x2,
    0xff, 0xff, 0xa0, 0x0, 0x0, 0x0, 0x5f, 0xff,
    0xf3, 0x7f, 0xff, 0xf1, 0x0, 0x0, 0x0, 0x0,
    0x88, 0x88, 0x3b, 0xff, 0xfa, 0x0, 0x0, 0x0,
    0x0, 0x0, 0x0, 0x0, 0xdf, 0xff, 0x60, 0x0,
    0x0, 0x0, 0x0, 0x0, 0x0, 0xf, 0xff, 0xf4,
    0x0, 0x0, 0xe, 0xff, 0xff, 0xff, 0xfa, 0xff,
    0xff, 0x40, 0x0, 0x0, 0xef, 0xff, 0xff, 0xff,
    0xad, 0xff, 0xf6, 0x0, 0x0, 0xe, 0xff, 0xff,
    0xff, 0xf9, 0xbf, 0xff, 0xa0, 0x0, 0x0, 0x22,
    0x22, 0x9f, 0xff, 0x97, 0xff, 0xff, 0x10, 0x0,
    0x0, 0x0, 0xb, 0xff, 0xf6, 0x2f, 0xff, 0xfa,
    0x0, 0x0, 0x0, 0x3, 0xff, 0xff, 0x20, 0x9f,
    0xff, 0xfb, 0x20, 0x0, 0x5, 0xef, 0xff, 0xb0,
    0x1, 0xef, 0xff, 0xff, 0xdb, 0xbe, 0xff, 0xff,
    0xf2, 0x0, 0x2, 0xef, 0xff, 0xff, 0xff, 0xff,
    0xff, 0xf4, 0x0, 0x0, 0x1, 0xaf, 0xff, 0xff,
    0xff, 0xff, 0xd3, 0x0, 0x0, 0x0, 0x0, 0x38,
    0xcf, 0xff, 0xda, 0x50, 0x0, 0x0,

    /* U+0048 "H" */
    0x5f, 0xff, 0xd0, 0x0, 0x0, 0x0, 0x6, 0xff,
    0xfc, 0x5f, 0xff, 0xd0, 0x0, 0x0, 0x0, 0x6,
    0xff, 0xfc, 0x5f, 0xff, 0xd0, 0x0, 0x0, 0x0,
    0x6, 0xff, 0xfc, 0x5f, 0xff, 0xd0, 0x0, 0x0,
    0x0, 0x6, 0xff, 0xfc, 0x5f, 0xff, 0xd0, 0x0,
    0x0, 0x0, 0x6, 0xff, 0xfc, 0x5f, 0xff, 0xd0,
    0x0, 0x0, 0x0, 0x6, 0xff, 0xfc, 0x5f, 0xff,
    0xd0, 0x0, 0x0, 0x0, 0x6, 0xff, 0xfc, 0x5f,
    0xff, 0xd0, 0x0, 0x0, 0x0, 0x6, 0xff, 0xfc,
    0x5f, 0xff, 0xff, 0xff, 0xff, 0xff, 0xff, 0xff,
    0xfc, 0x5f, 0xff, 0xff, 0xff, 0xff, 0xff, 0xff,
    0xff, 0xfc, 0x5f, 0xff, 0xff, 0xff, 0xff, 0xff,
    0xff, 0xff, 0xfc, 0x5f, 0xff, 0xe8, 0x88, 0x88,
    0x88, 0x8b, 0xff, 0xfc, 0x5f, 0xff, 0xd0, 0x0,
    0x0, 0x0, 0x6, 0xff, 0xfc, 0x5f, 0xff, 0xd0,
    0x0, 0x0, 0x0, 0x6, 0xff, 0xfc, 0x5f, 0xff,
    0xd0, 0x0, 0x0, 0x0, 0x6, 0xff, 0xfc, 0x5f,
    0xff, 0xd0, 0x0, 0x0, 0x0, 0x6, 0xff, 0xfc,
    0x5f, 0xff, 0xd0, 0x0, 0x0, 0x0, 0x6, 0xff,
    0xfc, 0x5f, 0xff, 0xd0, 0x0, 0x0, 0x0, 0x6,
    0xff, 0xfc, 0x5f, 0xff, 0xd0, 0x0, 0x0, 0x0,
    0x6, 0xff, 0xfc, 0x5f, 0xff, 0xd0, 0x0, 0x0,
    0x0, 0x6, 0xff, 0xfc,

    /* U+0049 "I" */
    0x5f, 0xff, 0xd5, 0xff, 0xfd, 0x5f, 0xff, 0xd5,
    0xff, 0xfd, 0x5f, 0xff, 0xd5, 0xff, 0xfd, 0x5f,
    0xff, 0xd5, 0xff, 0xfd, 0x5f, 0xff, 0xd5, 0xff,
    0xfd, 0x5f, 0xff, 0xd5, 0xff, 0xfd, 0x5f, 0xff,
    0xd5, 0xff, 0xfd, 0x5f, 0xff, 0xd5, 0xff, 0xfd,
    0x5f, 0xff, 0xd5, 0xff, 0xfd, 0x5f, 0xff, 0xd5,
    0xff, 0xfd,

    /* U+004A "J" */
    0x0, 0x0, 0x0, 0x0, 0x0, 0xcf, 0xff, 0x60,
    0x0, 0x0, 0x0, 0x0, 0xc, 0xff, 0xf6, 0x0,
    0x0, 0x0, 0x0, 0x0, 0xcf, 0xff, 0x60, 0x0,
    0x0, 0x0, 0x0, 0xc, 0xff, 0xf6, 0x0, 0x0,
    0x0, 0x0, 0x0, 0xcf, 0xff, 0x60, 0x0, 0x0,
    0x0, 0x0, 0xc, 0xff, 0xf6, 0x0, 0x0, 0x0,
    0x0, 0x0, 0xcf, 0xff, 0x60, 0x0, 0x0, 0x0,
    0x0, 0xc, 0xff, 0xf6, 0x0, 0x0, 0x0, 0x0,
    0x0, 0xcf, 0xff, 0x60, 0x0, 0x0, 0x0, 0x0,
    0xc, 0xff, 0xf6, 0x0, 0x0, 0x0, 0x0, 0x0,
    0xcf, 0xff, 0x60, 0x0, 0x0, 0x0, 0x0, 0xc,
    0xff, 0xf6, 0x18, 0x88, 0x80, 0x0, 0x0, 0xcf,
    0xff, 0x62, 0xff, 0xfe, 0x0, 0x0, 0xc, 0xff,
    0xf6, 0x1f, 0xff, 0xf0, 0x0, 0x0, 0xdf, 0xff,
    0x50, 0xff, 0xff, 0x60, 0x0, 0x4f, 0xff, 0xf3,
    0xa, 0xff, 0xff, 0xa7, 0x9f, 0xff, 0xfe, 0x0,
    0x2f, 0xff, 0xff, 0xff, 0xff, 0xff, 0x50, 0x0,
    0x3e, 0xff, 0xff, 0xff, 0xff, 0x70, 0x0, 0x0,
    0x17, 0xce, 0xff, 0xd9, 0x20, 0x0,

    /* U+004B "K" */
    0x5f, 0xff, 0xd0, 0x0, 0x0, 0x0, 0x8f, 0xff,
    0xf9, 0x5, 0xff, 0xfd, 0x0, 0x0, 0x0, 0x5f,
    0xff, 0xfa, 0x0, 0x5f, 0xff, 0xd0, 0x0, 0x0,
    0x4f, 0xff, 0xfc, 0x0, 0x5, 0xff, 0xfd, 0x0,
    0x0, 0x2f, 0xff, 0xfd, 0x10, 0x0, 0x5f, 0xff,
    0xd0, 0x0, 0x1e, 0xff, 0xfe, 0x20, 0x0, 0x5,
    0xff, 0xfd, 0x0, 0xc, 0xff, 0xff, 0x30, 0x0,
    0x0, 0x5f, 0xff, 0xd0, 0xa, 0xff, 0xff, 0x40,
    0x0, 0x0, 0x5, 0xff, 0xfd, 0x8, 0xff, 0xff,
    0x60, 0x0, 0x0, 0x0, 0x5f, 0xff, 0xd4, 0xff,
    0xff, 0xa0, 0x0, 0x0, 0x0, 0x5, 0xff, 0xfe,
    0xff, 0xff, 0xfe, 0x10, 0x0, 0x0, 0x0, 0x5f,
    0xff, 0xff, 0xff, 0xff, 0xfa, 0x0, 0x0, 0x0,
    0x5, 0xff, 0xff, 0xff, 0xbf, 0xff, 0xf5, 0x0,
    0x0, 0x0, 0x5f, 0xff, 0xff, 0x80, 0xbf, 0xff,
    0xe1, 0x0, 0x0, 0x5, 0xff, 0xff, 0xa0, 0x1,
    0xef, 0xff, 0xb0, 0x0, 0x0, 0x5f, 0xff, 0xe0,
    0x0, 0x5, 0xff, 0xff, 0x60, 0x0, 0x5, 0xff,
    0xfd, 0x0, 0x0, 0xb, 0xff, 0xff, 0x20, 0x0,
    0x5f, 0xff, 0xd0, 0x0, 0x0, 0x1e, 0xff, 0xfc,
    0x0, 0x5, 0xff, 0xfd, 0x0, 0x0, 0x0, 0x5f,
    0xff, 0xf7, 0x0, 0x5f, 0xff, 0xd0, 0x0, 0x0,
    0x0, 0xaf, 0xff, 0xf3, 0x5, 0xff, 0xfd, 0x0,
    0x0, 0x0, 0x1, 0xef, 0xff, 0xd0,

    /* U+004C "L" */
    0x5f, 0xff, 0xd0, 0x0, 0x0, 0x0, 0x0, 0x5f,
    0xff, 0xd0, 0x0, 0x0, 0x0, 0x0, 0x5f, 0xff,
    0xd0, 0x0, 0x0, 0x0, 0x0, 0x5f, 0xff, 0xd0,
    0x0, 0x0, 0x0, 0x0, 0x5f, 0xff, 0xd0, 0x0,
    0x0, 0x0, 0x0, 0x5f, 0xff, 0xd0, 0x0, 0x0,
    0x0, 0x0, 0x5f, 0xff, 0xd0, 0x0, 0x0, 0x0,
    0x0, 0x5f, 0xff, 0xd0, 0x0, 0x0, 0x0, 0x0,
    0x5f, 0xff, 0xd0, 0x0, 0x0, 0x0, 0x0, 0x5f,
    0xff, 0xd0, 0x0, 0x0, 0x0, 0x0, 0x5f, 0xff,
    0xd0, 0x0, 0x0, 0x0, 0x0, 0x5f, 0xff, 0xd0,
    0x0, 0x0, 0x0, 0x0, 0x5f, 0xff, 0xd0, 0x0,
    0x0, 0x0, 0x0, 0x5f, 0xff, 0xd0, 0x0, 0x0,
    0x0, 0x0, 0x5f, 0xff, 0xd0, 0x0, 0x0, 0x0,
    0x0, 0x5f, 0xff, 0xd0, 0x0, 0x0, 0x0, 0x0,
    0x5f, 0xff, 0xe8, 0x88, 0x88, 0x88, 0x87, 0x5f,
    0xff, 0xff, 0xff, 0xff, 0xff, 0xfe, 0x5f, 0xff,
    0xff, 0xff, 0xff, 0xff, 0xfe, 0x5f, 0xff, 0xff,
    0xff, 0xff, 0xff, 0xfe,

    /* U+004D "M" */
    0x5f, 0xff, 0xff, 0xf1, 0x0, 0x0, 0x0, 0x0,
    0x9f, 0xff, 0xff, 0xd5, 0xff, 0xff, 0xff, 0x70,
    0x0, 0x0, 0x0, 0xf, 0xff, 0xff, 0xfd, 0x5f,
    0xff, 0xff, 0xfd, 0x0, 0x0, 0x0, 0x5, 0xff,
    0xff, 0xff, 0xd5, 0xff, 0xff, 0xff, 0xf2, 0x0,
    0x0, 0x0, 0xaf, 0xff, 0xff, 0xfd, 0x5f, 0xff,
    0xef, 0xff, 0x80, 0x0, 0x0, 0x1f, 0xff, 0xdf,
    0xff, 0xd5, 0xff, 0xfb, 0xef, 0xfe, 0x0, 0x0,
    0x6, 0xff, 0xf9, 0xff, 0xfd, 0x5f, 0xff, 0xba,
    0xff, 0xf4, 0x0, 0x0, 0xbf, 0xff, 0x5f, 0xff,
    0xd5, 0xff, 0xfb, 0x5f, 0xff, 0x90, 0x0, 0x1f,
    0xff, 0xc4, 0xff, 0xfd, 0x5f, 0xff, 0xc1, 0xff,
    0xff, 0x0, 0x7, 0xff, 0xf8, 0x4f, 0xff, 0xd5,
    0xff, 0xfc, 0xb, 0xff, 0xf5, 0x0, 0xcf, 0xff,
    0x34, 0xff, 0xfd, 0x5f, 0xff, 0xc0, 0x6f, 0xff,
    0xa0, 0x1f, 0xff, 0xd0, 0x5f, 0xff, 0xd5, 0xff,
    0xfc, 0x1, 0xff, 0xfe, 0x6, 0xff, 0xf7, 0x5,
    0xff, 0xfd, 0x5f, 0xff, 0xc0, 0xa, 0xff, 0xf3,
    0xaf, 0xff, 0x20, 0x5f, 0xff, 0xd5, 0xff, 0xfc,
    0x0, 0x5f, 0xff, 0x7e, 0xff, 0xc0, 0x5, 0xff,
    0xfd, 0x5f, 0xff, 0xc0, 0x0, 0xef, 0xfd, 0xff,
    0xf6, 0x0, 0x5f, 0xff, 0xd5, 0xff, 0xfc, 0x0,
    0x9, 0xff, 0xff, 0xff, 0x10, 0x5, 0xff, 0xfd,
    0x5f, 0xff, 0xc0, 0x0, 0x3f, 0xff, 0xff, 0xb0,
    0x0, 0x5f, 0xff, 0xd5, 0xff, 0xfc, 0x0, 0x0,
    0xef, 0xff, 0xf5, 0x0, 0x5, 0xff, 0xfd, 0x5f,
    0xff, 0xc0, 0x0, 0x8, 0xff, 0xff, 0x0, 0x0,
    0x5f, 0xff, 0xd5, 0xff, 0xfc, 0x0, 0x0, 0x2f,
    0xff, 0xa0, 0x0, 0x5, 0xff, 0xfd,

    /* U+004E "N" */
    0x5f, 0xff, 0xf8, 0x0, 0x0, 0x0, 0x2, 0xff,
    0xff, 0x15, 0xff, 0xff, 0xf2, 0x0, 0x0, 0x0,
    0x2f, 0xff, 0xf1, 0x5f, 0xff, 0xff, 0xc0, 0x0,
    0x0, 0x2, 0xff, 0xff, 0x15, 0xff, 0xff, 0xff,
    0x60, 0x0, 0x0, 0x2f, 0xff, 0xf1, 0x5f, 0xff,
    0xff, 0xff, 0x10, 0x0, 0x2, 0xff, 0xff, 0x15,
    0xff, 0xff, 0xff, 0xfb, 0x0, 0x0, 0x2f, 0xff,
    0xf1, 0x5f, 0xff, 0xcc, 0xff, 0xf5, 0x0, 0x2,
    0xff, 0xff, 0x15, 0xff, 0xfd, 0x4f, 0xff, 0xe1,
    0x0, 0x2f, 0xff, 0xf1, 0x5f, 0xff, 0xd0, 0xbf,
    0xff, 0x90, 0x2, 0xff, 0xff, 0x15, 0xff, 0xfd,
    0x2, 0xff, 0xff, 0x40, 0x2f, 0xff, 0xf1, 0x5f,
    0xff, 0xe0, 0x8, 0xff, 0xfd, 0x1, 0xff, 0xff,
    0x15, 0xff, 0xfe, 0x0, 0xd, 0xff, 0xf7, 0x1f,
    0xff, 0xf1, 0x5f, 0xff, 0xe0, 0x0, 0x3f, 0xff,
    0xf2, 0xff, 0xff, 0x15, 0xff, 0xfe, 0x0, 0x0,
    0x9f, 0xff, 0x9f, 0xff, 0xf1, 0x5f, 0xff, 0xe0,
    0x0, 0x0, 0xef, 0xff, 0xff, 0xff, 0x15, 0xff,
    0xfe, 0x0, 0x0, 0x5, 0xff, 0xff, 0xff, 0xf1,
    0x5f, 0xff, 0xe0, 0x0, 0x0, 0xa, 0xff, 0xff,
    0xff, 0x15, 0xff, 0xfe, 0x0, 0x0, 0x0, 0x1f,
    0xff, 0xff, 0xf1, 0x5f, 0xff, 0xe0, 0x0, 0x0,
    0x0, 0x6f, 0xff, 0xff, 0x15, 0xff, 0xfe, 0x0,
    0x0, 0x0, 0x0, 0xcf, 0xff, 0xf1,

    /* U+004F "O" */
    0x0, 0x0, 0x2, 0x8c, 0xff, 0xfd, 0x94, 0x0,
    0x0, 0x0, 0x0, 0x1, 0xaf, 0xff, 0xff, 0xff,
    0xff, 0xc2, 0x0, 0x0, 0x0, 0x2e, 0xff, 0xff,
    0xff, 0xff, 0xff, 0xff, 0x40, 0x0, 0x1, 0xdf,
    0xff, 0xff, 0xcb, 0xcf, 0xff, 0xff, 0xf3, 0x0,
    0x9, 0xff, 0xff, 0xa1, 0x0, 0x0, 0x8f, 0xff,
    0xfd, 0x0, 0x2f, 0xff, 0xfa, 0x0, 0x0, 0x0,
    0x6, 0xff, 0xff, 0x50, 0x7f, 0xff, 0xf1, 0x0,
    0x0, 0x0, 0x0, 0xcf, 0xff, 0xb0, 0xbf, 0xff,
    0x90, 0x0, 0x0, 0x0, 0x0, 0x6f, 0xff, 0xe0,
    0xdf, 0xff, 0x60, 0x0, 0x0, 0x0, 0x0, 0x3f,
    0xff, 0xf1, 0xff, 0xff, 0x40, 0x0, 0x0, 0x0,
    0x0, 0x1f, 0xff, 0xf2, 0xff, 0xff, 0x40, 0x0,
    0x0, 0x0, 0x0, 0x1f, 0xff, 0xf2, 0xdf, 0xff,
    0x60, 0x0, 0x0, 0x0, 0x0, 0x3f, 0xff, 0xf1,
    0xbf, 0xff, 0x90, 0x0, 0x0, 0x0, 0x0, 0x6f,
    0xff, 0xe0, 0x7f, 0xff, 0xf1, 0x0, 0x0, 0x0,
    0x0, 0xcf, 0xff, 0xb0, 0x2f, 0xff, 0xfa, 0x0,
    0x0, 0x0, 0x6, 0xff, 0xff, 0x50, 0x9, 0xff,
    0xff, 0xa1, 0x0, 0x0, 0x8f, 0xff, 0xfd, 0x0,
    0x1, 0xdf, 0xff, 0xff, 0xcb, 0xcf, 0xff, 0xff,
    0xf3, 0x0, 0x0, 0x2e, 0xff, 0xff, 0xff, 0xff,
    0xff, 0xff, 0x40, 0x0, 0x0, 0x1, 0xaf, 0xff,
    0xff, 0xff, 0xff, 0xc2, 0x0, 0x0, 0x0, 0x0,
    0x2, 0x8c, 0xff, 0xfd, 0x94, 0x0, 0x0, 0x0,

    /* U+0050 "P" */
    0x5f, 0xff, 0xff, 0xff, 0xff, 0xd9, 0x30, 0x0,
    0x5, 0xff, 0xff, 0xff, 0xff, 0xff, 0xff, 0xa0,
    0x0, 0x5f, 0xff, 0xff, 0xff, 0xff, 0xff, 0xff,
    0xb0, 0x5, 0xff, 0xfe, 0x77, 0x77, 0xaf, 0xff,
    0xff, 0x50, 0x5f, 0xff, 0xd0, 0x0, 0x0, 0x1d,
    0xff, 0xfb, 0x5, 0xff, 0xfd, 0x0, 0x0, 0x0,
    0x5f, 0xff, 0xf0, 0x5f, 0xff, 0xd0, 0x0, 0x0,
    0x2, 0xff, 0xff, 0x5, 0xff, 0xfd, 0x0, 0x0,
    0x0, 0x5f, 0xff, 0xf0, 0x5f, 0xff, 0xd0, 0x0,
    0x0, 0x1d, 0xff, 0xfb, 0x5, 0xff, 0xfe, 0x77,
    0x77, 0x9e, 0xff, 0xff, 0x50, 0x5f, 0xff, 0xff,
    0xff, 0xff, 0xff, 0xff, 0xb0, 0x5, 0xff, 0xff,
    0xff, 0xff, 0xff, 0xff, 0xa0, 0x0, 0x5f, 0xff,
    0xff, 0xff, 0xff, 0xd9, 0x30, 0x0, 0x5, 0xff,
    0xfd, 0x0, 0x0, 0x0, 0x0, 0x0, 0x0, 0x5f,
    0xff, 0xd0, 0x0, 0x0, 0x0, 0x0, 0x0, 0x5,
    0xff, 0xfd, 0x0, 0x0, 0x0, 0x0, 0x0, 0x0,
    0x5f, 0xff, 0xd0, 0x0, 0x0, 0x0, 0x0, 0x0,
    0x5, 0xff, 0xfd, 0x0, 0x0, 0x0, 0x0, 0x0,
    0x0, 0x5f, 0xff, 0xd0, 0x0, 0x0, 0x0, 0x0,
    0x0, 0x5, 0xff, 0xfd, 0x0, 0x0, 0x0, 0x0,
    0x0, 0x0,

    /* U+0051 "Q" */
    0x0, 0x0, 0x2, 0x8c, 0xff, 0xfd, 0x94, 0x0,
    0x0, 0x0, 0x0, 0x1, 0xaf, 0xff, 0xff, 0xff,
    0xff, 0xc2, 0x0, 0x0, 0x0, 0x2e, 0xff, 0xff,
    0xff, 0xff, 0xff, 0xff, 0x40, 0x0, 0x1, 0xdf,
    0xff, 0xff, 0xcb, 0xcf, 0xff, 0xff, 0xf3, 0x0,
    0x9, 0xff, 0xff, 0xa1, 0x0, 0x0, 0x8f, 0xff,
    0xfd, 0x0, 0x2f, 0xff, 0xfa, 0x0, 0x0, 0x0,
    0x6, 0xff, 0xff, 0x50, 0x7f, 0xff, 0xf1, 0x0,
    0x0, 0x0, 0x0, 0xcf, 0xff, 0xb0, 0xbf, 0xff,
    0x90, 0x0, 0x0, 0x0, 0x0, 0x6f, 0xff, 0xe0,
    0xdf, 0xff, 0x60, 0x0, 0x0, 0x0, 0x0, 0x3f,
    0xff, 0xf1, 0xff, 0xff, 0x40, 0x0, 0x0, 0x0,
    0x0, 0x1f, 0xff, 0xf2, 0xff, 0xff, 0x40, 0x0,
    0x0, 0x0, 0x0, 0x1f, 0xff, 0xf2, 0xdf, 0xff,
    0x60, 0x0, 0x0, 0x0, 0x0, 0x3f, 0xff, 0xf1,
    0xbf, 0xff, 0x90, 0x0, 0x0, 0x0, 0x0, 0x6f,
    0xff, 0xe0, 0x7f, 0xff, 0xf1, 0x0, 0x7f, 0xff,
    0x20, 0xcf, 0xff, 0xb0, 0x2f, 0xff, 0xfa, 0x0,
    0xa, 0xff, 0xd7, 0xff, 0xff, 0x50, 0x9, 0xff,
    0xff, 0xa1, 0x0, 0xdf, 0xff, 0xff, 0xfd, 0x0,
    0x1, 0xdf, 0xff, 0xff, 0xcb, 0xdf, 0xff, 0xff,
    0xf3, 0x0, 0x0, 0x2e, 0xff, 0xff, 0xff, 0xff,
    0xff, 0xff, 0x40, 0x0, 0x0, 0x1, 0xaf, 0xff,
    0xff, 0xff, 0xff, 0xff, 0x40, 0x0, 0x0, 0x0,
    0x2, 0x8c, 0xff, 0xfd, 0x9c, 0xff, 0xe2, 0x0,
    0x0, 0x0, 0x0, 0x0, 0x0, 0x0, 0x1, 0xef,
    0xfd, 0x0, 0x0, 0x0, 0x0, 0x0, 0x0, 0x0,
    0x0, 0x28, 0x88, 0x30,

    /* U+0052 "R" */
    0x5f, 0xff, 0xff, 0xff, 0xff, 0xda, 0x40, 0x0,
    0x5, 0xff, 0xff, 0xff, 0xff, 0xff, 0xff, 0xb1,
    0x0, 0x5f, 0xff, 0xff, 0xff, 0xff, 0xff, 0xff,
    0xc0, 0x5, 0xff, 0xfe, 0x77, 0x77, 0x9e, 0xff,
    0xff, 0x60, 0x5f, 0xff, 0xd0, 0x0, 0x0, 0x1c,
    0xff, 0xfd, 0x5, 0xff, 0xfd, 0x0, 0x0, 0x0,
    0x4f, 0xff, 0xf0, 0x5f, 0xff, 0xd0, 0x0, 0x0,
    0x1, 0xff, 0xff, 0x15, 0xff, 0xfd, 0x0, 0x0,
    0x0, 0x3f, 0xff, 0xf0, 0x5f, 0xff, 0xd0, 0x0,
    0x0, 0xb, 0xff, 0xfd, 0x5, 0xff, 0xfe, 0x55,
    0x55, 0x7d, 0xff, 0xff, 0x70, 0x5f, 0xff, 0xff,
    0xff, 0xff, 0xff, 0xff, 0xc0, 0x5, 0xff, 0xff,
    0xff, 0xff, 0xff, 0xff, 0xb1, 0x0, 0x5f, 0xff,
    0xff, 0xff, 0xff, 0xff, 0xb0, 0x0, 0x5, 0xff,
    0xfd, 0x0, 0x5, 0xff, 0xff, 0x20, 0x0, 0x5f,
    0xff, 0xd0, 0x0, 0xc, 0xff, 0xfb, 0x0, 0x5,
    0xff, 0xfd, 0x0, 0x0, 0x4f, 0xff, 0xf3, 0x0,
    0x5f, 0xff, 0xd0, 0x0, 0x0, 0xbf, 0xff, 0xc0,
    0x5, 0xff, 0xfd, 0x0, 0x0, 0x3, 0xff, 0xff,
    0x50, 0x5f, 0xff, 0xd0, 0x0, 0x0, 0xb, 0xff,
    0xfd, 0x5, 0xff, 0xfd, 0x0, 0x0, 0x0, 0x2f,
    0xff, 0xf6,

    /* U+0053 "S" */
    0x0, 0x0, 0x5a, 0xef, 0xfe, 0xc8, 0x20, 0x0,
    0x0, 0x4, 0xef, 0xff, 0xff, 0xff, 0xff, 0x80,
    0x0, 0x4, 0xff, 0xff, 0xff, 0xff, 0xff, 0xff,
    0x80, 0x0, 0xef, 0xff, 0xfb, 0x87, 0x9e, 0xff,
    0xff, 0x30, 0x5f, 0xff, 0xf4, 0x0, 0x0, 0x1d,
    0xff, 0xf9, 0x7, 0xff, 0xfc, 0x0, 0x0, 0x0,
    0x4f, 0xff, 0xc0, 0x6f, 0xff, 0xe0, 0x0, 0x0,
    0x0, 0x22, 0x21, 0x2, 0xff, 0xff, 0xc4, 0x0,
    0x0, 0x0, 0x0, 0x0, 0xa, 0xff, 0xff, 0xff,
    0xc8, 0x41, 0x0, 0x0, 0x0, 0x9, 0xff, 0xff,
    0xff, 0xff, 0xfb, 0x30, 0x0, 0x0, 0x3, 0x9e,
    0xff, 0xff, 0xff, 0xff, 0x90, 0x0, 0x0, 0x0,
    0x2, 0x69, 0xdf, 0xff, 0xff, 0x70, 0x0, 0x0,
    0x0, 0x0, 0x0, 0x3c, 0xff, 0xff, 0x8, 0x99,
    0x91, 0x0, 0x0, 0x0, 0x1f, 0xff, 0xf3, 0xdf,
    0xff, 0x50, 0x0, 0x0, 0x0, 0xff, 0xff, 0x39,
    0xff, 0xfe, 0x20, 0x0, 0x0, 0x9f, 0xff, 0xf1,
    0x3f, 0xff, 0xff, 0xb8, 0x79, 0xdf, 0xff, 0xfb,
    0x0, 0x8f, 0xff, 0xff, 0xff, 0xff, 0xff, 0xfe,
    0x20, 0x0, 0x7f, 0xff, 0xff, 0xff, 0xff, 0xfc,
    0x20, 0x0, 0x0, 0x17, 0xbe, 0xff, 0xfd, 0x94,
    0x0, 0x0,

    /* U+0054 "T" */
    0x3f, 0xff, 0xff, 0xff, 0xff, 0xff, 0xff, 0xff,
    0xf6, 0x3f, 0xff, 0xff, 0xff, 0xff, 0xff, 0xff,
    0xff, 0xf6, 0x3f, 0xff, 0xff, 0xff, 0xff, 0xff,
    0xff, 0xff, 0xf6, 0x18, 0x88, 0x88, 0x8f, 0xff,
    0xf9, 0x88, 0x88, 0x83, 0x0, 0x0, 0x0, 0xf,
    0xff, 0xf3, 0x0, 0x0, 0x0, 0x0, 0x0, 0x0,
    0xf, 0xff, 0xf3, 0x0, 0x0, 0x0, 0x0, 0x0,
    0x0, 0xf, 0xff, 0xf3, 0x0, 0x0, 0x0, 0x0,
    0x0, 0x0, 0xf, 0xff, 0xf3, 0x0, 0x0, 0x0,
    0x0, 0x0, 0x0, 0xf, 0xff, 0xf3, 0x0, 0x0,
    0x0, 0x0, 0x0, 0x0, 0xf, 0xff, 0xf3, 0x0,
    0x0, 0x0, 0x0, 0x0, 0x0, 0xf, 0xff, 0xf3,
    0x0, 0x0, 0x0, 0x0, 0x0, 0x0, 0xf, 0xff,
    0xf3, 0x0, 0x0, 0x0, 0x0, 0x0, 0x0, 0xf,
    0xff, 0xf3, 0x0, 0x0, 0x0, 0x0, 0x0, 0x0,
    0xf, 0xff, 0xf3, 0x0, 0x0, 0x0, 0x0, 0x0,
    0x0, 0xf, 0xff, 0xf3, 0x0, 0x0, 0x0, 0x0,
    0x0, 0x0, 0xf, 0xff, 0xf3, 0x0, 0x0, 0x0,
    0x0, 0x0, 0x0, 0xf, 0xff, 0xf3, 0x0, 0x0,
    0x0, 0x0, 0x0, 0x0, 0xf, 0xff, 0xf3, 0x0,
    0x0, 0x0, 0x0, 0x0, 0x0, 0xf, 0xff, 0xf3,
    0x0, 0x0, 0x0, 0x0, 0x0, 0x0, 0xf, 0xff,
    0xf3, 0x0, 0x0, 0x0,

    /* U+0055 "U" */
    0x5f, 0xff, 0xc0, 0x0, 0x0, 0x0, 0xb, 0xff,
    0xf7, 0x5f, 0xff, 0xc0, 0x0, 0x0, 0x0, 0xb,
    0xff, 0xf7, 0x5f, 0xff, 0xc0, 0x0, 0x0, 0x0,
    0xb, 0xff, 0xf7, 0x5f, 0xff, 0xc0, 0x0, 0x0,
    0x0, 0xb, 0xff, 0xf7, 0x5f, 0xff, 0xc0, 0x0,
    0x0, 0x0, 0xb, 0xff, 0xf7, 0x5f, 0xff, 0xc0,
    0x0, 0x0, 0x0, 0xb, 0xff, 0xf7, 0x5f, 0xff,
    0xc0, 0x0, 0x0, 0x0, 0xb, 0xff, 0xf7, 0x5f,
    0xff, 0xc0, 0x0, 0x0, 0x0, 0xb, 0xff, 0xf7,
    0x5f, 0xff, 0xc0, 0x0, 0x0, 0x0, 0xb, 0xff,
    0xf7, 0x5f, 0xff, 0xc0, 0x0, 0x0, 0x0, 0xb,
    0xff, 0xf7, 0x5f, 0xff, 0xc0, 0x0, 0x0, 0x0,
    0xb, 0xff, 0xf7, 0x5f, 0xff, 0xc0, 0x0, 0x0,
    0x0, 0xb, 0xff, 0xf7, 0x5f, 0xff, 0xc0, 0x0,
    0x0, 0x0, 0xb, 0xff, 0xf7, 0x5f, 0xff, 0xe0,
    0x0, 0x0, 0x0, 0xd, 0xff, 0xf6, 0x2f, 0xff,
    0xf6, 0x0, 0x0, 0x0, 0x4f, 0xff, 0xf3, 0xd,
    0xff, 0xff, 0x50, 0x0, 0x4, 0xff, 0xff, 0xe0,
    0x5, 0xff, 0xff, 0xfd, 0xaa, 0xdf, 0xff, 0xff,
    0x60, 0x0, 0x9f, 0xff, 0xff, 0xff, 0xff, 0xff,
    0xfa, 0x0, 0x0, 0x6, 0xff, 0xff, 0xff, 0xff,
    0xff, 0x70, 0x0, 0x0, 0x0, 0x17, 0xbe, 0xff,
    0xeb, 0x71, 0x0, 0x0,

    /* U+0056 "V" */
    0x7f, 0xff, 0xf2, 0x0, 0x0, 0x0, 0x0, 0xd,
    0xff, 0xfb, 0x1f, 0xff, 0xf7, 0x0, 0x0, 0x0,
    0x0, 0x2f, 0xff, 0xf6, 0xb, 0xff, 0xfd, 0x0,
    0x0, 0x0, 0x0, 0x7f, 0xff, 0xf0, 0x6, 0xff,
    0xff, 0x20, 0x0, 0x0, 0x0, 0xcf, 0xff, 0xa0,
    0x0, 0xff, 0xff, 0x80, 0x0, 0x0, 0x2, 0xff,
    0xff, 0x50, 0x0, 0xaf, 0xff, 0xd0, 0x0, 0x0,
    0x7, 0xff, 0xff, 0x0, 0x0, 0x4f, 0xff, 0xf2,
    0x0, 0x0, 0xc, 0xff, 0xfa, 0x0, 0x0, 0xe,
    0xff, 0xf8, 0x0, 0x0, 0x1f, 0xff, 0xf4, 0x0,
    0x0, 0x9, 0xff, 0xfd, 0x0, 0x0, 0x7f, 0xff,
    0xe0, 0x0, 0x0, 0x3, 0xff, 0xff, 0x30, 0x0,
    0xcf, 0xff, 0x90, 0x0, 0x0, 0x0, 0xef, 0xff,
    0x80, 0x1, 0xff, 0xff, 0x30, 0x0, 0x0, 0x0,
    0x8f, 0xff, 0xd0, 0x6, 0xff, 0xfe, 0x0, 0x0,
    0x0, 0x0, 0x2f, 0xff, 0xf1, 0xa, 0xff, 0xf8,
    0x0, 0x0, 0x0, 0x0, 0xd, 0xff, 0xf6, 0xe,
    0xff, 0xf2, 0x0, 0x0, 0x0, 0x0, 0x7, 0xff,
    0xfb, 0x3f, 0xff, 0xd0, 0x0, 0x0, 0x0, 0x0,
    0x1, 0xff, 0xff, 0x8f, 0xff, 0x70, 0x0, 0x0,
    0x0, 0x0, 0x0, 0xbf, 0xff, 0xff, 0xff, 0x20,
    0x0, 0x0, 0x0, 0x0, 0x0, 0x6f, 0xff, 0xff,
    0xfc, 0x0, 0x0, 0x0, 0x0, 0x0, 0x0, 0x1f,
    0xff, 0xff, 0xf6, 0x0, 0x0, 0x0, 0x0, 0x0,
    0x0, 0xa, 0xff, 0xff, 0xf1, 0x0, 0x0, 0x0,

    /* U+0057 "W" */
    0x7f, 0xff, 0xf0, 0x0, 0x0, 0x1, 0xff, 0xff,
    0x70, 0x0, 0x0, 0x9, 0xff, 0xfe, 0x3, 0xff,
    0xff, 0x30, 0x0, 0x0, 0x5f, 0xff, 0xfb, 0x0,
    0x0, 0x0, 0xdf, 0xff, 0xa0, 0xe, 0xff, 0xf7,
    0x0, 0x0, 0x9, 0xff, 0xff, 0xf0, 0x0, 0x0,
    0x1f, 0xff, 0xf6, 0x0, 0xaf, 0xff, 0xb0, 0x0,
    0x0, 0xdf, 0xff, 0xff, 0x30, 0x0, 0x5, 0xff,
    0xff, 0x10, 0x6, 0xff, 0xff, 0x0, 0x0, 0x1f,
    0xff, 0xff, 0xf8, 0x0, 0x0, 0x9f, 0xff, 0xd0,
    0x0, 0x1f, 0xff, 0xf3, 0x0, 0x5, 0xff, 0xfe,
    0xff, 0xc0, 0x0, 0xc, 0xff, 0xf8, 0x0, 0x0,
    0xdf, 0xff, 0x70, 0x0, 0x9f, 0xff, 0x9f, 0xff,
    0x0, 0x0, 0xff, 0xff, 0x40, 0x0, 0x9, 0xff,
    0xfb, 0x0, 0xd, 0xff, 0xc6, 0xff, 0xf4, 0x0,
    0x4f, 0xff, 0xf0, 0x0, 0x0, 0x4f, 0xff, 0xe0,
    0x1, 0xff, 0xf9, 0x2f, 0xff, 0x80, 0x8, 0xff,
    0xfb, 0x0, 0x0, 0x0, 0xff, 0xff, 0x20, 0x5f,
    0xff, 0x50, 0xef, 0xfc, 0x0, 0xcf, 0xff, 0x70,
    0x0, 0x0, 0xc, 0xff, 0xf6, 0x9, 0xff, 0xf1,
    0xa, 0xff, 0xf0, 0xf, 0xff, 0xf2, 0x0, 0x0,
    0x0, 0x7f, 0xff, 0x90, 0xdf, 0xfd, 0x0, 0x6f,
    0xff, 0x33, 0xff, 0xfe, 0x0, 0x0, 0x0, 0x3,
    0xff, 0xfc, 0xf, 0xff, 0x80, 0x2, 0xff, 0xf7,
    0x6f, 0xff, 0xa0, 0x0, 0x0, 0x0, 0xe, 0xff,
    0xf4, 0xff, 0xf4, 0x0, 0xd, 0xff, 0xa9, 0xff,
    0xf5, 0x0, 0x0, 0x0, 0x0, 0xaf, 0xff, 0x9f,
    0xff, 0x0, 0x0, 0x9f, 0xfd, 0xcf, 0xff, 0x10,
    0x0, 0x0, 0x0, 0x6, 0xff, 0xff, 0xff, 0xc0,
    0x0, 0x5, 0xff, 0xff, 0xff, 0xd0, 0x0, 0x0,
    0x0, 0x0, 0x1f, 0xff, 0xff, 0xf7, 0x0, 0x0,
    0x1f, 0xff, 0xff, 0xf8, 0x0, 0x0, 0x0, 0x0,
    0x0, 0xdf, 0xff, 0xff, 0x30, 0x0, 0x0, 0xdf,
    0xff, 0xff, 0x40, 0x0, 0x0, 0x0, 0x0, 0x9,
    0xff, 0xff, 0xf0, 0x0, 0x0, 0x8, 0xff, 0xff,
    0xf0, 0x0, 0x0, 0x0, 0x0, 0x0, 0x4f, 0xff,
    0xfb, 0x0, 0x0, 0x0, 0x4f, 0xff, 0xfb, 0x0,
    0x0, 0x0,

    /* U+0058 "X" */
    0x9, 0xff, 0xff, 0x30, 0x0, 0x0, 0x1, 0xef,
    0xff, 0xb0, 0x0, 0xef, 0xff, 0xd0, 0x0, 0x0,
    0xa, 0xff, 0xfe, 0x10, 0x0, 0x4f, 0xff, 0xf8,
    0x0, 0x0, 0x5f, 0xff, 0xf5, 0x0, 0x0, 0x9,
    0xff, 0xff, 0x30, 0x1, 0xef, 0xff, 0xa0, 0x0,
    0x0, 0x0, 0xdf, 0xff, 0xc0, 0xa, 0xff, 0xfe,
    0x10, 0x0, 0x0, 0x0, 0x3f, 0xff, 0xf6, 0x3f,
    0xff, 0xf4, 0x0, 0x0, 0x0, 0x0, 0x8, 0xff,
    0xfe, 0xdf, 0xff, 0x90, 0x0, 0x0, 0x0, 0x0,
    0x0, 0xdf, 0xff, 0xff, 0xfd, 0x0, 0x0, 0x0,
    0x0, 0x0, 0x0, 0x2f, 0xff, 0xff, 0xf3, 0x0,
    0x0, 0x0, 0x0, 0x0, 0x0, 0x8, 0xff, 0xff,
    0xa0, 0x0, 0x0, 0x0, 0x0, 0x0, 0x0, 0xc,
    0xff, 0xff, 0xe1, 0x0, 0x0, 0x0, 0x0, 0x0,
    0x0, 0x8f, 0xff, 0xff, 0xfb, 0x0, 0x0, 0x0,
    0x0, 0x0, 0x4, 0xff, 0xff, 0xff, 0xff, 0x60,
    0x0, 0x0, 0x0, 0x0, 0x1e, 0xff, 0xf9, 0x9f,
    0xff, 0xf2, 0x0, 0x0, 0x0, 0x0, 0xaf, 0xff,
    0xe1, 0xe, 0xff, 0xfc, 0x0, 0x0, 0x0, 0x6,
    0xff, 0xff, 0x50, 0x5, 0xff, 0xff, 0x80, 0x0,
    0x0, 0x2f, 0xff, 0xfa, 0x0, 0x0, 0xaf, 0xff,
    0xf3, 0x0, 0x0, 0xcf, 0xff, 0xe0, 0x0, 0x0,
    0x1e, 0xff, 0xfd, 0x0, 0x8, 0xff, 0xff, 0x30,
    0x0, 0x0, 0x4, 0xff, 0xff, 0x90, 0x4f, 0xff,
    0xf8, 0x0, 0x0, 0x0, 0x0, 0x9f, 0xff, 0xf4,

    /* U+0059 "Y" */
    0x5f, 0xff, 0xf8, 0x0, 0x0, 0x0, 0x0, 0xaf,
    0xff, 0xf2, 0xb, 0xff, 0xff, 0x10, 0x0, 0x0,
    0x3, 0xff, 0xff, 0x90, 0x2, 0xff, 0xff, 0xa0,
    0x0, 0x0, 0xb, 0xff, 0xfe, 0x10, 0x0, 0x8f,
    0xff, 0xf3, 0x0, 0x0, 0x4f, 0xff, 0xf6, 0x0,
    0x0, 0xe, 0xff, 0xfc, 0x0, 0x0, 0xdf, 0xff,
    0xc0, 0x0, 0x0, 0x5, 0xff, 0xff, 0x50, 0x5,
    0xff, 0xff, 0x30, 0x0, 0x0, 0x0, 0xbf, 0xff,
    0xd0, 0xe, 0xff, 0xf9, 0x0, 0x0, 0x0, 0x0,
    0x2f, 0xff, 0xf6, 0x6f, 0xff, 0xe1, 0x0, 0x0,
    0x0, 0x0, 0x8, 0xff, 0xfe, 0xef, 0xff, 0x60,
    0x0, 0x0, 0x0, 0x0, 0x0, 0xdf, 0xff, 0xff,
    0xfc, 0x0, 0x0, 0x0, 0x0, 0x0, 0x0, 0x4f,
    0xff, 0xff, 0xf3, 0x0, 0x0, 0x0, 0x0, 0x0,
    0x0, 0xb, 0xff, 0xff, 0xa0, 0x0, 0x0, 0x0,
    0x0, 0x0, 0x0, 0x2, 0xff, 0xff, 0x10, 0x0,
    0x0, 0x0, 0x0, 0x0, 0x0, 0x1, 0xff, 0xff,
    0x0, 0x0, 0x0, 0x0, 0x0, 0x0, 0x0, 0x1,
    0xff, 0xff, 0x0, 0x0, 0x0, 0x0, 0x0, 0x0,
    0x0, 0x1, 0xff, 0xff, 0x0, 0x0, 0x0, 0x0,
    0x0, 0x0, 0x0, 0x1, 0xff, 0xff, 0x0, 0x0,
    0x0, 0x0, 0x0, 0x0, 0x0, 0x1, 0xff, 0xff,
    0x0, 0x0, 0x0, 0x0, 0x0, 0x0, 0x0, 0x1,
    0xff, 0xff, 0x0, 0x0, 0x0, 0x0, 0x0, 0x0,
    0x0, 0x1, 0xff, 0xff, 0x0, 0x0, 0x0, 0x0,

    /* U+005A "Z" */
    0xbf, 0xff, 0xff, 0xff, 0xff, 0xff, 0xff, 0xff,
    0xb, 0xff, 0xff, 0xff, 0xff, 0xff, 0xff, 0xff,
    0xf0, 0xbf, 0xff, 0xff, 0xff, 0xff, 0xff, 0xff,
    0xff, 0x5, 0x77, 0x77, 0x77, 0x77, 0x7a, 0xff,
    0xff, 0x80, 0x0, 0x0, 0x0, 0x0, 0x1, 0xdf,
    0xff, 0xb0, 0x0, 0x0, 0x0, 0x0, 0x0, 0xcf,
    0xff, 0xe1, 0x0, 0x0, 0x0, 0x0, 0x0, 0x9f,
    0xff, 0xf3, 0x0, 0x0, 0x0, 0x0, 0x0, 0x5f,
    0xff, 0xf6, 0x0, 0x0, 0x0, 0x0, 0x0, 0x3f,
    0xff, 0xf9, 0x0, 0x0, 0x0, 0x0, 0x0, 0x1d,
    0xff, 0xfc, 0x0, 0x0, 0x0, 0x0, 0x0, 0xb,
    0xff, 0xfe, 0x20, 0x0, 0x0, 0x0, 0x0, 0x8,
    0xff, 0xff, 0x40, 0x0, 0x0, 0x0, 0x0, 0x4,
    0xff, 0xff, 0x70, 0x0, 0x0, 0x0, 0x0, 0x2,
    0xff, 0xff, 0xb0, 0x0, 0x0, 0x0, 0x0, 0x0,
    0xdf, 0xff, 0xd1, 0x0, 0x0, 0x0, 0x0, 0x0,
    0xaf, 0xff, 0xe2, 0x0, 0x0, 0x0, 0x0, 0x0,
    0x6f, 0xff, 0xfb, 0x77, 0x77, 0x77, 0x77, 0x77,
    0xe, 0xff, 0xff, 0xff, 0xff, 0xff, 0xff, 0xff,
    0xf0, 0xef, 0xff, 0xff, 0xff, 0xff, 0xff, 0xff,
    0xff, 0xe, 0xff, 0xff, 0xff, 0xff, 0xff, 0xff,
    0xff, 0xf0,

    /* U+005B "[" */
    0x12, 0x22, 0x22, 0x1e, 0xff, 0xff, 0xfb, 0xef,
    0xff, 0xff, 0xbe, 0xff, 0xff, 0xfb, 0xef, 0xff,
    0x10, 0xe, 0xff, 0xf1, 0x0, 0xef, 0xff, 0x10,
    0xe, 0xff, 0xf1, 0x0, 0xef, 0xff, 0x10, 0xe,
    0xff, 0xf1, 0x0, 0xef, 0xff, 0x10, 0xe, 0xff,
    0xf1, 0x0, 0xef, 0xff, 0x10, 0xe, 0xff, 0xf1,
    0x0, 0xef, 0xff, 0x10, 0xe, 0xff, 0xf1, 0x0,
    0xef, 0xff, 0x10, 0xe, 0xff, 0xf1, 0x0, 0xef,
    0xff, 0x10, 0xe, 0xff, 0xf1, 0x0, 0xef, 0xff,
    0x10, 0xe, 0xff, 0xf1, 0x0, 0xef, 0xff, 0x32,
    0x1e, 0xff, 0xff, 0xfb, 0xef, 0xff, 0xff, 0xbe,
    0xff, 0xff, 0xfb,

    /* U+005C "\\" */
    0x58, 0x86, 0x0, 0x0, 0x0, 0x8, 0xff, 0xf0,
    0x0, 0x0, 0x0, 0x4f, 0xff, 0x40, 0x0, 0x0,
    0x0, 0xff, 0xf8, 0x0, 0x0, 0x0, 0xb, 0xff,
    0xc0, 0x0, 0x0, 0x0, 0x7f, 0xff, 0x10, 0x0,
    0x0, 0x3, 0xff, 0xf5, 0x0, 0x0, 0x0, 0xe,
    0xff, 0x90, 0x0, 0x0, 0x0, 0xaf, 0xfe, 0x0,
    0x0, 0x0, 0x6, 0xff, 0xf2, 0x0, 0x0, 0x0,
    0x1f, 0xff, 0x60, 0x0, 0x0, 0x0, 0xdf, 0xfa,
    0x0, 0x0, 0x0, 0x9, 0xff, 0xf0, 0x0, 0x0,
    0x0, 0x5f, 0xff, 0x30, 0x0, 0x0, 0x0, 0xff,
    0xf7, 0x0, 0x0, 0x0, 0xc, 0xff, 0xc0, 0x0,
    0x0, 0x0, 0x8f, 0xff, 0x0, 0x0, 0x0, 0x3,
    0xff, 0xf4, 0x0, 0x0, 0x0, 0xf, 0xff, 0x80,
    0x0, 0x0, 0x0, 0xbf, 0xfd, 0x0, 0x0, 0x0,
    0x7, 0xff, 0xf1, 0x0, 0x0, 0x0, 0x2f, 0xff,
    0x50, 0x0, 0x0, 0x0, 0xef, 0xfa, 0x0, 0x0,
    0x0, 0xa, 0xff, 0xe0, 0x0, 0x0, 0x0, 0x5f,
    0xff, 0x20,

    /* U+005D "]" */
    0x12, 0x22, 0x22, 0x1d, 0xff, 0xff, 0xfc, 0xdf,
    0xff, 0xff, 0xcd, 0xff, 0xff, 0xfc, 0x0, 0x4f,
    0xff, 0xc0, 0x4, 0xff, 0xfc, 0x0, 0x4f, 0xff,
    0xc0, 0x4, 0xff, 0xfc, 0x0, 0x4f, 0xff, 0xc0,
    0x4, 0xff, 0xfc, 0x0, 0x4f, 0xff, 0xc0, 0x4,
    0xff, 0xfc, 0x0, 0x4f, 0xff, 0xc0, 0x4, 0xff,
    0xfc, 0x0, 0x4f, 0xff, 0xc0, 0x4, 0xff, 0xfc,
    0x0, 0x4f, 0xff, 0xc0, 0x4, 0xff, 0xfc, 0x0,
    0x4f, 0xff, 0xc0, 0x4, 0xff, 0xfc, 0x0, 0x4f,
    0xff, 0xc0, 0x4, 0xff, 0xfc, 0x12, 0x5f, 0xff,
    0xcd, 0xff, 0xff, 0xfc, 0xdf, 0xff, 0xff, 0xcd,
    0xff, 0xff, 0xfc,

    /* U+005E "^" */
    0x0, 0x0, 0x3e, 0xee, 0x60, 0x0, 0x0, 0x0,
    0xa, 0xff, 0xfe, 0x0, 0x0, 0x0, 0x2, 0xff,
    0xff, 0xf6, 0x0, 0x0, 0x0, 0x9f, 0xf9, 0xff,
    0xd0, 0x0, 0x0, 0x1f, 0xfe, 0xb, 0xff, 0x50,
    0x0, 0x8, 0xff, 0x80, 0x3f, 0xfc, 0x0, 0x1,
    0xff, 0xf1, 0x0, 0xcf, 0xf4, 0x0, 0x7f, 0xfa,
    0x0, 0x5, 0xff, 0xb0, 0xe, 0xff, 0x20, 0x0,
    0xe, 0xff, 0x30, 0x22, 0x10, 0x0, 0x0, 0x12,
    0x20,

    /* U+005F "_" */
    0x11, 0x11, 0x11, 0x11, 0x11, 0x11, 0x10, 0xff,
    0xff, 0xff, 0xff, 0xff, 0xff, 0xf5, 0xff, 0xff,
    0xff, 0xff, 0xff, 0xff, 0xf5, 0xff, 0xff, 0xff,
    0xff, 0xff, 0xff, 0xf5,

    /* U+0060 "`" */
    0x14, 0x44, 0x10, 0x1, 0xef, 0xfb, 0x0, 0x3,
    0xff, 0xf4, 0x0, 0x7, 0xff, 0xc0, 0x0, 0xb,
    0xff, 0x40,

    /* U+0061 "a" */
    0x0, 0x0, 0x6b, 0xef, 0xfe, 0xa4, 0x0, 0x0,
    0x2, 0xdf, 0xff, 0xff, 0xff, 0xfb, 0x0, 0x0,
    0xdf, 0xff, 0xff, 0xff, 0xff, 0xf9, 0x0, 0x5f,
    0xff, 0xd4, 0x1, 0x7f, 0xff, 0xf0, 0x4, 0x9a,
    0xb3, 0x0, 0x0, 0xdf, 0xff, 0x30, 0x0, 0x0,
    0x0, 0x0, 0x3e, 0xff, 0xf4, 0x0, 0x1, 0x69,
    0xcd, 0xff, 0xff, 0xff, 0x40, 0x8, 0xff, 0xff,
    0xff, 0xff, 0xff, 0xf4, 0x8, 0xff, 0xff, 0xd9,
    0x73, 0xcf, 0xff, 0x40, 0xff, 0xff, 0x40, 0x0,
    0xc, 0xff, 0xf4, 0x1f, 0xff, 0xc0, 0x0, 0x0,
    0xff, 0xff, 0x40, 0xff, 0xff, 0x40, 0x1, 0xbf,
    0xff, 0xf4, 0xb, 0xff, 0xff, 0xed, 0xff, 0xff,
    0xff, 0x40, 0x2e, 0xff, 0xff, 0xff, 0xaa, 0xff,
    0xf4, 0x0, 0x19, 0xdf, 0xfd, 0x60, 0xaf, 0xff,
    0x40,

    /* U+0062 "b" */
    0x6f, 0xff, 0xa0, 0x0, 0x0, 0x0, 0x0, 0x0,
    0x6f, 0xff, 0xa0, 0x0, 0x0, 0x0, 0x0, 0x0,
    0x6f, 0xff, 0xa0, 0x0, 0x0, 0x0, 0x0, 0x0,
    0x6f, 0xff, 0xa0, 0x0, 0x0, 0x0, 0x0, 0x0,
    0x6f, 0xff, 0xa0, 0x0, 0x0, 0x0, 0x0, 0x0,
    0x6f, 0xff, 0xa0, 0x5c, 0xff, 0xc7, 0x0, 0x0,
    0x6f, 0xff, 0xa9, 0xff, 0xff, 0xff, 0xd1, 0x0,
    0x6f, 0xff, 0xef, 0xff, 0xff, 0xff, 0xfc, 0x0,
    0x6f, 0xff, 0xff, 0x84, 0x5b, 0xff, 0xff, 0x60,
    0x6f, 0xff, 0xf5, 0x0, 0x0, 0xbf, 0xff, 0xc0,
    0x6f, 0xff, 0xc0, 0x0, 0x0, 0x3f, 0xff, 0xf0,
    0x6f, 0xff, 0x90, 0x0, 0x0, 0xf, 0xff, 0xf2,
    0x6f, 0xff, 0x70, 0x0, 0x0, 0xe, 0xff, 0xf3,
    0x6f, 0xff, 0x90, 0x0, 0x0, 0xf, 0xff, 0xf2,
    0x6f, 0xff, 0xd0, 0x0, 0x0, 0x3f, 0xff, 0xf0,
    0x6f, 0xff, 0xf5, 0x0, 0x0, 0xbf, 0xff, 0xc0,
    0x6f, 0xff, 0xff, 0x95, 0x5c, 0xff, 0xff, 0x60,
    0x6f, 0xff, 0xdf, 0xff, 0xff, 0xff, 0xfc, 0x0,
    0x6f, 0xff, 0x99, 0xff, 0xff, 0xff, 0xd1, 0x0,
    0x6f, 0xff, 0x90, 0x6c, 0xff, 0xc7, 0x0, 0x0,

    /* U+0063 "c" */
    0x0, 0x0, 0x28, 0xdf, 0xfe, 0xb6, 0x0, 0x0,
    0x0, 0x6, 0xff, 0xff, 0xff, 0xff, 0xd1, 0x0,
    0x0, 0x6f, 0xff, 0xff, 0xff, 0xff, 0xfd, 0x0,
    0x2, 0xff, 0xff, 0xc5, 0x37, 0xef, 0xff, 0x80,
    0x8, 0xff, 0xfd, 0x0, 0x0, 0x3f, 0xff, 0xe0,
    0xd, 0xff, 0xf5, 0x0, 0x0, 0x8, 0x87, 0x60,
    0xf, 0xff, 0xf2, 0x0, 0x0, 0x0, 0x0, 0x0,
    0xf, 0xff, 0xf0, 0x0, 0x0, 0x0, 0x0, 0x0,
    0xf, 0xff, 0xf2, 0x0, 0x0, 0x0, 0x0, 0x0,
    0xd, 0xff, 0xf5, 0x0, 0x0, 0x9, 0x98, 0x70,
    0x8, 0xff, 0xfd, 0x0, 0x0, 0x4f, 0xff, 0xe0,
    0x2, 0xff, 0xff, 0xc5, 0x37, 0xff, 0xff, 0x80,
    0x0, 0x6f, 0xff, 0xff, 0xff, 0xff, 0xfd, 0x0,
    0x0, 0x6, 0xff, 0xff, 0xff, 0xff, 0xc1, 0x0,
    0x0, 0x0, 0x18, 0xdf, 0xfe, 0xb6, 0x0, 0x0,

    /* U+0064 "d" */
    0x0, 0x0, 0x0, 0x0, 0x0, 0x7, 0xff, 0xf9,
    0x0, 0x0, 0x0, 0x0, 0x0, 0x7, 0xff, 0xf9,
    0x0, 0x0, 0x0, 0x0, 0x0, 0x7, 0xff, 0xf9,
    0x0, 0x0, 0x0, 0x0, 0x0, 0x7, 0xff, 0xf9,
    0x0, 0x0, 0x0, 0x0, 0x0, 0x7, 0xff, 0xf9,
    0x0, 0x0, 0x6c, 0xff, 0xd7, 0x7, 0xff, 0xf9,
    0x0, 0xb, 0xff, 0xff, 0xff, 0xb7, 0xff, 0xf9,
    0x0, 0xaf, 0xff, 0xff, 0xff, 0xfe, 0xff, 0xf9,
    0x4, 0xff, 0xff, 0xd5, 0x47, 0xff, 0xff, 0xf9,
    0xa, 0xff, 0xfd, 0x0, 0x0, 0x3f, 0xff, 0xf9,
    0xe, 0xff, 0xf5, 0x0, 0x0, 0xa, 0xff, 0xf9,
    0xf, 0xff, 0xf2, 0x0, 0x0, 0x6, 0xff, 0xf9,
    0xf, 0xff, 0xf1, 0x0, 0x0, 0x5, 0xff, 0xf9,
    0xf, 0xff, 0xf2, 0x0, 0x0, 0x6, 0xff, 0xf9,
    0xe, 0xff, 0xf6, 0x0, 0x0, 0xa, 0xff, 0xf9,
    0xa, 0xff, 0xfd, 0x0, 0x0, 0x3f, 0xff, 0xf9,
    0x4, 0xff, 0xff, 0xd6, 0x48, 0xff, 0xff, 0xf9,
    0x0, 0xaf, 0xff, 0xff, 0xff, 0xfd, 0xff, 0xf9,
    0x0, 0xb, 0xff, 0xff, 0xff, 0xb7, 0xff, 0xf9,
    0x0, 0x0, 0x6c, 0xff, 0xd7, 0x7, 0xff, 0xf9,

    /* U+0065 "e" */
    0x0, 0x0, 0x28, 0xdf, 0xfe, 0xa4, 0x0, 0x0,
    0x0, 0x6, 0xff, 0xff, 0xff, 0xff, 0xa0, 0x0,
    0x0, 0x6f, 0xff, 0xff, 0xff, 0xff, 0xfa, 0x0,
    0x1, 0xff, 0xff, 0x72, 0x14, 0xdf, 0xff, 0x50,
    0x8, 0xff, 0xf7, 0x0, 0x0, 0x1f, 0xff, 0xc0,
    0xd, 0xff, 0xf0, 0x0, 0x0, 0xb, 0xff, 0xf1,
    0xf, 0xff, 0xff, 0xff, 0xff, 0xff, 0xff, 0xf3,
    0xf, 0xff, 0xff, 0xff, 0xff, 0xff, 0xff, 0xf4,
    0xf, 0xff, 0xf8, 0x88, 0x88, 0x88, 0x88, 0x82,
    0xd, 0xff, 0xf1, 0x0, 0x0, 0x0, 0x0, 0x0,
    0x9, 0xff, 0xf7, 0x0, 0x0, 0x9, 0xa9, 0x70,
    0x2, 0xff, 0xff, 0x82, 0x2, 0xaf, 0xff, 0xb0,
    0x0, 0x7f, 0xff, 0xff, 0xff, 0xff, 0xff, 0x20,
    0x0, 0x7, 0xff, 0xff, 0xff, 0xff, 0xe3, 0x0,
    0x0, 0x0, 0x28, 0xdf, 0xfe, 0xb6, 0x0, 0x0,

    /* U+0066 "f" */
    0x0, 0x0, 0x2a, 0xef, 0xfe, 0x30, 0x0, 0x3f,
    0xff, 0xff, 0xf2, 0x0, 0xc, 0xff, 0xff, 0xff,
    0x0, 0x0, 0xff, 0xff, 0x83, 0x30, 0x0, 0x1f,
    0xff, 0xf0, 0x0, 0xb, 0xff, 0xff, 0xff, 0xff,
    0xf0, 0xbf, 0xff, 0xff, 0xff, 0xff, 0xb, 0xff,
    0xff, 0xff, 0xff, 0xf0, 0x12, 0x3f, 0xff, 0xf2,
    0x22, 0x0, 0x1, 0xff, 0xff, 0x0, 0x0, 0x0,
    0x1f, 0xff, 0xf0, 0x0, 0x0, 0x1, 0xff, 0xff,
    0x0, 0x0, 0x0, 0x1f, 0xff, 0xf0, 0x0, 0x0,
    0x1, 0xff, 0xff, 0x0, 0x0, 0x0, 0x1f, 0xff,
    0xf0, 0x0, 0x0, 0x1, 0xff, 0xff, 0x0, 0x0,
    0x0, 0x1f, 0xff, 0xf0, 0x0, 0x0, 0x1, 0xff,
    0xff, 0x0, 0x0, 0x0, 0x1f, 0xff, 0xf0, 0x0,
    0x0, 0x1, 0xff, 0xff, 0x0, 0x0,

    /* U+0067 "g" */
    0x0, 0x0, 0x5c, 0xff, 0xd7, 0x6, 0xff, 0xf9,
    0x0, 0xb, 0xff, 0xff, 0xff, 0xb7, 0xff, 0xf9,
    0x0, 0x9f, 0xff, 0xff, 0xff, 0xfe, 0xff, 0xf9,
    0x3, 0xff, 0xff, 0xc5, 0x37, 0xef, 0xff, 0xf9,
    0x9, 0xff, 0xfd, 0x0, 0x0, 0x3f, 0xff, 0xf9,
    0xd, 0xff, 0xf6, 0x0, 0x0, 0xa, 0xff, 0xf9,
    0xf, 0xff, 0xf2, 0x0, 0x0, 0x6, 0xff, 0xf9,
    0xf, 0xff, 0xf1, 0x0, 0x0, 0x5, 0xff, 0xf9,
    0xf, 0xff, 0xf2, 0x0, 0x0, 0x6, 0xff, 0xf9,
    0xe, 0xff, 0xf5, 0x0, 0x0, 0xa, 0xff, 0xf9,
    0xa, 0xff, 0xfc, 0x0, 0x0, 0x2f, 0xff, 0xf9,
    0x4, 0xff, 0xff, 0xb4, 0x26, 0xef, 0xff, 0xf9,
    0x0, 0xbf, 0xff, 0xff, 0xff, 0xfe, 0xff, 0xf9,
    0x0, 0xc, 0xff, 0xff, 0xff, 0xc7, 0xff, 0xf9,
    0x0, 0x0, 0x6c, 0xff, 0xd7, 0x7, 0xff, 0xf9,
    0x0, 0x0, 0x0, 0x0, 0x0, 0x7, 0xff, 0xf8,
    0x1, 0x57, 0x94, 0x0, 0x0, 0xc, 0xff, 0xf6,
    0x3, 0xff, 0xff, 0x60, 0x1, 0x9f, 0xff, 0xf1,
    0x0, 0xaf, 0xff, 0xff, 0xff, 0xff, 0xff, 0x70,
    0x0, 0xa, 0xff, 0xff, 0xff, 0xff, 0xf7, 0x0,
    0x0, 0x0, 0x4a, 0xdf, 0xff, 0xc8, 0x20, 0x0,

    /* U+0068 "h" */
    0x6f, 0xff, 0x90, 0x0, 0x0, 0x0, 0x0, 0x6,
    0xff, 0xf9, 0x0, 0x0, 0x0, 0x0, 0x0, 0x6f,
    0xff, 0x90, 0x0, 0x0, 0x0, 0x0, 0x6, 0xff,
    0xf9, 0x0, 0x0, 0x0, 0x0, 0x0, 0x6f, 0xff,
    0x90, 0x0, 0x0, 0x0, 0x0, 0x6, 0xff, 0xf9,
    0x4, 0xcf, 0xfd, 0x70, 0x0, 0x6f, 0xff, 0x96,
    0xff, 0xff, 0xff, 0xc0, 0x6, 0xff, 0xfc, 0xff,
    0xff, 0xff, 0xff, 0x90, 0x6f, 0xff, 0xff, 0x97,
    0x9f, 0xff, 0xff, 0x6, 0xff, 0xff, 0x40, 0x0,
    0x5f, 0xff, 0xf3, 0x6f, 0xff, 0xc0, 0x0, 0x0,
    0xef, 0xff, 0x46, 0xff, 0xfa, 0x0, 0x0, 0xc,
    0xff, 0xf4, 0x6f, 0xff, 0xa0, 0x0, 0x0, 0xcf,
    0xff, 0x46, 0xff, 0xfa, 0x0, 0x0, 0xc, 0xff,
    0xf4, 0x6f, 0xff, 0xa0, 0x0, 0x0, 0xcf, 0xff,
    0x46, 0xff, 0xfa, 0x0, 0x0, 0xc, 0xff, 0xf4,
    0x6f, 0xff, 0xa0, 0x0, 0x0, 0xcf, 0xff, 0x46,
    0xff, 0xfa, 0x0, 0x0, 0xc, 0xff, 0xf4, 0x6f,
    0xff, 0xa0, 0x0, 0x0, 0xcf, 0xff, 0x46, 0xff,
    0xfa, 0x0, 0x0, 0xc, 0xff, 0xf4,

    /* U+0069 "i" */
    0x3, 0x74, 0x5, 0xff, 0xf7, 0xaf, 0xff, 0xd7,
    0xff, 0xf9, 0x7, 0xb8, 0x0, 0x0, 0x0, 0x6f,
    0xff, 0xa6, 0xff, 0xfa, 0x6f, 0xff, 0xa6, 0xff,
    0xfa, 0x6f, 0xff, 0xa6, 0xff, 0xfa, 0x6f, 0xff,
    0xa6, 0xff, 0xfa, 0x6f, 0xff, 0xa6, 0xff, 0xfa,
    0x6f, 0xff, 0xa6, 0xff, 0xfa, 0x6f, 0xff, 0xa6,
    0xff, 0xfa, 0x6f, 0xff, 0xa0,

    /* U+006A "j" */
    0x0, 0x3, 0x75, 0x0, 0x5, 0xff, 0xf8, 0x0,
    0xaf, 0xff, 0xd0, 0x6, 0xff, 0xfa, 0x0, 0x7,
    0xb8, 0x0, 0x0, 0x0, 0x0, 0x0, 0x6f, 0xff,
    0xa0, 0x6, 0xff, 0xfa, 0x0, 0x6f, 0xff, 0xa0,
    0x6, 0xff, 0xfa, 0x0, 0x6f, 0xff, 0xa0, 0x6,
    0xff, 0xfa, 0x0, 0x6f, 0xff, 0xa0, 0x6, 0xff,
    0xfa, 0x0, 0x6f, 0xff, 0xa0, 0x6, 0xff, 0xfa,
    0x0, 0x6f, 0xff, 0xa0, 0x6, 0xff, 0xfa, 0x0,
    0x6f, 0xff, 0xa0, 0x6, 0xff, 0xfa, 0x0, 0x6f,
    0xff, 0xa0, 0x6, 0xff, 0xfa, 0x0, 0x7f, 0xff,
    0xa2, 0x4e, 0xff, 0xf8, 0xdf, 0xff, 0xff, 0x3d,
    0xff, 0xff, 0x80, 0xdf, 0xeb, 0x50, 0x0,

    /* U+006B "k" */
    0x6f, 0xff, 0xa0, 0x0, 0x0, 0x0, 0x0, 0x6,
    0xff, 0xfa, 0x0, 0x0, 0x0, 0x0, 0x0, 0x6f,
    0xff, 0xa0, 0x0, 0x0, 0x0, 0x0, 0x6, 0xff,
    0xfa, 0x0, 0x0, 0x0, 0x0, 0x0, 0x6f, 0xff,
    0xa0, 0x0, 0x0, 0x0, 0x0, 0x6, 0xff, 0xfa,
    0x0, 0x0, 0xaf, 0xff, 0xe2, 0x6f, 0xff, 0xa0,
    0x0, 0x7f, 0xff, 0xf4, 0x6, 0xff, 0xfa, 0x0,
    0x5f, 0xff, 0xf6, 0x0, 0x6f, 0xff, 0xa0, 0x3f,
    0xff, 0xf8, 0x0, 0x6, 0xff, 0xfa, 0x2e, 0xff,
    0xfa, 0x0, 0x0, 0x6f, 0xff, 0xbd, 0xff, 0xfc,
    0x0, 0x0, 0x6, 0xff, 0xff, 0xff, 0xff, 0x10,
    0x0, 0x0, 0x6f, 0xff, 0xff, 0xff, 0xf7, 0x0,
    0x0, 0x6, 0xff, 0xff, 0xff, 0xff, 0xf3, 0x0,
    0x0, 0x6f, 0xff, 0xf6, 0xdf, 0xff, 0xd0, 0x0,
    0x6, 0xff, 0xfb, 0x2, 0xff, 0xff, 0x90, 0x0,
    0x6f, 0xff, 0xa0, 0x6, 0xff, 0xff, 0x40, 0x6,
    0xff, 0xfa, 0x0, 0xb, 0xff, 0xfe, 0x10, 0x6f,
    0xff, 0xa0, 0x0, 0x1e, 0xff, 0xfb, 0x6, 0xff,
    0xfa, 0x0, 0x0, 0x4f, 0xff, 0xf7,

    /* U+006C "l" */
    0x6f, 0xff, 0xa6, 0xff, 0xfa, 0x6f, 0xff, 0xa6,
    0xff, 0xfa, 0x6f, 0xff, 0xa6, 0xff, 0xfa, 0x6f,
    0xff, 0xa6, 0xff, 0xfa, 0x6f, 0xff, 0xa6, 0xff,
    0xfa, 0x6f, 0xff, 0xa6, 0xff, 0xfa, 0x6f, 0xff,
    0xa6, 0xff, 0xfa, 0x6f, 0xff, 0xa6, 0xff, 0xfa,
    0x6f, 0xff, 0xa6, 0xff, 0xfa, 0x6f, 0xff, 0xa6,
    0xff, 0xfa,

    /* U+006D "m" */
    0x6f, 0xff, 0x60, 0x6c, 0xff, 0xb3, 0x0, 0x29,
    0xef, 0xeb, 0x30, 0x6, 0xff, 0xf7, 0xaf, 0xff,
    0xff, 0xf3, 0x4f, 0xff, 0xff, 0xff, 0x40, 0x6f,
    0xff, 0xdf, 0xff, 0xff, 0xff, 0xde, 0xff, 0xff,
    0xff, 0xfe, 0x6, 0xff, 0xff, 0xe7, 0x6b, 0xff,
    0xff, 0xfd, 0x66, 0xcf, 0xff, 0xf5, 0x6f, 0xff,
    0xf2, 0x0, 0xb, 0xff, 0xfe, 0x0, 0x0, 0xdf,
    0xff, 0x76, 0xff, 0xfb, 0x0, 0x0, 0x7f, 0xff,
    0x80, 0x0, 0x9, 0xff, 0xf8, 0x6f, 0xff, 0xa0,
    0x0, 0x6, 0xff, 0xf8, 0x0, 0x0, 0x8f, 0xff,
    0x86, 0xff, 0xfa, 0x0, 0x0, 0x6f, 0xff, 0x80,
    0x0, 0x8, 0xff, 0xf8, 0x6f, 0xff, 0xa0, 0x0,
    0x6, 0xff, 0xf8, 0x0, 0x0, 0x8f, 0xff, 0x86,
    0xff, 0xfa, 0x0, 0x0, 0x6f, 0xff, 0x80, 0x0,
    0x8, 0xff, 0xf8, 0x6f, 0xff, 0xa0, 0x0, 0x6,
    0xff, 0xf8, 0x0, 0x0, 0x8f, 0xff, 0x86, 0xff,
    0xfa, 0x0, 0x0, 0x6f, 0xff, 0x80, 0x0, 0x8,
    0xff, 0xf8, 0x6f, 0xff, 0xa0, 0x0, 0x6, 0xff,
    0xf8, 0x0, 0x0, 0x8f, 0xff, 0x86, 0xff, 0xfa,
    0x0, 0x0, 0x6f, 0xff, 0x80, 0x0, 0x8, 0xff,
    0xf8, 0x6f, 0xff, 0xa0, 0x0, 0x6, 0xff, 0xf8,
    0x0, 0x0, 0x8f, 0xff, 0x80,

    /* U+006E "n" */
    0x6f, 0xff, 0x80, 0x5c, 0xff, 0xd7, 0x0, 0x6,
    0xff, 0xf8, 0x9f, 0xff, 0xff, 0xfc, 0x0, 0x6f,
    0xff, 0xdf, 0xff, 0xff, 0xff, 0xf9, 0x6, 0xff,
    0xff, 0xf9, 0x79, 0xff, 0xff, 0xf0, 0x6f, 0xff,
    0xf4, 0x0, 0x5, 0xff, 0xff, 0x36, 0xff, 0xfc,
    0x0, 0x0, 0xe, 0xff, 0xf4, 0x6f, 0xff, 0xa0,
    0x0, 0x0, 0xcf, 0xff, 0x46, 0xff, 0xfa, 0x0,
    0x0, 0xc, 0xff, 0xf4, 0x6f, 0xff, 0xa0, 0x0,
    0x0, 0xcf, 0xff, 0x46, 0xff, 0xfa, 0x0, 0x0,
    0xc, 0xff, 0xf4, 0x6f, 0xff, 0xa0, 0x0, 0x0,
    0xcf, 0xff, 0x46, 0xff, 0xfa, 0x0, 0x0, 0xc,
    0xff, 0xf4, 0x6f, 0xff, 0xa0, 0x0, 0x0, 0xcf,
    0xff, 0x46, 0xff, 0xfa, 0x0, 0x0, 0xc, 0xff,
    0xf4, 0x6f, 0xff, 0xa0, 0x0, 0x0, 0xcf, 0xff,
    0x40,

    /* U+006F "o" */
    0x0, 0x0, 0x18, 0xcf, 0xfe, 0xb6, 0x0, 0x0,
    0x0, 0x6, 0xff, 0xff, 0xff, 0xff, 0xd2, 0x0,
    0x0, 0x6f, 0xff, 0xff, 0xff, 0xff, 0xfe, 0x20,
    0x1, 0xff, 0xff, 0xc5, 0x47, 0xff, 0xff, 0xb0,
    0x8, 0xff, 0xfd, 0x0, 0x0, 0x3f, 0xff, 0xf3,
    0xd, 0xff, 0xf5, 0x0, 0x0, 0xb, 0xff, 0xf7,
    0xf, 0xff, 0xf2, 0x0, 0x0, 0x7, 0xff, 0xfa,
    0xf, 0xff, 0xf0, 0x0, 0x0, 0x6, 0xff, 0xfb,
    0xf, 0xff, 0xf2, 0x0, 0x0, 0x7, 0xff, 0xfa,
    0xd, 0xff, 0xf5, 0x0, 0x0, 0xb, 0xff, 0xf8,
    0x8, 0xff, 0xfd, 0x0, 0x0, 0x3f, 0xff, 0xf3,
    0x2, 0xff, 0xff, 0xc5, 0x47, 0xff, 0xff, 0xb0,
    0x0, 0x6f, 0xff, 0xff, 0xff, 0xff, 0xfe, 0x20,
    0x0, 0x6, 0xff, 0xff, 0xff, 0xff, 0xd2, 0x0,
    0x0, 0x0, 0x18, 0xcf, 0xfe, 0xb6, 0x0, 0x0,

    /* U+0070 "p" */
    0x6f, 0xff, 0x90, 0x6c, 0xff, 0xc7, 0x0, 0x0,
    0x6f, 0xff, 0x9a, 0xff, 0xff, 0xff, 0xd1, 0x0,
    0x6f, 0xff, 0xef, 0xff, 0xff, 0xff, 0xfc, 0x0,
    0x6f, 0xff, 0xff, 0x84, 0x5b, 0xff, 0xff, 0x60,
    0x6f, 0xff, 0xf5, 0x0, 0x0, 0xbf, 0xff, 0xc0,
    0x6f, 0xff, 0xc0, 0x0, 0x0, 0x3f, 0xff, 0xf0,
    0x6f, 0xff, 0x90, 0x0, 0x0, 0xf, 0xff, 0xf2,
    0x6f, 0xff, 0x70, 0x0, 0x0, 0xe, 0xff, 0xf3,
    0x6f, 0xff, 0x90, 0x0, 0x0, 0xf, 0xff, 0xf2,
    0x6f, 0xff, 0xd0, 0x0, 0x0, 0x3f, 0xff, 0xf0,
    0x6f, 0xff, 0xf5, 0x0, 0x0, 0xbf, 0xff, 0xc0,
    0x6f, 0xff, 0xff, 0x95, 0x5c, 0xff, 0xff, 0x60,
    0x6f, 0xff, 0xdf, 0xff, 0xff, 0xff, 0xfc, 0x0,
    0x6f, 0xff, 0xa8, 0xff, 0xff, 0xff, 0xd1, 0x0,
    0x6f, 0xff, 0xa0, 0x5c, 0xff, 0xc7, 0x0, 0x0,
    0x6f, 0xff, 0xa0, 0x0, 0x0, 0x0, 0x0, 0x0,
    0x6f, 0xff, 0xa0, 0x0, 0x0, 0x0, 0x0, 0x0,
    0x6f, 0xff, 0xa0, 0x0, 0x0, 0x0, 0x0, 0x0,
    0x6f, 0xff, 0xa0, 0x0, 0x0, 0x0, 0x0, 0x0,
    0x6f, 0xff, 0xa0, 0x0, 0x0, 0x0, 0x0, 0x0,
    0x6f, 0xff, 0xa0, 0x0, 0x0, 0x0, 0x0, 0x0,

    /* U+0071 "q" */
    0x0, 0x0, 0x6c, 0xff, 0xd7, 0x7, 0xff, 0xf9,
    0x0, 0xb, 0xff, 0xff, 0xff, 0xb7, 0xff, 0xf9,
    0x0, 0xaf, 0xff, 0xff, 0xff, 0xfe, 0xff, 0xf9,
    0x4, 0xff, 0xff, 0xd5, 0x47, 0xff, 0xff, 0xf9,
    0xa, 0xff, 0xfd, 0x0, 0x0, 0x3f, 0xff, 0xf9,
    0xe, 0xff, 0xf5, 0x0, 0x0, 0xa, 0xff, 0xf9,
    0xf, 0xff, 0xf2, 0x0, 0x0, 0x6, 0xff, 0xf9,
    0xf, 0xff, 0xf1, 0x0, 0x0, 0x5, 0xff, 0xf9,
    0xf, 0xff, 0xf2, 0x0, 0x0, 0x6, 0xff, 0xf9,
    0xe, 0xff, 0xf6, 0x0, 0x0, 0xa, 0xff, 0xf9,
    0xa, 0xff, 0xfd, 0x0, 0x0, 0x3f, 0xff, 0xf9,
    0x4, 0xff, 0xff, 0xd6, 0x48, 0xff, 0xff, 0xf9,
    0x0, 0xaf, 0xff, 0xff, 0xff, 0xfd, 0xff, 0xf9,
    0x0, 0xb, 0xff, 0xff, 0xff, 0xa7, 0xff, 0xf9,
    0x0, 0x0, 0x6c, 0xff, 0xd7, 0x7, 0xff, 0xf9,
    0x0, 0x0, 0x0, 0x0, 0x0, 0x7, 0xff, 0xf9,
    0x0, 0x0, 0x0, 0x0, 0x0, 0x7, 0xff, 0xf9,
    0x0, 0x0, 0x0, 0x0, 0x0, 0x7, 0xff, 0xf9,
    0x0, 0x0, 0x0, 0x0, 0x0, 0x7, 0xff, 0xf9,
    0x0, 0x0, 0x0, 0x0, 0x0, 0x7, 0xff, 0xf9,
    0x0, 0x0, 0x0, 0x0, 0x0, 0x7, 0xff, 0xf9,

    /* U+0072 "r" */
    0x0, 0x0, 0x0, 0x0, 0x0, 0x6f, 0xff, 0x81,
    0xaf, 0xf7, 0x6f, 0xff, 0x8d, 0xff, 0xf7, 0x6f,
    0xff, 0xef, 0xff, 0xf7, 0x6f, 0xff, 0xff, 0x85,
    0x53, 0x6f, 0xff, 0xf4, 0x0, 0x0, 0x6f, 0xff,
    0xc0, 0x0, 0x0, 0x6f, 0xff, 0xa0, 0x0, 0x0,
    0x6f, 0xff, 0xa0, 0x0, 0x0, 0x6f, 0xff, 0xa0,
    0x0, 0x0, 0x6f, 0xff, 0xa0, 0x0, 0x0, 0x6f,
    0xff, 0xa0, 0x0, 0x0, 0x6f, 0xff, 0xa0, 0x0,
    0x0, 0x6f, 0xff, 0xa0, 0x0, 0x0, 0x6f, 0xff,
    0xa0, 0x0, 0x0, 0x6f, 0xff, 0xa0, 0x0, 0x0,

    /* U+0073 "s" */
    0x0, 0x2, 0x8c, 0xff, 0xfc, 0x81, 0x0, 0x0,
    0x6, 0xff, 0xff, 0xff, 0xff, 0xf5, 0x0, 0x3,
    0xff, 0xff, 0xfe, 0xff, 0xff, 0xf2, 0x0, 0x9f,
    0xff, 0xb1, 0x0, 0x9f, 0xff, 0x90, 0xb, 0xff,
    0xf5, 0x0, 0x0, 0xa9, 0x85, 0x0, 0x9f, 0xff,
    0xd5, 0x10, 0x0, 0x0, 0x0, 0x3, 0xff, 0xff,
    0xff, 0xeb, 0x83, 0x0, 0x0, 0x4, 0xef, 0xff,
    0xff, 0xff, 0xfb, 0x10, 0x0, 0x0, 0x59, 0xcf,
    0xff, 0xff, 0xfb, 0x0, 0x0, 0x0, 0x0, 0x3,
    0xaf, 0xff, 0xf1, 0xa, 0xbc, 0xc0, 0x0, 0x0,
    0xff, 0xff, 0x20, 0xdf, 0xff, 0xa1, 0x0, 0x7f,
    0xff, 0xf0, 0x4, 0xff, 0xff, 0xff, 0xff, 0xff,
    0xf8, 0x0, 0x6, 0xff, 0xff, 0xff, 0xff, 0xf9,
    0x0, 0x0, 0x1, 0x8c, 0xef, 0xfd, 0x93, 0x0,
    0x0,

    /* U+0074 "t" */
    0x0, 0x38, 0x88, 0x50, 0x0, 0x0, 0x6f, 0xff,
    0xa0, 0x0, 0x0, 0x6f, 0xff, 0xa0, 0x0, 0x0,
    0x6f, 0xff, 0xa0, 0x0, 0xbf, 0xff, 0xff, 0xff,
    0xf9, 0xbf, 0xff, 0xff, 0xff, 0xf9, 0xbf, 0xff,
    0xff, 0xff, 0xf9, 0x12, 0x8f, 0xff, 0xb2, 0x21,
    0x0, 0x6f, 0xff, 0xa0, 0x0, 0x0, 0x6f, 0xff,
    0xa0, 0x0, 0x0, 0x6f, 0xff, 0xa0, 0x0, 0x0,
    0x6f, 0xff, 0xa0, 0x0, 0x0, 0x6f, 0xff, 0xa0,
    0x0, 0x0, 0x6f, 0xff, 0xa0, 0x0, 0x0, 0x6f,
    0xff, 0xa0, 0x0, 0x0, 0x6f, 0xff, 0xe4, 0x31,
    0x0, 0x3f, 0xff, 0xff, 0xf8, 0x0, 0xb, 0xff,
    0xff, 0xf9, 0x0, 0x0, 0x7d, 0xff, 0xfa,

    /* U+0075 "u" */
    0x6f, 0xff, 0xa0, 0x0, 0x0, 0xcf, 0xff, 0x46,
    0xff, 0xfa, 0x0, 0x0, 0xc, 0xff, 0xf4, 0x6f,
    0xff, 0xa0, 0x0, 0x0, 0xcf, 0xff, 0x46, 0xff,
    0xfa, 0x0, 0x0, 0xc, 0xff, 0xf4, 0x6f, 0xff,
    0xa0, 0x0, 0x0, 0xcf, 0xff, 0x46, 0xff, 0xfa,
    0x0, 0x0, 0xc, 0xff, 0xf4, 0x6f, 0xff, 0xa0,
    0x0, 0x0, 0xcf, 0xff, 0x46, 0xff, 0xfa, 0x0,
    0x0, 0xc, 0xff, 0xf4, 0x6f, 0xff, 0xa0, 0x0,
    0x0, 0xcf, 0xff, 0x46, 0xff, 0xfc, 0x0, 0x0,
    0xe, 0xff, 0xf4, 0x5f, 0xff, 0xf3, 0x0, 0x6,
    0xff, 0xff, 0x41, 0xff, 0xff, 0xf9, 0x7a, 0xff,
    0xff, 0xf4, 0xb, 0xff, 0xff, 0xff, 0xff, 0xdf,
    0xff, 0x40, 0x1d, 0xff, 0xff, 0xff, 0x7a, 0xff,
    0xf4, 0x0, 0x18, 0xdf, 0xfb, 0x40, 0xaf, 0xff,
    0x40,

    /* U+0076 "v" */
    0x8f, 0xff, 0xb0, 0x0, 0x0, 0x9, 0xff, 0xfa,
    0x2f, 0xff, 0xf1, 0x0, 0x0, 0xe, 0xff, 0xf4,
    0xc, 0xff, 0xf6, 0x0, 0x0, 0x3f, 0xff, 0xe0,
    0x7, 0xff, 0xfb, 0x0, 0x0, 0x8f, 0xff, 0x80,
    0x1, 0xff, 0xff, 0x0, 0x0, 0xef, 0xff, 0x20,
    0x0, 0xbf, 0xff, 0x50, 0x3, 0xff, 0xfc, 0x0,
    0x0, 0x5f, 0xff, 0xa0, 0x8, 0xff, 0xf7, 0x0,
    0x0, 0xf, 0xff, 0xf0, 0xd, 0xff, 0xf1, 0x0,
    0x0, 0x9, 0xff, 0xf5, 0x2f, 0xff, 0xb0, 0x0,
    0x0, 0x4, 0xff, 0xf9, 0x6f, 0xff, 0x50, 0x0,
    0x0, 0x0, 0xef, 0xfd, 0xbf, 0xff, 0x0, 0x0,
    0x0, 0x0, 0x8f, 0xff, 0xff, 0xf9, 0x0, 0x0,
    0x0, 0x0, 0x2f, 0xff, 0xff, 0xf3, 0x0, 0x0,
    0x0, 0x0, 0xc, 0xff, 0xff, 0xd0, 0x0, 0x0,
    0x0, 0x0, 0x6, 0xff, 0xff, 0x80, 0x0, 0x0,

    /* U+0077 "w" */
    0x9f, 0xff, 0xa0, 0x0, 0x5, 0xff, 0xfa, 0x0,
    0x0, 0x6f, 0xff, 0xe0, 0x4f, 0xff, 0xe0, 0x0,
    0x9, 0xff, 0xfe, 0x0, 0x0, 0xaf, 0xff, 0x90,
    0xf, 0xff, 0xf2, 0x0, 0xd, 0xff, 0xff, 0x20,
    0x0, 0xef, 0xff, 0x40, 0xa, 0xff, 0xf6, 0x0,
    0x1f, 0xff, 0xff, 0x60, 0x2, 0xff, 0xff, 0x0,
    0x6, 0xff, 0xfa, 0x0, 0x5f, 0xff, 0xff, 0xa0,
    0x6, 0xff, 0xfa, 0x0, 0x1, 0xff, 0xfe, 0x0,
    0x9f, 0xfb, 0xff, 0xe0, 0xa, 0xff, 0xf6, 0x0,
    0x0, 0xcf, 0xff, 0x10, 0xdf, 0xf4, 0xff, 0xf2,
    0xd, 0xff, 0xf1, 0x0, 0x0, 0x7f, 0xff, 0x51,
    0xff, 0xf0, 0xbf, 0xf6, 0x1f, 0xff, 0xc0, 0x0,
    0x0, 0x2f, 0xff, 0x95, 0xff, 0xc0, 0x7f, 0xfa,
    0x4f, 0xff, 0x70, 0x0, 0x0, 0xe, 0xff, 0xc9,
    0xff, 0x80, 0x3f, 0xfd, 0x8f, 0xff, 0x30, 0x0,
    0x0, 0x9, 0xff, 0xfc, 0xff, 0x30, 0xe, 0xff,
    0xcf, 0xfe, 0x0, 0x0, 0x0, 0x4, 0xff, 0xff,
    0xfe, 0x0, 0xa, 0xff, 0xff, 0xf9, 0x0, 0x0,
    0x0, 0x0, 0xff, 0xff, 0xfa, 0x0, 0x5, 0xff,
    0xff, 0xf4, 0x0, 0x0, 0x0, 0x0, 0xaf, 0xff,
    0xf5, 0x0, 0x1, 0xff, 0xff, 0xf0, 0x0, 0x0,
    0x0, 0x0, 0x6f, 0xff, 0xf1, 0x0, 0x0, 0xcf,
    0xff, 0xb0, 0x0, 0x0,

    /* U+0078 "x" */
    0x1e, 0xff, 0xf6, 0x0, 0x0, 0xaf, 0xff, 0xa0,
    0x5, 0xff, 0xfe, 0x0, 0x4, 0xff, 0xfe, 0x10,
    0x0, 0xbf, 0xff, 0x80, 0xd, 0xff, 0xf5, 0x0,
    0x0, 0x1f, 0xff, 0xf2, 0x6f, 0xff, 0xb0, 0x0,
    0x0, 0x6, 0xff, 0xfa, 0xef, 0xff, 0x10, 0x0,
    0x0, 0x0, 0xcf, 0xff, 0xff, 0xf6, 0x0, 0x0,
    0x0, 0x0, 0x2f, 0xff, 0xff, 0xb0, 0x0, 0x0,
    0x0, 0x0, 0xc, 0xff, 0xff, 0x60, 0x0, 0x0,
    0x0, 0x0, 0x6f, 0xff, 0xff, 0xe1, 0x0, 0x0,
    0x0, 0x1, 0xff, 0xff, 0xff, 0xfa, 0x0, 0x0,
    0x0, 0xb, 0xff, 0xf6, 0xdf, 0xff, 0x40, 0x0,
    0x0, 0x5f, 0xff, 0xd0, 0x4f, 0xff, 0xe0, 0x0,
    0x1, 0xef, 0xff, 0x40, 0xb, 0xff, 0xf9, 0x0,
    0xa, 0xff, 0xfa, 0x0, 0x2, 0xff, 0xff, 0x40,
    0x5f, 0xff, 0xf1, 0x0, 0x0, 0x8f, 0xff, 0xd0,

    /* U+0079 "y" */
    0x8f, 0xff, 0xb0, 0x0, 0x0, 0x9, 0xff, 0xfa,
    0x2f, 0xff, 0xf1, 0x0, 0x0, 0xe, 0xff, 0xf4,
    0xc, 0xff, 0xf6, 0x0, 0x0, 0x3f, 0xff, 0xe0,
    0x6, 0xff, 0xfb, 0x0, 0x0, 0x9f, 0xff, 0x80,
    0x1, 0xff, 0xff, 0x0, 0x0, 0xef, 0xff, 0x20,
    0x0, 0xaf, 0xff, 0x50, 0x3, 0xff, 0xfc, 0x0,
    0x0, 0x4f, 0xff, 0xa0, 0x9, 0xff, 0xf6, 0x0,
    0x0, 0xe, 0xff, 0xf0, 0xe, 0xff, 0xf1, 0x0,
    0x0, 0x8, 0xff, 0xf4, 0x3f, 0xff, 0xa0, 0x0,
    0x0, 0x2, 0xff, 0xf9, 0x8f, 0xff, 0x40, 0x0,
    0x0, 0x0, 0xcf, 0xfd, 0xcf, 0xfe, 0x0, 0x0,
    0x0, 0x0, 0x6f, 0xff, 0xff, 0xf8, 0x0, 0x0,
    0x0, 0x0, 0x1f, 0xff, 0xff, 0xf2, 0x0, 0x0,
    0x0, 0x0, 0xa, 0xff, 0xff, 0xc0, 0x0, 0x0,
    0x0, 0x0, 0x5, 0xff, 0xff, 0x60, 0x0, 0x0,
    0x0, 0x0, 0x3, 0xff, 0xff, 0x10, 0x0, 0x0,
    0x0, 0x0, 0x7, 0xff, 0xfa, 0x0, 0x0, 0x0,
    0x0, 0x55, 0x6f, 0xff, 0xf4, 0x0, 0x0, 0x0,
    0x0, 0xff, 0xff, 0xff, 0xc0, 0x0, 0x0, 0x0,
    0x1, 0xff, 0xff, 0xfe, 0x20, 0x0, 0x0, 0x0,
    0x3, 0xef, 0xfe, 0x91, 0x0, 0x0, 0x0, 0x0,

    /* U+007A "z" */
    0x7f, 0xff, 0xff, 0xff, 0xff, 0xff, 0xa7, 0xff,
    0xff, 0xff, 0xff, 0xff, 0xfa, 0x7f, 0xff, 0xff,
    0xff, 0xff, 0xff, 0x92, 0x44, 0x44, 0x44, 0xaf,
    0xff, 0xe2, 0x0, 0x0, 0x0, 0x3f, 0xff, 0xf4,
    0x0, 0x0, 0x0, 0x1e, 0xff, 0xf7, 0x0, 0x0,
    0x0, 0xc, 0xff, 0xfb, 0x0, 0x0, 0x0, 0x9,
    0xff, 0xfd, 0x10, 0x0, 0x0, 0x6, 0xff, 0xff,
    0x20, 0x0, 0x0, 0x3, 0xff, 0xff, 0x50, 0x0,
    0x0, 0x1, 0xef, 0xff, 0x90, 0x0, 0x0, 0x0,
    0xcf, 0xff, 0xe4, 0x44, 0x44, 0x43, 0x7f, 0xff,
    0xff, 0xff, 0xff, 0xff, 0xc8, 0xff, 0xff, 0xff,
    0xff, 0xff, 0xfc, 0x8f, 0xff, 0xff, 0xff, 0xff,
    0xff, 0xc0,

    /* U+007B "{" */
    0x0, 0x0, 0x0, 0x0, 0x0, 0x0, 0x0, 0x0,
    0x18, 0xdf, 0xf8, 0x0, 0x0, 0x2e, 0xff, 0xff,
    0x80, 0x0, 0xb, 0xff, 0xff, 0xf8, 0x0, 0x0,
    0xff, 0xff, 0x71, 0x0, 0x0, 0x3f, 0xff, 0xd0,
    0x0, 0x0, 0x3, 0xff, 0xfa, 0x0, 0x0, 0x0,
    0x3f, 0xff, 0xa0, 0x0, 0x0, 0x3, 0xff, 0xfa,
    0x0, 0x0, 0x0, 0x5f, 0xff, 0xa0, 0x0, 0x0,
    0xc, 0xff, 0xf9, 0x0, 0x3, 0xce, 0xff, 0xff,
    0x40, 0x0, 0x4f, 0xff, 0xff, 0x70, 0x0, 0x4,
    0xff, 0xfd, 0x30, 0x0, 0x0, 0x4f, 0xff, 0xff,
    0x70, 0x0, 0x0, 0x4, 0xef, 0xff, 0x40, 0x0,
    0x0, 0x7, 0xff, 0xf9, 0x0, 0x0, 0x0, 0x3f,
    0xff, 0xa0, 0x0, 0x0, 0x3, 0xff, 0xfa, 0x0,
    0x0, 0x0, 0x3f, 0xff, 0xa0, 0x0, 0x0, 0x3,
    0xff, 0xfa, 0x0, 0x0, 0x0, 0x2f, 0xff, 0xd0,
    0x0, 0x0, 0x0, 0xff, 0xff, 0x82, 0x0, 0x0,
    0xa, 0xff, 0xff, 0xf8, 0x0, 0x0, 0x1d, 0xff,
    0xff, 0x80, 0x0, 0x0, 0x7, 0xbe, 0xf8,

    /* U+007C "|" */
    0x45, 0x54, 0xef, 0xfe, 0xef, 0xfe, 0xef, 0xfe,
    0xef, 0xfe, 0xef, 0xfe, 0xef, 0xfe, 0xef, 0xfe,
    0xef, 0xfe, 0xef, 0xfe, 0xef, 0xfe, 0xef, 0xfe,
    0xef, 0xfe, 0xef, 0xfe, 0xef, 0xfe, 0xef, 0xfe,
    0xef, 0xfe, 0xef, 0xfe, 0xef, 0xfe, 0xef, 0xfe,
    0xef, 0xfe, 0xef, 0xfe, 0xef, 0xfe, 0xef, 0xfe,
    0xef, 0xfe, 0xef, 0xfe, 0xef, 0xfe, 0xef, 0xfe,
    0xef, 0xfe, 0xef, 0xfe, 0xef, 0xfe, 0xef, 0xfe,
    0xef, 0xfe, 0xef, 0xfe,

    /* U+007D "}" */
    0x0, 0x0, 0x0, 0x0, 0x0, 0xdf, 0xeb, 0x60,
    0x0, 0x0, 0xdf, 0xff, 0xfb, 0x0, 0x0, 0xdf,
    0xff, 0xff, 0x60, 0x0, 0x2, 0xbf, 0xff, 0xb0,
    0x0, 0x0, 0x2f, 0xff, 0xd0, 0x0, 0x0, 0xf,
    0xff, 0xe0, 0x0, 0x0, 0xf, 0xff, 0xe0, 0x0,
    0x0, 0xf, 0xff, 0xe0, 0x0, 0x0, 0xf, 0xff,
    0xf0, 0x0, 0x0, 0xe, 0xff, 0xf7, 0x0, 0x0,
    0x9, 0xff, 0xff, 0xdb, 0x0, 0x0, 0xbf, 0xff,
    0xff, 0x0, 0x0, 0x7, 0xff, 0xff, 0x0, 0x0,
    0xbf, 0xff, 0xff, 0x0, 0x9, 0xff, 0xfc, 0x30,
    0x0, 0xe, 0xff, 0xf2, 0x0, 0x0, 0xf, 0xff,
    0xe0, 0x0, 0x0, 0xf, 0xff, 0xe0, 0x0, 0x0,
    0xf, 0xff, 0xe0, 0x0, 0x0, 0xf, 0xff, 0xe0,
    0x0, 0x0, 0x2f, 0xff, 0xd0, 0x0, 0x13, 0xcf,
    0xff, 0xa0, 0x0, 0xdf, 0xff, 0xff, 0x40, 0x0,
    0xdf, 0xff, 0xf9, 0x0, 0x0, 0xdf, 0xda, 0x40,
    0x0, 0x0,

    /* U+007E "~" */
    0x0, 0x1a, 0xef, 0xd6, 0x0, 0x0, 0x49, 0x96,
    0x1, 0xef, 0xff, 0xff, 0xb1, 0x0, 0xaf, 0xfa,
    0x8, 0xff, 0xff, 0xff, 0xfe, 0x79, 0xff, 0xf7,
    0xd, 0xff, 0xd6, 0x9f, 0xff, 0xff, 0xff, 0xf2,
    0xf, 0xff, 0x40, 0x4, 0xef, 0xff, 0xff, 0x80,
    0x9, 0x99, 0x10, 0x0, 0x19, 0xef, 0xd6, 0x0,

    /* U+00B0 "°" */
    0x0, 0x6, 0xab, 0x93, 0x0, 0x0, 0x1d, 0xff,
    0xff, 0xf7, 0x0, 0xc, 0xff, 0xff, 0xff, 0xf5,
    0x5, 0xff, 0xd2, 0x7, 0xff, 0xd0, 0x8f, 0xf4,
    0x0, 0xb, 0xff, 0x9, 0xff, 0x30, 0x0, 0xaf,
    0xf1, 0x6f, 0xfa, 0x0, 0x3f, 0xfe, 0x1, 0xef,
    0xfe, 0xcf, 0xff, 0x70, 0x4, 0xff, 0xff, 0xff,
    0xb0, 0x0, 0x2, 0xae, 0xfd, 0x70, 0x0
};


/*---------------------
 *  GLYPH DESCRIPTION
 *--------------------*/

static const lv_font_fmt_txt_glyph_dsc_t glyph_dsc[] = {
    {.bitmap_index = 0, .adv_w = 0, .box_w = 0, .box_h = 0, .ofs_x = 0, .ofs_y = 0} /* id = 0 reserved */,
    {.bitmap_index = 0, .adv_w = 100, .box_w = 0, .box_h = 0, .ofs_x = 0, .ofs_y = 0},
    {.bitmap_index = 0, .adv_w = 129, .box_w = 6, .box_h = 20, .ofs_x = 1, .ofs_y = 0},
    {.bitmap_index = 60, .adv_w = 227, .box_w = 10, .box_h = 8, .ofs_x = 2, .ofs_y = 12},
    {.bitmap_index = 100, .adv_w = 285, .box_w = 18, .box_h = 20, .ofs_x = 0, .ofs_y = 0},
    {.bitmap_index = 280, .adv_w = 293, .box_w = 17, .box_h = 27, .ofs_x = 1, .ofs_y = -3},
    {.bitmap_index = 510, .adv_w = 436, .box_w = 24, .box_h = 20, .ofs_x = 2, .ofs_y = 0},
    {.bitmap_index = 750, .adv_w = 295, .box_w = 19, .box_h = 20, .ofs_x = 0, .ofs_y = 0},
    {.bitmap_index = 940, .adv_w = 135, .box_w = 5, .box_h = 8, .ofs_x = 2, .ofs_y = 12},
    {.bitmap_index = 960, .adv_w = 158, .box_w = 9, .box_h = 26, .ofs_x = 1, .ofs_y = -4},
    {.bitmap_index = 1077, .adv_w = 158, .box_w = 8, .box_h = 26, .ofs_x = 0, .ofs_y = -4},
    {.bitmap_index = 1181, .adv_w = 245, .box_w = 12, .box_h = 12, .ofs_x = 2, .ofs_y = 8},
    {.bitmap_index = 1253, .adv_w = 298, .box_w = 15, .box_h = 14, .ofs_x = 2, .ofs_y = 1},
    {.bitmap_index = 1358, .adv_w = 127, .box_w = 6, .box_h = 8, .ofs_x = 1, .ofs_y = -5},
    {.bitmap_index = 1382, .adv_w = 204, .box_w = 10, .box_h = 4, .ofs_x = 1, .ofs_y = 7},
    {.bitmap_index = 1402, .adv_w = 127, .box_w = 6, .box_h = 5, .ofs_x = 1, .ofs_y = 0},
    {.bitmap_index = 1417, .adv_w = 168, .box_w = 11, .box_h = 25, .ofs_x = 0, .ofs_y = -3},
    {.bitmap_index = 1555, .adv_w = 296, .box_w = 17, .box_h = 20, .ofs_x = 1, .ofs_y = 0},
    {.bitmap_index = 1725, .adv_w = 183, .box_w = 10, .box_h = 20, .ofs_x = 0, .ofs_y = 0},
    {.bitmap_index = 1825, .adv_w = 274, .box_w = 15, .box_h = 20, .ofs_x = 1, .ofs_y = 0},
    {.bitmap_index = 1975, .adv_w = 283, .box_w = 16, .box_h = 20, .ofs_x = 1, .ofs_y = 0},
    {.bitmap_index = 2135, .adv_w = 298, .box_w = 17, .box_h = 20, .ofs_x = 1, .ofs_y = 0},
    {.bitmap_index = 2305, .adv_w = 273, .box_w = 16, .box_h = 20, .ofs_x = 1, .ofs_y = 0},
    {.bitmap_index = 2465, .adv_w = 283, .box_w = 16, .box_h = 20, .ofs_x = 1, .ofs_y = 0},
    {.bitmap_index = 2625, .adv_w = 253, .box_w = 15, .box_h = 20, .ofs_x = 0, .ofs_y = 0},
    {.bitmap_index = 2775, .adv_w = 282, .box_w = 16, .box_h = 20, .ofs_x = 1, .ofs_y = 0},
    {.bitmap_index = 2935, .adv_w = 283, .box_w = 16, .box_h = 20, .ofs_x = 1, .ofs_y = 0},
    {.bitmap_index = 3095, .adv_w = 127, .box_w = 6, .box_h = 15, .ofs_x = 1, .ofs_y = 0},
    {.bitmap_index = 3140, .adv_w = 130, .box_w = 6, .box_h = 19, .ofs_x = 1, .ofs_y = -5},
    {.bitmap_index = 3197, .adv_w = 298, .box_w = 15, .box_h = 16, .ofs_x = 2, .ofs_y = 0},
    {.bitmap_index = 3317, .adv_w = 298, .box_w = 15, .box_h = 10, .ofs_x = 2, .ofs_y = 3},
    {.bitmap_index = 3392, .adv_w = 298, .box_w = 15, .box_h = 16, .ofs_x = 2, .ofs_y = 0},
    {.bitmap_index = 3512, .adv_w = 253, .box_w = 15, .box_h = 20, .ofs_x = 0, .ofs_y = 0},
    {.bitmap_index = 3662, .adv_w = 453, .box_w = 27, .box_h = 26, .ofs_x = 1, .ofs_y = -6},
    {.bitmap_index = 4013, .adv_w = 326, .box_w = 21, .box_h = 20, .ofs_x = 0, .ofs_y = 0},
    {.bitmap_index = 4223, .adv_w = 292, .box_w = 17, .box_h = 20, .ofs_x = 1, .ofs_y = 0},
    {.bitmap_index = 4393, .adv_w = 328, .box_w = 19, .box_h = 20, .ofs_x = 1, .ofs_y = 0},
    {.bitmap_index = 4583, .adv_w = 318, .box_w = 18, .box_h = 20, .ofs_x = 1, .ofs_y = 0},
    {.bitmap_index = 4763, .adv_w = 272, .box_w = 15, .box_h = 20, .ofs_x = 1, .ofs_y = 0},
    {.bitmap_index = 4913, .adv_w = 262, .box_w = 15, .box_h = 20, .ofs_x = 1, .ofs_y = 0},
    {.bitmap_index = 5063, .adv_w = 333, .box_w = 19, .box_h = 20, .ofs_x = 1, .ofs_y = 0},
    {.bitmap_index = 5253, .adv_w = 327, .box_w = 18, .box_h = 20, .ofs_x = 1, .ofs_y = 0},
    {.bitmap_index = 5433, .adv_w = 120, .box_w = 5, .box_h = 20, .ofs_x = 1, .ofs_y = 0},
    {.bitmap_index = 5483, .adv_w = 256, .box_w = 15, .box_h = 20, .ofs_x = 0, .ofs_y = 0},
    {.bitmap_index = 5633, .adv_w = 314, .box_w = 19, .box_h = 20, .ofs_x = 1, .ofs_y = 0},
    {.bitmap_index = 5823, .adv_w = 251, .box_w = 14, .box_h = 20, .ofs_x = 1, .ofs_y = 0},
    {.bitmap_index = 5963, .adv_w = 408, .box_w = 23, .box_h = 20, .ofs_x = 1, .ofs_y = 0},
    {.bitmap_index = 6193, .adv_w = 332, .box_w = 19, .box_h = 20, .ofs_x = 1, .ofs_y = 0},
    {.bitmap_index = 6383, .adv_w = 340, .box_w = 20, .box_h = 20, .ofs_x = 1, .ofs_y = 0},
    {.bitmap_index = 6583, .adv_w = 286, .box_w = 17, .box_h = 20, .ofs_x = 1, .ofs_y = 0},
    {.bitmap_index = 6753, .adv_w = 341, .box_w = 20, .box_h = 22, .ofs_x = 1, .ofs_y = -2},
    {.bitmap_index = 6973, .adv_w = 293, .box_w = 17, .box_h = 20, .ofs_x = 1, .ofs_y = 0},
    {.bitmap_index = 7143, .adv_w = 293, .box_w = 17, .box_h = 20, .ofs_x = 1, .ofs_y = 0},
    {.bitmap_index = 7313, .adv_w = 291, .box_w = 18, .box_h = 20, .ofs_x = 0, .ofs_y = 0},
    {.bitmap_index = 7493, .adv_w = 321, .box_w = 18, .box_h = 20, .ofs_x = 1, .ofs_y = 0},
    {.bitmap_index = 7673, .adv_w = 324, .box_w = 20, .box_h = 20, .ofs_x = 0, .ofs_y = 0},
    {.bitmap_index = 7873, .adv_w = 455, .box_w = 29, .box_h = 20, .ofs_x = 0, .ofs_y = 0},
    {.bitmap_index = 8163, .adv_w = 320, .box_w = 20, .box_h = 20, .ofs_x = 0, .ofs_y = 0},
    {.bitmap_index = 8363, .adv_w = 317, .box_w = 20, .box_h = 20, .ofs_x = 0, .ofs_y = 0},
    {.bitmap_index = 8563, .adv_w = 290, .box_w = 17, .box_h = 20, .ofs_x = 1, .ofs_y = 0},
    {.bitmap_index = 8733, .adv_w = 158, .box_w = 7, .box_h = 26, .ofs_x = 2, .ofs_y = -4},
    {.bitmap_index = 8824, .adv_w = 168, .box_w = 11, .box_h = 25, .ofs_x = 0, .ofs_y = -3},
    {.bitmap_index = 8962, .adv_w = 158, .box_w = 7, .box_h = 26, .ofs_x = 1, .ofs_y = -4},
    {.bitmap_index = 9053, .adv_w = 212, .box_w = 13, .box_h = 10, .ofs_x = 0, .ofs_y = 10},
    {.bitmap_index = 9118, .adv_w = 213, .box_w = 14, .box_h = 4, .ofs_x = 0, .ofs_y = -3},
    {.bitmap_index = 9146, .adv_w = 146, .box_w = 7, .box_h = 5, .ofs_x = 1, .ofs_y = 17},
    {.bitmap_index = 9164, .adv_w = 253, .box_w = 15, .box_h = 15, .ofs_x = 0, .ofs_y = 0},
    {.bitmap_index = 9277, .adv_w = 274, .box_w = 16, .box_h = 20, .ofs_x = 1, .ofs_y = 0},
    {.bitmap_index = 9437, .adv_w = 255, .box_w = 16, .box_h = 15, .ofs_x = 0, .ofs_y = 0},
    {.bitmap_index = 9557, .adv_w = 274, .box_w = 16, .box_h = 20, .ofs_x = 0, .ofs_y = 0},
    {.bitmap_index = 9717, .adv_w = 258, .box_w = 16, .box_h = 15, .ofs_x = 0, .ofs_y = 0},
    {.bitmap_index = 9837, .adv_w = 172, .box_w = 11, .box_h = 20, .ofs_x = 0, .ofs_y = 0},
    {.bitmap_index = 9947, .adv_w = 275, .box_w = 16, .box_h = 21, .ofs_x = 0, .ofs_y = -6},
    {.bitmap_index = 10115, .adv_w = 270, .box_w = 15, .box_h = 20, .ofs_x = 1, .ofs_y = 0},
    {.bitmap_index = 10265, .adv_w = 115, .box_w = 5, .box_h = 21, .ofs_x = 1, .ofs_y = 0},
    {.bitmap_index = 10318, .adv_w = 115, .box_w = 7, .box_h = 27, .ofs_x = -1, .ofs_y = -6},
    {.bitmap_index = 10413, .adv_w = 252, .box_w = 15, .box_h = 20, .ofs_x = 1, .ofs_y = 0},
    {.bitmap_index = 10563, .adv_w = 115, .box_w = 5, .box_h = 20, .ofs_x = 1, .ofs_y = 0},
    {.bitmap_index = 10613, .adv_w = 402, .box_w = 23, .box_h = 15, .ofs_x = 1, .ofs_y = 0},
    {.bitmap_index = 10786, .adv_w = 270, .box_w = 15, .box_h = 15, .ofs_x = 1, .ofs_y = 0},
    {.bitmap_index = 10899, .adv_w = 267, .box_w = 16, .box_h = 15, .ofs_x = 0, .ofs_y = 0},
    {.bitmap_index = 11019, .adv_w = 274, .box_w = 16, .box_h = 21, .ofs_x = 1, .ofs_y = -6},
    {.bitmap_index = 11187, .adv_w = 274, .box_w = 16, .box_h = 21, .ofs_x = 0, .ofs_y = -6},
    {.bitmap_index = 11355, .adv_w = 174, .box_w = 10, .box_h = 16, .ofs_x = 1, .ofs_y = 0},
    {.bitmap_index = 11435, .adv_w = 241, .box_w = 15, .box_h = 15, .ofs_x = 0, .ofs_y = 0},
    {.bitmap_index = 11548, .adv_w = 165, .box_w = 10, .box_h = 19, .ofs_x = 0, .ofs_y = 0},
    {.bitmap_index = 11643, .adv_w = 270, .box_w = 15, .box_h = 15, .ofs_x = 1, .ofs_y = 0},
    {.bitmap_index = 11756, .adv_w = 257, .box_w = 16, .box_h = 15, .ofs_x = 0, .ofs_y = 0},
    {.bitmap_index = 11876, .adv_w = 373, .box_w = 24, .box_h = 15, .ofs_x = 0, .ofs_y = 0},
    {.bitmap_index = 12056, .adv_w = 249, .box_w = 16, .box_h = 15, .ofs_x = 0, .ofs_y = 0},
    {.bitmap_index = 12176, .adv_w = 258, .box_w = 16, .box_h = 21, .ofs_x = 0, .ofs_y = -6},
    {.bitmap_index = 12344, .adv_w = 244, .box_w = 13, .box_h = 15, .ofs_x = 1, .ofs_y = 0},
    {.bitmap_index = 12442, .adv_w = 203, .box_w = 11, .box_h = 26, .ofs_x = 1, .ofs_y = -4},
    {.bitmap_index = 12585, .adv_w = 160, .box_w = 4, .box_h = 34, .ofs_x = 3, .ofs_y = -7},
    {.bitmap_index = 12653, .adv_w = 203, .box_w = 10, .box_h = 26, .ofs_x = 1, .ofs_y = -4},
    {.bitmap_index = 12783, .adv_w = 298, .box_w = 16, .box_h = 6, .ofs_x = 1, .ofs_y = 5},
    {.bitmap_index = 12831, .adv_w = 200, .box_w = 11, .box_h = 10, .ofs_x = 1, .ofs_y = 11}
};

/*---------------------
 *  CHARACTER MAPPING
 *--------------------*/



/*Collect the unicode lists and glyph_id offsets*/
static const lv_font_fmt_txt_cmap_t cmaps[] =
{
    {
        .range_start = 32, .range_length = 95, .glyph_id_start = 1,
        .unicode_list = NULL, .glyph_id_ofs_list = NULL, .list_length = 0, .type = LV_FONT_FMT_TXT_CMAP_FORMAT0_TINY
    },
    {
        .range_start = 176, .range_length = 1, .glyph_id_start = 96,
        .unicode_list = NULL, .glyph_id_ofs_list = NULL, .list_length = 0, .type = LV_FONT_FMT_TXT_CMAP_FORMAT0_TINY
    }
};

/*-----------------
 *    KERNING
 *----------------*/


/*Map glyph_ids to kern left classes*/
static const uint8_t kern_left_class_mapping[] =
{
    0, 0, 0, 1, 0, 2, 0, 3,
    1, 4, 0, 5, 6, 7, 6, 7,
    8, 9, 10, 0, 11, 12, 13, 0,
    14, 11, 9, 15, 15, 0, 16, 17,
    18, 19, 20, 21, 22, 23, 0, 24,
    25, 26, 26, 27, 28, 29, 26, 26,
    23, 30, 23, 31, 32, 33, 27, 34,
    35, 36, 37, 38, 4, 39, 0, 5,
    40, 0, 41, 42, 42, 26, 42, 43,
    44, 41, 45, 45, 46, 26, 41, 41,
    42, 42, 44, 47, 48, 49, 50, 51,
    52, 53, 51, 54, 4, 10, 0, 55,
    5
};

/*Map glyph_ids to kern right classes*/
static const uint8_t kern_right_class_mapping[] =
{
    0, 0, 0, 1, 0, 2, 0, 3,
    1, 0, 4, 5, 6, 7, 8, 9,
    10, 11, 12, 0, 13, 14, 0, 11,
    15, 13, 0, 16, 16, 17, 18, 0,
    19, 20, 21, 22, 23, 22, 22, 22,
    23, 22, 22, 24, 22, 22, 22, 22,
    23, 22, 23, 22, 25, 26, 27, 28,
    29, 30, 31, 32, 0, 33, 4, 34,
    35, 0, 36, 22, 37, 37, 37, 38,
    37, 22, 39, 40, 22, 22, 41, 41,
    37, 41, 37, 41, 42, 43, 44, 45,
    46, 47, 45, 48, 0, 49, 4, 50,
    51
};

/*Kern values between classes*/
static const int8_t kern_class_values[] =
{
    0, 0, 0, 0, 0, 0, 0, 0,
    0, 0, 0, 0, 0, 0, 0, 0,
    0, 0, 0, 0, -35, 0, 0, -74,
    0, 0, 0, 0, 0, 0, 0, 0,
    0, 0, 0, 0, -12, 0, 0, 0,
    0, -8, 0, 0, 0, 0, 0, 0,
    0, 0, 0, 0, 0, 0, 0, 0,
    0, 0, 0, 0, 0, 0, 0, 0,
    0, 0, 0, 0, 0, 0, 0, -7,
    0, 0, 0, 0, -6, 0, 0, 0,
    -9, 0, 0, 0, 0, 0, 0, 0,
    0, 0, 0, 0, 0, 0, 0, 0,
    0, 0, 0, 0, 0, 0, 0, 0,
    0, 0, 0, 0, 0, 0, 0, 0,
    0, 0, 0, 0, 0, 0, 0, 0,
    0, 0, 0, 0, 0, 0, 0, -25,
    0, -28, -18, 0, -33, 0, 0, 0,
    0, 0, 0, 0, 0, 0, 0, 0,
    0, 0, -15, -15, 0, 0, 0, 0,
    0, 0, 0, 0, 0, 0, 0, 0,
    0, 0, 0, 0, 0, 0, 0, 0,
    0, 0, 0, 0, 0, 0, 4, 0,
    0, 0, 0, 0, 0, 0, 0, 0,
    0, 0, 0, 0, 0, -2, 0, 0,
    6, 4, 0, 0, 0, 0, 0, 0,
    0, 0, 0, 0, 0, 0, 0, 0,
    0, 0, 0, 0, 0, 0, 0, 0,
    0, 0, 0, 0, 0, 0, 0, 0,
    -42, 0, -3, -43, 0, 0, 0, 0,
    0, 0, 0, 0, 0, 0, 0, 0,
    0, 0, 0, 0, 0, 0, 0, 0,
    0, 0, 0, 0, 0, 0, 0, 0,
    0, 0, 0, 0, 0, 0, 0, 0,
    0, 0, 0, 0, 0, 0, 0, 0,
    0, 0, 0, -15, 0, 0, -20, 0,
    -34, 0, -20, -15, -20, -29, 0, 0,
    0, 0, 0, 0, 0, 0, 0, 0,
    0, 0, 0, -5, 0, -10, 0, 0,
    0, 0, 0, 0, 0, 0, 0, 0,
    0, 0, 0, 0, 0, 0, 0, 0,
    0, 0, 0, 0, 0, 0, 0, 0,
    -20, 0, 0, -15, 0, 0, 0, 0,
    -29, 0, 0, 0, 0, 0, 0, 0,
    0, 0, 0, 0, 0, 0, 0, 0,
    0, 0, 0, 0, 0, 0, 0, 0,
    0, 0, 0, 0, 0, 0, 0, 0,
    0, 0, 0, 0, 0, 0, 0, 0,
    0, -21, 0, 0, -28, 0, 0, 0,
    4, 4, 0, 0, 0, 0, 0, 0,
    0, 0, 0, 0, 0, 0, 0, 0,
    0, 0, 0, 0, 0, 0, 0, 0,
    0, 0, 0, 0, 0, 0, 0, 0,
    0, 0, 0, 0, 0, 0, 0, 0,
    0, 0, 0, 0, -8, 0, 0, 0,
    0, 0, 0, -15, 0, -18, -15, 0,
    0, 0, 0, 0, 0, 0, 0, 0,
    0, 0, 8, 0, 0, 0, 0, 0,
    0, 0, 0, 0, 0, 0, 0, 0,
    0, 0, 0, 0, 0, 0, 0, 0,
    0, 0, 0, 0, 0, 0, 0, 0,
    0, 0, 0, 0, 0, 0, 0, 0,
    0, 0, 0, 0, 0, 0, 0, 0,
    0, 0, 0, 0, 0, 4, 0, 4,
    0, 0, 0, 0, 0, 0, 0, 0,
    0, 0, 0, 0, 0, 0, 0, 0,
    0, 0, 0, 0, 0, 0, 0, 0,
    0, 0, 0, 0, 0, 0, 0, 0,
    0, 0, 0, -10, 0, 0, 0, 0,
    0, 0, 0, 0, 0, 0, 0, 0,
    0, 0, 0, 0, 0, 0, 0, 0,
    0, 0, 0, 0, 0, 0, 0, 0,
    0, 0, 0, 0, 0, 0, 0, 0,
    0, 0, 0, 0, 0, -1, 0, 0,
    0, 0, 0, 0, 0, 0, 0, 0,
    0, 0, 0, 0, 0, 0, 0, 0,
    0, 0, 0, -8, 0, 0, 0, 0,
    0, 0, 0, 0, 0, 0, 0, 0,
    0, 0, 0, 0, 0, 0, 0, 0,
    0, 0, 0, 0, 0, 0, 0, 0,
    0, 0, 0, 0, 0, 0, 0, 0,
    0, 0, 0, 0, 0, 0, 0, 0,
    0, 0, 0, 0, 0, 0, -4, 0,
    0, 0, 0, 0, 0, 0, 0, 0,
    0, 0, 0, 0, 0, 0, 0, 0,
    0, 0, 0, 0, 0, 0, 0, 0,
    0, 0, 0, -48, 0, 0, -43, 0,
    0, 0, 0, 0, 0, 0, 0, 0,
    0, 0, -20, -23, 0, 0, 0, -23,
    -23, 0, 0, 0, 0, 0, 0, 0,
    0, 0, 0, 0, 0, 0, 0, 0,
    0, 0, 0, 0, 0, 0, 0, 0,
    0, 0, 0, 0, 0, 0, 0, 0,
    0, 0, 0, -15, 0, -28, 0, 0,
    0, 0, 0, 0, 0, 0, 0, 0,
    0, 0, 0, 0, 0, 0, 0, 0,
    0, 0, 0, 0, 0, 0, 0, 0,
    0, 0, 0, 0, 0, 0, 0, 0,
    0, 0, 0, 0, 0, 0, 0, 0,
    0, -23, 0, 0, 0, 0, -20, 0,
    -30, -28, -23, -43, 0, 0, 0, 0,
    0, 0, 0, 0, 0, 0, 0, 0,
    0, -18, 0, -15, 0, 0, 0, 0,
    0, 0, 0, 0, 0, 0, 0, 0,
    0, 0, 0, 0, 0, 0, 0, 0,
    0, 0, 0, 0, -17, 0, 0, 0,
    0, -35, 0, -33, -33, -25, -41, -28,
    0, 0, 0, 0, 0, 0, 0, 0,
    0, 0, 0, 0, 0, 0, 0, 0,
    0, 0, 0, 0, 0, 0, 0, 0,
    0, 0, 0, 0, 0, 0, 0, 0,
    0, 0, 0, 0, 0, 0, 0, -28,
    0, 0, 0, 0, 0, 0, 0, 0,
    0, 0, 0, 0, 0, 0, 0, 0,
    0, 0, 0, 0, 0, 0, 0, 0,
    0, 0, 0, 0, 0, 0, 0, 0,
    0, 0, 0, 0, 0, 0, 0, 0,
    0, 0, 0, 0, 0, 0, 0, 0,
    0, 0, -18, 0, 0, 0, 0, -16,
    0, -19, -12, -26, -21, 0, 0, 0,
    0, 0, 0, 0, 0, 0, 0, 0,
    0, 0, 0, 0, 0, 0, 0, 0,
    0, -35, -7, 0, 0, -42, -15, 0,
    -15, 0, 6, -8, -35, 0, 0, 0,
    0, -17, -23, -28, -18, 6, 0, -18,
    0, -7, -42, -15, -43, -36, 0, -42,
    0, -43, -42, 0, 0, -10, -7, 0,
    0, 0, -5, -15, 0, -30, -30, 0,
    0, 0, -15, -42, 0, 0, 0, 0,
    0, 0, 0, 0, 0, 0, 0, 0,
    0, 0, 0, 0, 0, 0, 0, 0,
    0, 0, 0, 0, 0, -18, 0, 0,
    0, 0, 0, 0, 0, 0, 0, 0,
    0, 0, 0, 0, 0, 0, 0, 0,
    0, 0, 0, 0, 0, 0, 0, 0,
    0, 0, 0, 0, 0, 0, 0, 0,
    0, 0, 0, 0, 0, 0, 0, 0,
    0, 0, 0, -12, 0, 0, 0, 0,
    0, 0, 0, 0, -7, 0, 0, 0,
    0, -18, 0, 0, 0, 0, 0, 0,
    0, 0, 0, 3, 0, 0, 0, 0,
    0, 0, 0, 0, 0, 0, 0, 0,
    -20, 0, -20, -18, 0, 0, 0, 0,
    0, 0, 0, 0, 0, 0, -18, 0,
    0, 0, 0, -16, 0, -19, -12, -26,
    -21, 0, -19, 0, -18, 0, 0, 0,
    0, 0, 0, 0, 0, 0, 0, 0,
    0, 0, 0, 0, 0, 0, 0, 0,
    0, 0, 0, -18, 0, -15, -8, 0,
    0, 0, 0, 0, 0, 0, 0, 0,
    -1, -41, 0, -1, -30, 0, 0, 0,
    0, 0, 0, 0, 0, 0, 0, -15,
    -8, -7, 0, 0, 0, -6, 0, 0,
    -15, -15, 0, 0, -15, 0, 0, 0,
    0, 0, 0, 0, 0, 0, 0, 0,
    0, 0, 0, 0, 0, 0, 0, 0,
    0, 0, 0, 0, -14, 0, 0, 0,
    0, -14, 0, -10, 0, -7, -13, 0,
    -10, 0, 0, 0, 0, 0, 0, 0,
    0, 0, 0, 0, 0, 0, 0, 0,
    0, 0, 0, 0, 0, 0, 4, 0,
    0, 0, 0, 0, 0, 0, 0, 0,
    0, 0, 0, 0, 0, 0, 0, 0,
    0, 0, 0, 0, 0, 0, 0, 0,
    0, 0, 0, 0, 0, 4, 0, 0,
    0, 0, 0, 0, 0, 4, 0, 4,
    0, 0, 0, 0, 0, 0, 0, 0,
    0, 0, 0, 0, -15, 0, -15, -25,
    0, 0, 0, 0, 0, 0, 0, 0,
    0, 0, -15, 0, 0, 0, 0, 0,
    0, 0, 0, 0, 0, 0, 0, 0,
    -23, 0, 0, 0, 0, 0, 0, 0,
    0, 0, 0, 0, 0, 0, 0, 0,
    0, 0, -10, 0, 0, 0, -35, 0,
    -35, 0, 0, 0, 0, 0, 0, 0,
    0, -30, -15, 0, -21, 0, 0, -21,
    0, -10, 0, 0, 0, 0, 0, 0,
    0, 0, 0, 0, 0, -18, 0, 2,
    0, 0, 0, 0, -15, -18, -28, 0,
    0, 0, -35, 0, -41, 0, 0, 0,
    -18, -30, 0, -23, 0, 0, 0, -20,
    0, 0, 0, 0, 0, 0, -9, -13,
    0, 0, -13, 0, 0, -41, 0, -35,
    -16, 0, -51, 0, -35, -58, 0, 0,
    0, 0, 0, 0, 0, 0, -10, 0,
    -30, 0, 0, 0, 0, -18, -20, 0,
    0, -15, 0, 0, -9, -18, -9, -15,
    0, 0, 0, 0, 0, 0, 0, 0,
    0, 0, 0, -37, 0, 0, -43, 0,
    -2, 0, 0, 0, 0, 0, 0, 0,
    0, 0, -8, -8, 0, 0, 0, -1,
    0, 0, 0, 0, 0, 0, 0, 0,
    -9, 0, 0, 0, 0, 0, 0, 0,
    0, 0, 0, 0, 0, 0, 0, 0,
    0, 0, 0, 0, 0, -1, 0, 0,
    -1, 0, 0, -5, 0, -9, 0, 0,
    -13, 0, -9, 0, 0, -4, -9, 0,
    0, 0, 0, 0, 0, 0, 0, 0,
    0, 0, 0, 0, 0, 0, 0, 0,
    0, 0, 0, 0, 0, 0, 0, 0,
    0, 0, 0, -2, 0, 0, 0, 0,
    0, -7, 0, 0, 0, 0, -6, 0,
    0, 0, -9, 0, 0, 0, 0, 0,
    0, 0, 0, 0, 0, 0, 0, 0,
    0, 0, 0, 0, 0, 0, 0, 0,
    0, -3, -15, 0, 0, -29, -15, -29,
    -15, -23, -15, 0, 0, -30, -35, -15,
    -35, -15, 0, -16, -42, 0, -16, -41,
    -3, 0, 0, 0, 0, 0, 2, 0,
    0, 0, -25, -41, -46, -2, 0, 0,
    -30, -37, -35, -40, -34, -33, -18, -27,
    0, -29, 0, 0, 0, -23, 0, 0,
    -26, -43, -26, -43, -29, -15, 0, 0,
    -15, 0, -28, -33, -28, 0, -15, -43,
    0, -19, -43, 0, 0, 0, 8, 0,
    0, 0, 0, 8, 0, -35, -30, -32,
    0, 0, 0, -11, -20, 0, 0, 0,
    0, 0, 0, 0, -26, 0, 0, -3,
    -23, 0, 0, -19, -43, -19, -43, -14,
    0, 0, 0, -15, 0, -23, -33, -28,
    0, -12, -36, 0, -12, -28, -3, 0,
    0, 2, 9, 0, 0, 0, 2, 0,
    0, -26, -24, 0, 0, 0, -13, -15,
    0, 0, 0, 0, 0, 0, 0, -19,
    0, 0, -9, 0, 0, 0, -20, 0,
    -20, 0, 0, -18, 0, -10, -18, 0,
    0, -25, -23, 0, -26, 0, 0, -26,
    0, -9, -8, 0, 0, 0, 0, 0,
    0, 0, 0, 0, -25, -13, 0, 0,
    0, 0, 0, 0, 0, 0, 0, 0,
    0, 0, -15, 0, 0, 0, -28, 0,
    0, -29, -29, -29, -29, 0, 0, 0,
    0, -30, 0, -28, -46, -43, 0, -21,
    -42, 0, -21, -15, 0, 2, 0, 0,
    0, 0, 0, 0, 0, 0, 0, -50,
    -51, 0, -9, 0, -27, -30, 0, -18,
    0, 0, 0, 0, 0, -29, 0, 0,
    0, 0, 0, 0, -16, 0, -16, 0,
    0, 0, 0, 0, 0, 0, 0, -28,
    0, 0, -15, 0, 0, -15, 0, 0,
    0, 0, 0, 0, 0, 0, 0, 0,
    0, 0, 0, 0, 0, 0, 0, 0,
    0, 0, 0, 0, 0, 0, 0, 0,
    -16, 0, 0, 0, 0, 0, 0, 0,
    0, 0, 0, 0, 0, 0, 0, 0,
    0, 0, 0, 0, 0, 0, 6, 0,
    -18, 0, -7, -18, -15, -29, -26, 0,
    -42, 0, 0, 0, 0, 0, -10, -7,
    0, 0, 0, -5, -15, 0, -23, -30,
    0, 0, 0, 0, 0, 0, 0, 0,
    0, 0, 0, 0, 0, 0, 0, 0,
    0, 0, 0, 0, 0, 0, 0, 0,
    0, 0, 7, -18, 0, 0, -25, -18,
    -35, 0, 0, 0, 0, 0, 0, 0,
    0, 0, 0, 3, 43, 11, 0, 0,
    0, -35, 0, 0, 0, 0, 0, 0,
    -14, 0, 0, 0, 0, 0, 0, 0,
    0, 0, 0, -18, 0, 0, 0, 0,
    0, 0, 0, 0, 0, 0, 0, 0,
    0, -38, 0, -23, -23, 0, -43, 0,
    -23, 0, 0, 0, 0, 0, 0, 0,
    0, 0, 0, 0, -9, 0, 0, 0,
    0, 0, 0, -14, 0, 0, -6, 0,
    0, 0, 0, 0, 0, 0, -15, 0,
    0, 0, 0, 0, 0, 0, 0, -13,
    0, 0, 0, 0, -45, 0, -32, -24,
    -13, -52, 0, -32, 0, 0, 4, 0,
    0, 0, 0, 0, 0, 0, 0, -8,
    -6, -11, -10, 0, 0, 0, 0, 0,
    0, 0, 0, -9, -25, -9, -25, -6,
    0, 0, 0, -28, 0, 0, 0, 0,
    0, 0, -15, 0, 0, -28, 0, 0,
    0, 0, 0, 0, 2, 0, 0, 0,
    -6, -9, -7, -21, 2, 2, 0, -8,
    -18, 0, 1, 10, 0, 0, 0, -9,
    0, 0, 0, 0, 0, 0, 0, 0,
    0, 0, 0, 0, 0, 0, 0, 0,
    0, 0, 0, 0, 0, 0, 0, 0,
    0, 0, -23, 0, 0, 0, 0, 0,
    0, 0, 0, 0, 0, 0, 0, 0,
    4, 0, 0, 0, 0, 0, 0, 0,
    0, 0, 0, 0, 0, 0, 0, 4,
    0, 0, 0, 0, 0, 0, 0, 0,
    0, 0, 0, 0, 0, 0, 0, 0,
    0, 0, 0, 0, 0, 0, 0, 0,
    0, 0, 0, 0, 0, 0, 0, 0,
    0, 0, 0, 0, 0, 0, 2, 0,
    0, 0, 0, 0, 0, 0, 0, 0,
    0, 0, 0, 0, -26, 0, -26, 0,
    0, 0, 0, 0, -20, 0, 0, -38,
    0, 0, 0, 0, 0, 0, 0, 0,
    -25, 0, 0, 0, 0, 0, 0, 0,
    0, 0, 0, -10, 0, 0, 0, 0,
    0, 0, 0, 4, 0, 0, 0, 0,
    -26, 0, 0, 0, 0, 0, 0, -12,
    -28, -12, -28, -14, 0, 0, 0, 0,
    0, 0, -14, 0, 0, 0, -18, 3,
    0, -25, 0, -25, 0, 0, 0, 0,
    0, -15, 0, 0, 0, -5, -6, 9,
    2, 4, 4, 0, 9, 0, 7, 5,
    6, 0, 3, -12, 0, -8, 0, 0,
    0, 0, 0, 0, 0, 0, 0, 0,
    0, 0, 0, 0, 0, 0, 0, 0,
    0, 0, 0, 0, 0, 0, -33, 0,
    -20, -15, 0, -33, 0, -20, 0, 0,
    0, 0, 0, 0, 0, 0, 0, 2,
    0, -3, 0, 0, 0, 0, 0, 0,
    0, 0, 0, 0, 0, -7, 0, -7,
    0, 0, 0, 0, 0, -3, 0, 0,
    -13, 0, 0, 0, 0, 0, 0, 0,
    0, -15, 0, -2, -2, 0, -3, 0,
    -2, 0, 0, 3, -4, -16, 0, 3,
    0, -3, -12, 0, 11, 10, 0, 0,
    0, -7, 0, 0, 0, 0, 0, 0,
    -16, 0, -16, 0, -15, 0, 0, 0,
    0, 0, 0, -18, 0, 0, 0, 0,
    0, 0, 0, 0, -23, 0, 0, 0,
    0, -25, 0, 0, 0, -15, 0, 0,
    0, 0, 0, 0, 0, 0, 0, 0,
    0, 0, 0, 0, -16, 0, 0, 0,
    0, 0, 0, -13, -25, -13, -25, -25,
    0, 0, 0, 0, 0, 0, -15, -18,
    0, 0, -30, 2, 0, -28, 0, -15,
    0, 0, 0, 0, -15, 0, 0, 0,
    -35, -6, -8, 7, 0, 0, 0, -2,
    8, 0, 0, 0, 0, 0, 2, -13,
    0, 0, 0, -15, 0, 0, 0, -33,
    0, -33, 0, 0, 0, 0, 0, 0,
    0, 0, 0, 0, 0, -30, 0, 0,
    -25, 0, -23, 0, 0, 0, 0, 0,
    -15, 0, 0, 0, -3, -6, 0, 0,
    0, 0, 0, 0, 0, 0, 0, 0,
    0, 0, 0, 0, 0, 0, 0, 0,
    0, -10, 0, -10, 0, 0, 0, 0,
    0, 0, 0, 0, 0, -15, 0, 0,
    0, 0, 0, 0, 0, -14, 0, 0,
    0, 0, 0, 0, 0, 0, 0, -3,
    -11, 7, 0, 0, 0, 0, 7, 0,
    0, 0, 0, 0, 0, -10, 0, 0,
    0, 0, 0, 0, 0, 0, 0, 0,
    0, 0, 0, 0, 0, 0, 0, 0,
    0, 0, 0, 0, 0, 0, 0, 0,
    -15, 0, 0, 0, 0, 0, 0, 0,
    0, 0, 0, -10, 0, 0, 0, 0,
    0, 0, 0, 0, 0, 0, 0, 0,
    0, 0, 0, 0, 0, 0, 0, 0,
    0, 0, 0, 0, 0, 0, 0, 0,
    0, 0, 0, 0, 0, 0, -15, 0,
    0, -20, 0, -34, 0, -20, -15, -18,
    -29, 0, 0, 0, 0, 0, 0, 0,
    0, 0, 0, 0, 0, 0, -5, 0,
    -10, 0, 0, 0, 0
};


/*Collect the kern class' data in one place*/
static const lv_font_fmt_txt_kern_classes_t kern_classes =
{
    .class_pair_values   = kern_class_values,
    .left_class_mapping  = kern_left_class_mapping,
    .right_class_mapping = kern_right_class_mapping,
    .left_class_cnt      = 55,
    .right_class_cnt     = 51,
};

/*--------------------
 *  ALL CUSTOM DATA
 *--------------------*/

#if LVGL_VERSION_MAJOR == 8
/*Store all the custom data of the font*/
static  lv_font_fmt_txt_glyph_cache_t cache;
#endif

#if LVGL_VERSION_MAJOR >= 8
static const lv_font_fmt_txt_dsc_t font_dsc = {
#else
static lv_font_fmt_txt_dsc_t font_dsc = {
#endif
    .glyph_bitmap = glyph_bitmap,
    .glyph_dsc = glyph_dsc,
    .cmaps = cmaps,
    .kern_dsc = &kern_classes,
    .kern_scale = 16,
    .cmap_num = 2,
    .bpp = 4,
    .kern_classes = 1,
    .bitmap_format = 0,
#if LVGL_VERSION_MAJOR == 8
    .cache = &cache
#endif
};



/*-----------------
 *  PUBLIC FONT
 *----------------*/

/*Initialize a public general font descriptor*/
#if LVGL_VERSION_MAJOR >= 8
const lv_font_t ui_studio_font_28 = {
#else
lv_font_t ui_studio_font_28 = {
#endif
    .get_glyph_dsc = lv_font_get_glyph_dsc_fmt_txt,    /*Function pointer to get glyph's data*/
    .get_glyph_bitmap = lv_font_get_bitmap_fmt_txt,    /*Function pointer to get glyph's bitmap*/
    .line_height = 34,          /*The maximum line height required by the font*/
    .base_line = 7,             /*Baseline measured from the bottom of the line*/
#if !(LVGL_VERSION_MAJOR == 6 && LVGL_VERSION_MINOR == 0)
    .subpx = LV_FONT_SUBPX_NONE,
#endif
#if LV_VERSION_CHECK(7, 4, 0) || LVGL_VERSION_MAJOR >= 8
    .underline_position = -3,
    .underline_thickness = 3,
#endif
    .dsc = &font_dsc,          /*The custom font data. Will be accessed by `get_glyph_bitmap/dsc` */
#if LV_VERSION_CHECK(8, 2, 0) || LVGL_VERSION_MAJOR >= 9
    .fallback = NULL,
#endif
    .user_data = NULL,
};



#endif /*#if UI_STUDIO_FONT_28*/

